College Name,Branch,OC,BC,BCM,MBC,SC,SCA,ST,District
"A V S College of Technology, Attur Main Road, Near AVS College of Arts & Science, Chinnagoundapuram, Salem-636106. (2347)",AGRICULTURAL ENGINEERING (AG),109.0,106.5,,100.5,,,,Salem
"A V S College of Technology, Attur Main Road, Near AVS College of Arts & Science, Chinnagoundapuram, Salem-636106. (2347)",Artificial Intelligence and Data Science (AD),142.5,87.0,141.5,112.5,122.0,,,Salem
"A V S College of Technology, Attur Main Road, Near AVS College of Arts & Science, Chinnagoundapuram, Salem-636106. (2347)",COMPUTER SCIENCE AND ENGINEERING (CS),127.0,82.0,116.0,111.0,123.5,,,Salem
"A V S College of Technology, Attur Main Road, Near AVS College of Arts & Science, Chinnagoundapuram, Salem-636106. (2347)",ELECTRICAL AND ELECTRONICS ENGINEERING (EE),130.5,88.0,116.5,112.0,99.5,,,Salem
"A V S College of Technology, Attur Main Road, Near AVS College of Arts & Science, Chinnagoundapuram, Salem-636106. (2347)",ELECTRONICS AND COMMUNICATION ENGINEERING (EC),119.0,95.0,102.5,103.0,,,,Salem
"A V S College of Technology, Attur Main Road, Near AVS College of Arts & Science, Chinnagoundapuram, Salem-636106. (2347)",INFORMATION TECHNOLOGY (IT),122.0,90.0,116.5,104.5,,,,Salem
"A V S College of Technology, Attur Main Road, Near AVS College of Arts & Science, Chinnagoundapuram, Salem-636106. (2347)",MECHANICAL ENGINEERING (ME),114.5,84.0,,103.0,81.5,,,Salem
"A.K.T.Memorial College of Engineering and Technology, Neelamangalam( Post ), Kallakurichi Taluk, Villupuram District-606202. (1441)",Artificial Intelligence and Data Science (AD),128.5,104.5,124.5,88.5,116.0,,,Kallakurichi
"A.K.T.Memorial College of Engineering and Technology, Neelamangalam( Post ), Kallakurichi Taluk, Villupuram District-606202. (1441)",CIVIL  ENGINEERING (CE),88.5,,,,,,,Kallakurichi
"A.K.T.Memorial College of Engineering and Technology, Neelamangalam( Post ), Kallakurichi Taluk, Villupuram District-606202. (1441)",COMPUTER SCIENCE AND ENGINEERING (CS),120.0,85.0,107.0,99.5,96.5,,,Kallakurichi
"A.K.T.Memorial College of Engineering and Technology, Neelamangalam( Post ), Kallakurichi Taluk, Villupuram District-606202. (1441)",ELECTRICAL AND ELECTRONICS ENGINEERING (EE),89.5,80.5,,83.5,,,,Kallakurichi
"A.K.T.Memorial College of Engineering and Technology, Neelamangalam( Post ), Kallakurichi Taluk, Villupuram District-606202. (1441)",ELECTRONICS AND COMMUNICATION ENGINEERING (EC),117.5,109.5,,90.5,96.5,,,Kallakurichi
"A.K.T.Memorial College of Engineering and Technology, Neelamangalam( Post ), Kallakurichi Taluk, Villupuram District-606202. (1441)",INFORMATION TECHNOLOGY (IT),118.0,94.0,,90.0,112.0,,,Kallakurichi
"A.K.T.Memorial College of Engineering and Technology, Neelamangalam( Post ), Kallakurichi Taluk, Villupuram District-606202. (1441)",MECHANICAL ENGINEERING (ME),93.5,,,,,,,Kallakurichi
"A.R College of Engineering and Technology, Kadayam - Alangulam Road, Near Railway Station, Kadayam, Therkkumadathur, Tirunelveli-627423. (4937)",CIVIL  ENGINEERING (CE),,,,,,,,Tirunelveli
"A.R College of Engineering and Technology, Kadayam - Alangulam Road, Near Railway Station, Kadayam, Therkkumadathur, Tirunelveli-627423. (4937)",COMPUTER SCIENCE AND ENGINEERING (CS),,,,,,,,Tirunelveli
"A.R College of Engineering and Technology, Kadayam - Alangulam Road, Near Railway Station, Kadayam, Therkkumadathur, Tirunelveli-627423. (4937)",ELECTRICAL AND ELECTRONICS ENGINEERING (EE),,,,,,,,Tirunelveli
"A.R College of Engineering and Technology, Kadayam - Alangulam Road, Near Railway Station, Kadayam, Therkkumadathur, Tirunelveli-627423. (4937)",ELECTRONICS AND COMMUNICATION ENGINEERING (EC),,,,,,,,Tirunelveli
"A.R College of Engineering and Technology, Kadayam - Alangulam Road, Near Railway Station, Kadayam, Therkkumadathur, Tirunelveli-627423. (4937)",MECHANICAL ENGINEERING (ME),,,,,,,,Tirunelveli
"A.R.Engineering College, Vadakuchipalayam, Kappiyampuliyur post, Villupuram-605601. (1436)",Artificial Intelligence and Data Science (AD),85.5,,,,,,,Villupuram
"A.R.Engineering College, Vadakuchipalayam, Kappiyampuliyur post, Villupuram-605601. (1436)",CIVIL  ENGINEERING (CE),,,,,,,,Villupuram
"A.R.Engineering College, Vadakuchipalayam, Kappiyampuliyur post, Villupuram-605601. (1436)",COMPUTER SCIENCE AND ENGINEERING (CS),83.5,,,,,,,Villupuram
"A.R.Engineering College, Vadakuchipalayam, Kappiyampuliyur post, Villupuram-605601. (1436)",ELECTRICAL AND ELECTRONICS ENGINEERING (EE),91.5,,,,,,,Villupuram
"A.R.Engineering College, Vadakuchipalayam, Kappiyampuliyur post, Villupuram-605601. (1436)",ELECTRONICS AND COMMUNICATION ENGINEERING (EC),121.0,,,,,,,Villupuram
"A.R.Engineering College, Vadakuchipalayam, Kappiyampuliyur post, Villupuram-605601. (1436)",MECHANICAL ENGINEERING (ME),,,,,,,,Villupuram
"A.R.J College of Engineering and Technology, Thirumakkottai Main Road, Edayarnatham Village, Sundarakkottai (PO), Mannargudi Taluk, Thiruvarur-614001. (3821)",AGRICULTURAL ENGINEERING (AG),134.5,,,,,,,Other
"A.R.J College of Engineering and Technology, Thirumakkottai Main Road, Edayarnatham Village, Sundarakkottai (PO), Mannargudi Taluk, Thiruvarur-614001. (3821)",Artificial Intelligence and Data Science (AD),108.0,96.5,98.0,,,,,Other
"A.R.J College of Engineering and Technology, Thirumakkottai Main Road, Edayarnatham Village, Sundarakkottai (PO), Mannargudi Taluk, Thiruvarur-614001. (3821)",BIO MEDICAL ENGINEERING (BM),89.5,,,,,,,Other
"A.R.J College of Engineering and Technology, Thirumakkottai Main Road, Edayarnatham Village, Sundarakkottai (PO), Mannargudi Taluk, Thiruvarur-614001. (3821)",CIVIL  ENGINEERING (CE),,,,,,,,Other
"A.R.J College of Engineering and Technology, Thirumakkottai Main Road, Edayarnatham Village, Sundarakkottai (PO), Mannargudi Taluk, Thiruvarur-614001. (3821)",COMPUTER SCIENCE AND ENGINEERING (CS),86.5,,,,,,,Other
"A.R.J College of Engineering and Technology, Thirumakkottai Main Road, Edayarnatham Village, Sundarakkottai (PO), Mannargudi Taluk, Thiruvarur-614001. (3821)",ELECTRICAL AND ELECTRONICS ENGINEERING (EE),113.5,,,,,,,Other
"A.R.J College of Engineering and Technology, Thirumakkottai Main Road, Edayarnatham Village, Sundarakkottai (PO), Mannargudi Taluk, Thiruvarur-614001. (3821)",ELECTRONICS AND COMMUNICATION ENGINEERING (EC),90.5,82.5,87.0,83.5,,,,Other
"A.R.J College of Engineering and Technology, Thirumakkottai Main Road, Edayarnatham Village, Sundarakkottai (PO), Mannargudi Taluk, Thiruvarur-614001. (3821)",MECHANICAL ENGINEERING (ME),105.0,,,,,,,Other
"A.V.C. College of Engineering, Mannampandal, Mayiladuthurai, Nagapattinam-609305. (3801)",Artificial Intelligence and Data Science (AD),168.5,134.5,167.5,138.5,101.0,,,Mayiladuthurai
"A.V.C. College of Engineering, Mannampandal, Mayiladuthurai, Nagapattinam-609305. (3801)",CIVIL  ENGINEERING (CE),117.0,,,96.5,95.5,,,Mayiladuthurai
"A.V.C. College of Engineering, Mannampandal, Mayiladuthurai, Nagapattinam-609305. (3801)",COMPUTER SCIENCE AND ENGINEERING (CS),165.0,125.0,152.5,145.5,105.0,101.5,,Mayiladuthurai
"A.V.C. College of Engineering, Mannampandal, Mayiladuthurai, Nagapattinam-609305. (3801)",ELECTRICAL AND ELECTRONICS ENGINEERING (EE),129.5,102.5,,121.0,103.0,,,Mayiladuthurai
"A.V.C. College of Engineering, Mannampandal, Mayiladuthurai, Nagapattinam-609305. (3801)",ELECTRONICS AND COMMUNICATION ENGINEERING (EC),147.5,98.5,143.5,136.5,106.0,,,Mayiladuthurai
"A.V.C. College of Engineering, Mannampandal, Mayiladuthurai, Nagapattinam-609305. (3801)",INFORMATION TECHNOLOGY (IT),163.0,125.5,150.0,143.5,83.0,,,Mayiladuthurai
"A.V.C. College of Engineering, Mannampandal, Mayiladuthurai, Nagapattinam-609305. (3801)",INSTRUMENTATION AND CONTROL ENGINEERING (IC),119.0,,,105.0,,,,Mayiladuthurai
"A.V.C. College of Engineering, Mannampandal, Mayiladuthurai, Nagapattinam-609305. (3801)",MECHANICAL ENGINEERING (ME),114.5,,,106.5,109.5,,,Mayiladuthurai
"AAA College of Engineering and Technology, Amathur Village, Sivakasi, Virudhunagar-626123. (4680)",Artificial Intelligence and Data Science (AD),162.5,135.0,,144.0,101.0,95.0,,Virudhunagar
"AAA College of Engineering and Technology, Amathur Village, Sivakasi, Virudhunagar-626123. (4680)",CIVIL  ENGINEERING (CE),124.0,102.5,115.0,,98.0,,,Virudhunagar
"AAA College of Engineering and Technology, Amathur Village, Sivakasi, Virudhunagar-626123. (4680)",COMPUTER SCIENCE AND ENGINEERING (CS),154.5,140.5,136.5,120.5,115.0,122.5,,Virudhunagar
"AAA College of Engineering and Technology, Amathur Village, Sivakasi, Virudhunagar-626123. (4680)",Computer Science and Engineering (Cyber Security) (SC),144.0,136.0,,119.5,114.5,96.5,,Virudhunagar
"AAA College of Engineering and Technology, Amathur Village, Sivakasi, Virudhunagar-626123. (4680)",ELECTRICAL AND ELECTRONICS ENGINEERING (EE),138.0,108.0,134.5,104.5,99.5,116.5,,Virudhunagar
"AAA College of Engineering and Technology, Amathur Village, Sivakasi, Virudhunagar-626123. (4680)",ELECTRONICS AND COMMUNICATION ENGINEERING (EC),163.5,142.5,,120.0,122.0,123.0,,Virudhunagar
"AAA College of Engineering and Technology, Amathur Village, Sivakasi, Virudhunagar-626123. (4680)",INFORMATION TECHNOLOGY (IT),144.0,134.0,123.0,113.5,108.0,84.5,,Virudhunagar
"AAA College of Engineering and Technology, Amathur Village, Sivakasi, Virudhunagar-626123. (4680)",MECHANICAL ENGINEERING (ME),118.0,84.5,,94.0,92.0,118.0,,Virudhunagar
"Aalim Muhammed Salegh College of Engineering, Nizara Educational Campus Muthapudupet, Avadi - IAF, Chennai-600055. (1101)",Artificial Intelligence and Data Science (AD),152.5,117.0,150.5,109.5,125.0,,,Chennai
"Aalim Muhammed Salegh College of Engineering, Nizara Educational Campus Muthapudupet, Avadi - IAF, Chennai-600055. (1101)",COMPUTER SCIENCE AND BUSSINESS SYSTEM (CB),134.5,98.0,134.5,111.0,,,,Chennai
"Aalim Muhammed Salegh College of Engineering, Nizara Educational Campus Muthapudupet, Avadi - IAF, Chennai-600055. (1101)",COMPUTER SCIENCE AND ENGINEERING (CS),148.0,89.0,145.0,96.5,130.0,,,Chennai
"Aalim Muhammed Salegh College of Engineering, Nizara Educational Campus Muthapudupet, Avadi - IAF, Chennai-600055. (1101)",COMPUTER SCIENCE AND ENGINEERING (AI AND MACHINE LEARNING) (AM),147.5,100.5,145.5,120.0,105.5,,,Chennai
"Aalim Muhammed Salegh College of Engineering, Nizara Educational Campus Muthapudupet, Avadi - IAF, Chennai-600055. (1101)",Computer Science and Engineering (Cyber Security) (SC),137.5,106.0,136.0,126.0,108.0,,,Chennai
"Aalim Muhammed Salegh College of Engineering, Nizara Educational Campus Muthapudupet, Avadi - IAF, Chennai-600055. (1101)",ELECTRICAL AND ELECTRONICS ENGINEERING (EE),119.5,101.5,,,,,,Chennai
"Aalim Muhammed Salegh College of Engineering, Nizara Educational Campus Muthapudupet, Avadi - IAF, Chennai-600055. (1101)",ELECTRONICS AND COMMUNICATION ENGINEERING (EC),138.0,94.5,137.0,100.5,,,,Chennai
"Aalim Muhammed Salegh College of Engineering, Nizara Educational Campus Muthapudupet, Avadi - IAF, Chennai-600055. (1101)",INFORMATION TECHNOLOGY (IT),142.5,105.5,137.5,130.5,87.0,,,Chennai
"Aalim Muhammed Salegh College of Engineering, Nizara Educational Campus Muthapudupet, Avadi - IAF, Chennai-600055. (1101)",MECHANICAL ENGINEERING (ME),105.5,,,,,,,Chennai
"Adhi College of Engineering and Technology, No. 6, Munu  Adhi Nagar, Sankarapuram, Puliambakkam Post, Near Wallajabad Kancheepuram-631605. (1233)",Artificial Intelligence and Data Science (AD),139.5,112.5,,130.0,126.0,,,Kancheepuram
"Adhi College of Engineering and Technology, No. 6, Munu  Adhi Nagar, Sankarapuram, Puliambakkam Post, Near Wallajabad Kancheepuram-631605. (1233)",COMPUTER SCIENCE AND ENGINEERING (CS),132.5,90.5,,97.5,98.5,,,Kancheepuram
"Adhi College of Engineering and Technology, No. 6, Munu  Adhi Nagar, Sankarapuram, Puliambakkam Post, Near Wallajabad Kancheepuram-631605. (1233)",ELECTRICAL AND ELECTRONICS ENGINEERING (EE),81.0,,,,,,,Kancheepuram
"Adhi College of Engineering and Technology, No. 6, Munu  Adhi Nagar, Sankarapuram, Puliambakkam Post, Near Wallajabad Kancheepuram-631605. (1233)",ELECTRONICS AND COMMUNICATION ENGINEERING (EC),115.0,89.5,99.5,87.5,100.0,,113.0,Kancheepuram
"Adhi College of Engineering and Technology, No. 6, Munu  Adhi Nagar, Sankarapuram, Puliambakkam Post, Near Wallajabad Kancheepuram-631605. (1233)",INFORMATION TECHNOLOGY (IT),139.0,114.5,,126.5,102.5,,,Kancheepuram
"Adhi College of Engineering and Technology, No. 6, Munu  Adhi Nagar, Sankarapuram, Puliambakkam Post, Near Wallajabad Kancheepuram-631605. (1233)",MECHANICAL ENGINEERING (ME),86.5,,,,,,,Kancheepuram
"Adhiparasakthi College of Engineering, G.B.Nagar, Kalavai, Arcot Taluk, Vellore District-632506. (1501)",Artificial Intelligence and Data Science (AD),140.5,90.5,128.0,128.5,124.5,,,Vellore
"Adhiparasakthi College of Engineering, G.B.Nagar, Kalavai, Arcot Taluk, Vellore District-632506. (1501)",CIVIL  ENGINEERING (CE),105.0,,,,,,,Vellore
"Adhiparasakthi College of Engineering, G.B.Nagar, Kalavai, Arcot Taluk, Vellore District-632506. (1501)",COMPUTER SCIENCE AND ENGINEERING (CS),145.5,135.0,,127.5,104.0,,,Vellore
"Adhiparasakthi College of Engineering, G.B.Nagar, Kalavai, Arcot Taluk, Vellore District-632506. (1501)",Computer Science and Engineering (Cyber Security) (SC),127.5,111.0,,110.0,,,,Vellore
"Adhiparasakthi College of Engineering, G.B.Nagar, Kalavai, Arcot Taluk, Vellore District-632506. (1501)",ELECTRICAL AND ELECTRONICS ENGINEERING (EE),114.5,82.5,,109.0,106.5,,,Vellore
"Adhiparasakthi College of Engineering, G.B.Nagar, Kalavai, Arcot Taluk, Vellore District-632506. (1501)",ELECTRONICS AND COMMUNICATION ENGINEERING (EC),140.5,114.0,139.0,127.5,116.0,,,Vellore
"Adhiparasakthi College of Engineering, G.B.Nagar, Kalavai, Arcot Taluk, Vellore District-632506. (1501)",INFORMATION TECHNOLOGY (IT),143.0,125.5,106.5,123.0,110.5,,,Vellore
"Adhiparasakthi College of Engineering, G.B.Nagar, Kalavai, Arcot Taluk, Vellore District-632506. (1501)",MECHANICAL ENGINEERING (ME),111.5,99.0,,100.5,,,,Vellore
"Adhiparasakthi Engineering College, Melmaruvathur, Cheyyur Taluk, Kancheepuram District-603319. (1401)",CHEMICAL  ENGINEERING (CH),92.5,,,,,,,Kancheepuram
"Adhiparasakthi Engineering College, Melmaruvathur, Cheyyur Taluk, Kancheepuram District-603319. (1401)",CIVIL  ENGINEERING (CE),84.0,,,,,,,Kancheepuram
"Adhiparasakthi Engineering College, Melmaruvathur, Cheyyur Taluk, Kancheepuram District-603319. (1401)",COMPUTER SCIENCE AND ENGINEERING (CS),151.5,116.5,124.0,131.5,109.5,107.0,,Kancheepuram
"Adhiparasakthi Engineering College, Melmaruvathur, Cheyyur Taluk, Kancheepuram District-603319. (1401)",COMPUTER SCIENCE AND ENGINEERING (AI AND MACHINE LEARNING) (AM),150.5,111.5,146.5,133.0,111.5,,,Kancheepuram
"Adhiparasakthi Engineering College, Melmaruvathur, Cheyyur Taluk, Kancheepuram District-603319. (1401)",ELECTRICAL AND ELECTRONICS ENGINEERING (EE),93.5,,,,,,,Kancheepuram
"Adhiparasakthi Engineering College, Melmaruvathur, Cheyyur Taluk, Kancheepuram District-603319. (1401)",ELECTRONICS AND COMMUNICATION ENGINEERING (EC),125.0,108.0,89.0,95.5,110.0,,,Kancheepuram
"Adhiparasakthi Engineering College, Melmaruvathur, Cheyyur Taluk, Kancheepuram District-603319. (1401)",INFORMATION TECHNOLOGY (IT),146.5,124.5,119.0,131.0,91.5,,,Kancheepuram
"Adhiparasakthi Engineering College, Melmaruvathur, Cheyyur Taluk, Kancheepuram District-603319. (1401)",MECHANICAL ENGINEERING (ME),88.5,,,,,,,Kancheepuram
"Adhiyamaan College of Engineering (Autonomous), Aeri Campus, Dr.M.G.R.Nagar, Hosur, Krishnagiri District-635109. (2601)",AERONAUTICAL ENGINEERING (AE),83.5,,,,,,,Krishnagiri
"Adhiyamaan College of Engineering (Autonomous), Aeri Campus, Dr.M.G.R.Nagar, Hosur, Krishnagiri District-635109. (2601)",Artificial Intelligence and Data Science (AD),160.0,142.5,138.5,144.5,119.0,,,Krishnagiri
"Adhiyamaan College of Engineering (Autonomous), Aeri Campus, Dr.M.G.R.Nagar, Hosur, Krishnagiri District-635109. (2601)",BIO MEDICAL ENGINEERING (BM),116.5,91.0,,96.0,,,,Krishnagiri
"Adhiyamaan College of Engineering (Autonomous), Aeri Campus, Dr.M.G.R.Nagar, Hosur, Krishnagiri District-635109. (2601)",BIO TECHNOLOGY (BT),136.5,99.5,122.5,117.5,103.5,,,Krishnagiri
"Adhiyamaan College of Engineering (Autonomous), Aeri Campus, Dr.M.G.R.Nagar, Hosur, Krishnagiri District-635109. (2601)",CHEMICAL  ENGINEERING (CH),86.0,,,,,,,Krishnagiri
"Adhiyamaan College of Engineering (Autonomous), Aeri Campus, Dr.M.G.R.Nagar, Hosur, Krishnagiri District-635109. (2601)",CIVIL  ENGINEERING (CE),100.5,,,,,,,Krishnagiri
"Adhiyamaan College of Engineering (Autonomous), Aeri Campus, Dr.M.G.R.Nagar, Hosur, Krishnagiri District-635109. (2601)",COMPUTER SCIENCE AND ENGINEERING (CS),161.0,142.0,148.5,136.0,105.5,112.0,,Krishnagiri
"Adhiyamaan College of Engineering (Autonomous), Aeri Campus, Dr.M.G.R.Nagar, Hosur, Krishnagiri District-635109. (2601)",Computer Science and Engineering (Cyber Security) (SC),145.5,134.5,142.5,129.0,105.0,,,Krishnagiri
"Adhiyamaan College of Engineering (Autonomous), Aeri Campus, Dr.M.G.R.Nagar, Hosur, Krishnagiri District-635109. (2601)",ELECTRICAL AND ELECTRONICS ENGINEERING (EE),122.5,110.5,,107.5,101.0,,,Krishnagiri
"Adhiyamaan College of Engineering (Autonomous), Aeri Campus, Dr.M.G.R.Nagar, Hosur, Krishnagiri District-635109. (2601)",ELECTRONICS AND COMMUNICATION ENGINEERING (EC),148.0,128.0,136.0,131.0,89.0,,,Krishnagiri
"Adhiyamaan College of Engineering (Autonomous), Aeri Campus, Dr.M.G.R.Nagar, Hosur, Krishnagiri District-635109. (2601)",INFORMATION TECHNOLOGY (IT),151.0,140.5,145.0,138.5,101.5,136.5,,Krishnagiri
"Adhiyamaan College of Engineering (Autonomous), Aeri Campus, Dr.M.G.R.Nagar, Hosur, Krishnagiri District-635109. (2601)",MECHANICAL ENGINEERING (ME),110.5,95.5,,92.5,,,,Krishnagiri
"Adithya Institute of Technology (Autonomous), S.F.No. 348/1,349/1, Kurumbapalayam, SS Kulam(PO), Coimbatore-641107. (2744)",Artificial Intelligence and Data Science (AD),158.0,148.0,156.0,144.5,,,,Coimbatore
"Adithya Institute of Technology (Autonomous), S.F.No. 348/1,349/1, Kurumbapalayam, SS Kulam(PO), Coimbatore-641107. (2744)",CIVIL  ENGINEERING (CE),112.5,,,99.0,84.0,106.0,,Coimbatore
"Adithya Institute of Technology (Autonomous), S.F.No. 348/1,349/1, Kurumbapalayam, SS Kulam(PO), Coimbatore-641107. (2744)",COMPUTER SCIENCE AND ENGINEERING (CS),159.0,147.5,139.5,142.5,,,,Coimbatore
"Adithya Institute of Technology (Autonomous), S.F.No. 348/1,349/1, Kurumbapalayam, SS Kulam(PO), Coimbatore-641107. (2744)",ELECTRICAL AND ELECTRONICS ENGINEERING (EE),144.5,142.0,,125.5,101.0,,,Coimbatore
"Adithya Institute of Technology (Autonomous), S.F.No. 348/1,349/1, Kurumbapalayam, SS Kulam(PO), Coimbatore-641107. (2744)",ELECTRONICS AND COMMUNICATION ENGINEERING (EC),152.5,146.0,101.0,141.0,,,,Coimbatore
"Adithya Institute of Technology (Autonomous), S.F.No. 348/1,349/1, Kurumbapalayam, SS Kulam(PO), Coimbatore-641107. (2744)",INFORMATION TECHNOLOGY (IT),155.5,149.0,135.5,141.5,,,,Coimbatore
"Adithya Institute of Technology (Autonomous), S.F.No. 348/1,349/1, Kurumbapalayam, SS Kulam(PO), Coimbatore-641107. (2744)",MECHANICAL ENGINEERING (ME),110.5,93.0,108.0,91.5,,,84.5,Coimbatore
"Agni College of Technology (Autonomous), Thalambur Off.Rajiv Gandhi Salai, Chengalpattu Taluk, Kancheepuram District-603103. (1316)",Artificial Intelligence and Data Science (AD),157.0,141.5,157.0,142.0,136.0,122.0,,Chengalpattu
"Agni College of Technology (Autonomous), Thalambur Off.Rajiv Gandhi Salai, Chengalpattu Taluk, Kancheepuram District-603103. (1316)",BIO MEDICAL ENGINEERING (BM),136.0,86.0,,112.0,103.5,,,Chengalpattu
"Agni College of Technology (Autonomous), Thalambur Off.Rajiv Gandhi Salai, Chengalpattu Taluk, Kancheepuram District-603103. (1316)",CHEMICAL  ENGINEERING (CH),130.0,99.0,113.0,115.0,96.5,,,Chengalpattu
"Agni College of Technology (Autonomous), Thalambur Off.Rajiv Gandhi Salai, Chengalpattu Taluk, Kancheepuram District-603103. (1316)",CIVIL  ENGINEERING (CE),129.0,107.0,,106.5,108.5,,,Chengalpattu
"Agni College of Technology (Autonomous), Thalambur Off.Rajiv Gandhi Salai, Chengalpattu Taluk, Kancheepuram District-603103. (1316)",COMPUTER SCIENCE AND ENGINEERING (CS),154.0,139.5,128.0,134.5,112.0,112.0,97.5,Chengalpattu
"Agni College of Technology (Autonomous), Thalambur Off.Rajiv Gandhi Salai, Chengalpattu Taluk, Kancheepuram District-603103. (1316)",ELECTRICAL AND ELECTRONICS ENGINEERING (EE),148.0,132.0,,119.0,103.0,,,Chengalpattu
"Agni College of Technology (Autonomous), Thalambur Off.Rajiv Gandhi Salai, Chengalpattu Taluk, Kancheepuram District-603103. (1316)",ELECTRONICS AND COMMUNICATION ENGINEERING (EC),158.0,142.0,136.5,135.5,111.5,,,Chengalpattu
"Agni College of Technology (Autonomous), Thalambur Off.Rajiv Gandhi Salai, Chengalpattu Taluk, Kancheepuram District-603103. (1316)",INFORMATION TECHNOLOGY (IT),145.0,136.5,121.0,132.0,116.0,,,Chengalpattu
"Agni College of Technology (Autonomous), Thalambur Off.Rajiv Gandhi Salai, Chengalpattu Taluk, Kancheepuram District-603103. (1316)",MECHANICAL ENGINEERING (ME),125.5,100.5,,103.5,115.5,,,Chengalpattu
"Agni College of Technology (Autonomous), Thalambur Off.Rajiv Gandhi Salai, Chengalpattu Taluk, Kancheepuram District-603103. (1316)",Mechatronics Engineering (MZ),142.5,117.5,115.5,122.5,101.5,,,Chengalpattu
"Aishwarya College of Engineering and Technology, Errattaikarad, Paruvachi (Post), Anthiyur, Bhavani (Taluk), Erode District-638312. (2332)",Artificial Intelligence and Data Science (AD),83.5,,,,,,,Erode
"Aishwarya College of Engineering and Technology, Errattaikarad, Paruvachi (Post), Anthiyur, Bhavani (Taluk), Erode District-638312. (2332)",CIVIL  ENGINEERING (CE),,,,,,,,Erode
"Aishwarya College of Engineering and Technology, Errattaikarad, Paruvachi (Post), Anthiyur, Bhavani (Taluk), Erode District-638312. (2332)",COMPUTER SCIENCE AND ENGINEERING (CS),96.5,,,,,,,Erode
"Aishwarya College of Engineering and Technology, Errattaikarad, Paruvachi (Post), Anthiyur, Bhavani (Taluk), Erode District-638312. (2332)",ELECTRICAL AND ELECTRONICS ENGINEERING (EE),,,,,,,,Erode
"Aishwarya College of Engineering and Technology, Errattaikarad, Paruvachi (Post), Anthiyur, Bhavani (Taluk), Erode District-638312. (2332)",ELECTRONICS AND COMMUNICATION ENGINEERING (EC),,,,,,,,Erode
"Aishwarya College of Engineering and Technology, Errattaikarad, Paruvachi (Post), Anthiyur, Bhavani (Taluk), Erode District-638312. (2332)",MECHANICAL ENGINEERING (ME),144.99,,,,,,,Erode
"Akshaya College of Engineering and Technology, SF No.112/1CPT,114/1,115/1,116/2C, Bagavathipalayam Road,Kinathukadavu, Coimbatore-642109. (2763)",Artificial Intelligence and Data Science (AD),148.0,138.5,129.0,130.5,85.0,123.5,,Coimbatore
"Akshaya College of Engineering and Technology, SF No.112/1CPT,114/1,115/1,116/2C, Bagavathipalayam Road,Kinathukadavu, Coimbatore-642109. (2763)",CIVIL  ENGINEERING (CE),82.0,,,,,,,Coimbatore
"Akshaya College of Engineering and Technology, SF No.112/1CPT,114/1,115/1,116/2C, Bagavathipalayam Road,Kinathukadavu, Coimbatore-642109. (2763)",COMPUTER SCIENCE AND BUSSINESS SYSTEM (CB),133.0,124.5,99.5,121.5,104.5,107.5,,Coimbatore
"Akshaya College of Engineering and Technology, SF No.112/1CPT,114/1,115/1,116/2C, Bagavathipalayam Road,Kinathukadavu, Coimbatore-642109. (2763)",COMPUTER SCIENCE AND ENGINEERING (CS),144.5,121.0,136.0,113.5,95.0,131.0,85.5,Coimbatore
"Akshaya College of Engineering and Technology, SF No.112/1CPT,114/1,115/1,116/2C, Bagavathipalayam Road,Kinathukadavu, Coimbatore-642109. (2763)",ELECTRICAL AND ELECTRONICS ENGINEERING (EE),113.5,92.0,80.0,86.5,84.5,,,Coimbatore
"Akshaya College of Engineering and Technology, SF No.112/1CPT,114/1,115/1,116/2C, Bagavathipalayam Road,Kinathukadavu, Coimbatore-642109. (2763)",ELECTRONICS AND COMMUNICATION ENGINEERING (EC),137.0,110.5,,111.0,92.5,92.5,,Coimbatore
"Akshaya College of Engineering and Technology, SF No.112/1CPT,114/1,115/1,116/2C, Bagavathipalayam Road,Kinathukadavu, Coimbatore-642109. (2763)",MECHANICAL ENGINEERING (ME),103.0,82.5,90.0,101.5,90.0,,,Coimbatore
"Akshaya College of Engineering and Technology, SF No.112/1CPT,114/1,115/1,116/2C, Bagavathipalayam Road,Kinathukadavu, Coimbatore-642109. (2763)",Mechatronics Engineering (MZ),113.5,104.0,108.0,93.0,82.5,,,Coimbatore
"AL-Ameen Engineering College (Autonomous), Karundevanpalayam, Nanjai Uthukkuli Post, Erode District-638104. (2652)",Artificial Intelligence and Data Science (AD),124.5,93.5,123.0,103.0,104.0,104.5,,Erode
"AL-Ameen Engineering College (Autonomous), Karundevanpalayam, Nanjai Uthukkuli Post, Erode District-638104. (2652)",COMPUTER SCIENCE AND ENGINEERING (CS),103.5,,101.0,93.5,,,,Erode
"AL-Ameen Engineering College (Autonomous), Karundevanpalayam, Nanjai Uthukkuli Post, Erode District-638104. (2652)",ELECTRICAL AND ELECTRONICS ENGINEERING (EE),91.0,,,,,,,Erode
"AL-Ameen Engineering College (Autonomous), Karundevanpalayam, Nanjai Uthukkuli Post, Erode District-638104. (2652)",ELECTRONICS AND COMMUNICATION ENGINEERING (EC),103.5,,96.5,,,,,Erode
"AL-Ameen Engineering College (Autonomous), Karundevanpalayam, Nanjai Uthukkuli Post, Erode District-638104. (2652)",INFORMATION TECHNOLOGY (IT),113.5,92.5,107.0,93.5,86.5,108.5,,Erode
"AL-Ameen Engineering College (Autonomous), Karundevanpalayam, Nanjai Uthukkuli Post, Erode District-638104. (2652)",MECHANICAL ENGINEERING (ME),100.0,,,,,,,Erode
Alagappa Chettair Government College of Engineering and Technology (Autonomous)  Karaikudi  Sivagangai District 630004 (5901),CIVIL  ENGINEERING (CE),179.0,172.0,169.0,170.0,161.5,145.0,134.0,Sivaganga
Alagappa Chettair Government College of Engineering and Technology (Autonomous)  Karaikudi  Sivagangai District 630004 (5901),COMPUTER SCIENCE AND ENGINEERING (CS),191.0,189.0,190.0,189.0,175.5,157.0,,Sivaganga
Alagappa Chettair Government College of Engineering and Technology (Autonomous)  Karaikudi  Sivagangai District 630004 (5901),ELECTRICAL AND ELECTRONICS ENGINEERING (EE),185.0,182.0,180.0,177.5,163.0,136.0,161.5,Sivaganga
Alagappa Chettair Government College of Engineering and Technology (Autonomous)  Karaikudi  Sivagangai District 630004 (5901),ELECTRONICS AND COMMUNICATION ENGINEERING (EC),189.5,188.0,185.5,188.0,178.5,152.5,,Sivaganga
Alagappa Chettair Government College of Engineering and Technology (Autonomous)  Karaikudi  Sivagangai District 630004 (5901),MECHANICAL ENGINEERING (ME),173.0,166.0,165.0,160.0,156.0,136.5,126.0,Sivaganga
"Alpha College of Engineering, No.34, Udayavar Kovil Street, Thirumazhisai, Chennai-600124. (1228)",Artificial Intelligence and Data Science (AD),119.5,99.0,108.5,102.0,85.0,,,Chennai
"Alpha College of Engineering, No.34, Udayavar Kovil Street, Thirumazhisai, Chennai-600124. (1228)",BIO MEDICAL ENGINEERING (BM),121.0,,,,,,,Chennai
"Alpha College of Engineering, No.34, Udayavar Kovil Street, Thirumazhisai, Chennai-600124. (1228)",COMPUTER SCIENCE AND ENGINEERING (CS),127.0,101.5,116.0,107.5,,,,Chennai
"Alpha College of Engineering, No.34, Udayavar Kovil Street, Thirumazhisai, Chennai-600124. (1228)",Computer Science and Engineering (Cyber Security) (SC),85.5,,,,,,,Chennai
"Alpha College of Engineering, No.34, Udayavar Kovil Street, Thirumazhisai, Chennai-600124. (1228)",ELECTRONICS AND COMMUNICATION ENGINEERING (EC),110.0,107.5,,109.5,,,,Chennai
"Alpha College of Engineering, No.34, Udayavar Kovil Street, Thirumazhisai, Chennai-600124. (1228)",INFORMATION TECHNOLOGY (IT),88.0,,,,,,,Chennai
"Alpha College of Engineering, No.34, Udayavar Kovil Street, Thirumazhisai, Chennai-600124. (1228)",ROBOTICS AND AUTOMATION (RM),82.5,,,,,,,Chennai
"Anand Institute of Higher Technology, Kalasalingam Nagar, Old Mahabalipuram Road, Kazhipattur Village, Chengalpattu Taluk, Kancheepuram District-603103. (1303)",AGRICULTURAL ENGINEERING (AG),,,,,,,,Chengalpattu
"Anand Institute of Higher Technology, Kalasalingam Nagar, Old Mahabalipuram Road, Kazhipattur Village, Chengalpattu Taluk, Kancheepuram District-603103. (1303)",Artificial Intelligence and Data Science (AD),136.5,96.5,,103.0,109.5,,,Chengalpattu
"Anand Institute of Higher Technology, Kalasalingam Nagar, Old Mahabalipuram Road, Kazhipattur Village, Chengalpattu Taluk, Kancheepuram District-603103. (1303)",BIO TECHNOLOGY (BT),115.0,,100.0,95.5,91.5,,,Chengalpattu
"Anand Institute of Higher Technology, Kalasalingam Nagar, Old Mahabalipuram Road, Kazhipattur Village, Chengalpattu Taluk, Kancheepuram District-603103. (1303)",COMPUTER SCIENCE AND BUSSINESS SYSTEM (CB),113.5,99.5,,96.5,104.0,,,Chengalpattu
"Anand Institute of Higher Technology, Kalasalingam Nagar, Old Mahabalipuram Road, Kazhipattur Village, Chengalpattu Taluk, Kancheepuram District-603103. (1303)",COMPUTER SCIENCE AND ENGINEERING (CS),139.0,116.0,104.5,88.0,104.0,,,Chengalpattu
"Anand Institute of Higher Technology, Kalasalingam Nagar, Old Mahabalipuram Road, Kazhipattur Village, Chengalpattu Taluk, Kancheepuram District-603103. (1303)",ELECTRICAL AND ELECTRONICS ENGINEERING (EE),91.0,82.0,,86.5,,,,Chengalpattu
"Anand Institute of Higher Technology, Kalasalingam Nagar, Old Mahabalipuram Road, Kazhipattur Village, Chengalpattu Taluk, Kancheepuram District-603103. (1303)",ELECTRONICS AND COMMUNICATION ENGINEERING (EC),119.5,95.0,,99.0,91.5,,,Chengalpattu
"Anand Institute of Higher Technology, Kalasalingam Nagar, Old Mahabalipuram Road, Kazhipattur Village, Chengalpattu Taluk, Kancheepuram District-603103. (1303)",INFORMATION TECHNOLOGY (IT),128.5,107.0,,104.5,103.0,,,Chengalpattu
"Anand Institute of Higher Technology, Kalasalingam Nagar, Old Mahabalipuram Road, Kazhipattur Village, Chengalpattu Taluk, Kancheepuram District-603103. (1303)",MECHANICAL ENGINEERING (ME),87.5,,,,,,,Chengalpattu
"Angel College of Engineering and Technology, PK Palayam PO,Dharapuram Main Road, Ugayanur village, Tiruppur-641665. (2733)",CIVIL  ENGINEERING (CE),,,,,,,,Tiruppur
"Angel College of Engineering and Technology, PK Palayam PO,Dharapuram Main Road, Ugayanur village, Tiruppur-641665. (2733)",COMPUTER SCIENCE AND ENGINEERING (CS),105.0,,,,,,,Tiruppur
"Angel College of Engineering and Technology, PK Palayam PO,Dharapuram Main Road, Ugayanur village, Tiruppur-641665. (2733)",ELECTRICAL AND ELECTRONICS ENGINEERING (EE),,,,,,,,Tiruppur
"Angel College of Engineering and Technology, PK Palayam PO,Dharapuram Main Road, Ugayanur village, Tiruppur-641665. (2733)",ELECTRONICS AND COMMUNICATION ENGINEERING (EC),91.0,,,,,,,Tiruppur
"Angel College of Engineering and Technology, PK Palayam PO,Dharapuram Main Road, Ugayanur village, Tiruppur-641665. (2733)",FASHION TECHNOLOGY (FT),95.0,,,,,,,Tiruppur
"Angel College of Engineering and Technology, PK Palayam PO,Dharapuram Main Road, Ugayanur village, Tiruppur-641665. (2733)",MECHANICAL ENGINEERING (ME),,,,,,,,Tiruppur
"Anjalai Ammal Mahalingam Engineering College, Kovilvenni, Thiruvarur-614403. (3803)",CHEMICAL  ENGINEERING (CH),97.5,,,,,,,Other
"Anjalai Ammal Mahalingam Engineering College, Kovilvenni, Thiruvarur-614403. (3803)",CIVIL  ENGINEERING (CE),127.0,86.5,126.5,97.5,116.5,,,Other
"Anjalai Ammal Mahalingam Engineering College, Kovilvenni, Thiruvarur-614403. (3803)",COMPUTER SCIENCE AND ENGINEERING (CS),172.5,164.5,161.5,152.5,146.5,,,Other
"Anjalai Ammal Mahalingam Engineering College, Kovilvenni, Thiruvarur-614403. (3803)",ELECTRICAL AND ELECTRONICS ENGINEERING (EE),145.0,104.0,133.5,112.0,88.0,,,Other
"Anjalai Ammal Mahalingam Engineering College, Kovilvenni, Thiruvarur-614403. (3803)",ELECTRONICS AND COMMUNICATION ENGINEERING (EC),159.5,153.0,152.5,143.0,108.0,,,Other
"Anjalai Ammal Mahalingam Engineering College, Kovilvenni, Thiruvarur-614403. (3803)",INFORMATION TECHNOLOGY (IT),163.5,155.5,161.0,144.0,124.5,,,Other
"Anjalai Ammal Mahalingam Engineering College, Kovilvenni, Thiruvarur-614403. (3803)",MECHANICAL ENGINEERING (ME),129.0,117.0,115.5,115.5,102.5,,,Other
Anna University Regional Campus - Coimbatore  Maruthamalai Main Road  Navavoor Bharathiyar University Post  Somayampalayam  Coimbatore District 641046 (2025),Artificial Intelligence and Data Science (AD),189.0,181.5,180.0,181.0,176.0,166.5,,Coimbatore
Anna University Regional Campus - Coimbatore  Maruthamalai Main Road  Navavoor Bharathiyar University Post  Somayampalayam  Coimbatore District 641046 (2025),COMPUTER SCIENCE AND ENGINEERING (CS),187.5,182.5,183.0,183.5,174.0,164.5,164.0,Coimbatore
Anna University Regional Campus - Coimbatore  Maruthamalai Main Road  Navavoor Bharathiyar University Post  Somayampalayam  Coimbatore District 641046 (2025),ELECTRICAL AND ELECTRONICS ENGINEERING (EE),176.5,172.0,167.5,166.0,156.5,152.0,172.5,Coimbatore
Anna University Regional Campus - Coimbatore  Maruthamalai Main Road  Navavoor Bharathiyar University Post  Somayampalayam  Coimbatore District 641046 (2025),ELECTRONICS AND COMMUNICATION ENGINEERING (EC),183.0,179.0,182.0,179.0,170.0,164.0,150.5,Coimbatore
Anna University Regional Campus - Coimbatore  Maruthamalai Main Road  Navavoor Bharathiyar University Post  Somayampalayam  Coimbatore District 641046 (2025),Electronics Engineering (VLSI Design and Technology) (EV),178.0,174.5,165.0,172.0,161.0,146.0,,Coimbatore
Anna University Regional Campus - Coimbatore  Maruthamalai Main Road  Navavoor Bharathiyar University Post  Somayampalayam  Coimbatore District 641046 (2025),MECHANICAL ENGINEERING (ME),167.0,159.5,164.5,154.0,152.5,154.5,99.5,Coimbatore
Anna University Regional Campus - Madurai  Kanyakumari National Highway  Keelakuilkudi  Madurai District 625019 (5010),CIVIL  ENGINEERING (CE),146.5,119.5,130.0,128.5,128.0,109.0,,Madurai
Anna University Regional Campus - Madurai  Kanyakumari National Highway  Keelakuilkudi  Madurai District 625019 (5010),COMPUTER SCIENCE AND ENGINEERING (CS),179.0,174.0,176.5,169.0,159.0,159.5,,Madurai
Anna University Regional Campus - Madurai  Kanyakumari National Highway  Keelakuilkudi  Madurai District 625019 (5010),ELECTRICAL AND ELECTRONICS ENGINEERING (EE),163.5,156.0,140.5,147.5,132.5,122.0,,Madurai
Anna University Regional Campus - Madurai  Kanyakumari National Highway  Keelakuilkudi  Madurai District 625019 (5010),ELECTRONICS AND COMMUNICATION ENGINEERING (EC),175.0,168.5,172.0,166.5,150.0,141.5,142.5,Madurai
Anna University Regional Campus - Madurai  Kanyakumari National Highway  Keelakuilkudi  Madurai District 625019 (5010),MECHANICAL ENGINEERING (ME),144.5,125.5,131.5,114.0,112.5,117.0,99.5,Madurai
Anna University Regional Campus - Tirunelveli  Trivandrum Road  Palayamkottai  Tirunelveli District 627007 (4020),Artificial Intelligence and Data Science (AD),182.5,172.5,,177.0,171.5,150.5,,Tirunelveli
Anna University Regional Campus - Tirunelveli  Trivandrum Road  Palayamkottai  Tirunelveli District 627007 (4020),COMPUTER SCIENCE AND ENGINEERING (CS),180.0,171.5,179.5,166.5,161.5,128.5,,Tirunelveli
Anna University Regional Campus - Tirunelveli  Trivandrum Road  Palayamkottai  Tirunelveli District 627007 (4020),ELECTRONICS AND COMMUNICATION ENGINEERING (EC),175.5,167.5,170.5,161.5,149.5,123.0,,Tirunelveli
Anna University Regional Campus - Tirunelveli  Trivandrum Road  Palayamkottai  Tirunelveli District 627007 (4020),GEO INFORMATICS (GI),154.0,132.0,142.0,119.0,118.0,116.5,132.0,Tirunelveli
Anna University Regional Campus - Tirunelveli  Trivandrum Road  Palayamkottai  Tirunelveli District 627007 (4020),MECHANICAL ENGINEERING (ME),155.5,135.0,152.5,114.5,126.0,118.0,101.0,Tirunelveli
"Annai College of Engineering and Technology, Anakudi Road, Kovilacheri, Kumbakonam, Thanjavur District-612503. (3849)",Artificial Intelligence and Data Science (AD),96.0,,85.0,92.5,94.5,,,Thanjavur
"Annai College of Engineering and Technology, Anakudi Road, Kovilacheri, Kumbakonam, Thanjavur District-612503. (3849)",CIVIL  ENGINEERING (CE),,,,,,,,Thanjavur
"Annai College of Engineering and Technology, Anakudi Road, Kovilacheri, Kumbakonam, Thanjavur District-612503. (3849)",COMPUTER SCIENCE AND ENGINEERING (CS),97.5,97.0,85.0,85.0,91.5,,,Thanjavur
"Annai College of Engineering and Technology, Anakudi Road, Kovilacheri, Kumbakonam, Thanjavur District-612503. (3849)",ELECTRICAL AND ELECTRONICS ENGINEERING (EE),87.0,,,,,,,Thanjavur
"Annai College of Engineering and Technology, Anakudi Road, Kovilacheri, Kumbakonam, Thanjavur District-612503. (3849)",ELECTRONICS AND COMMUNICATION ENGINEERING (EC),91.5,,,,,,,Thanjavur
"Annai College of Engineering and Technology, Anakudi Road, Kovilacheri, Kumbakonam, Thanjavur District-612503. (3849)",INFORMATION TECHNOLOGY (IT),106.5,81.0,100.0,99.0,94.0,,,Thanjavur
"Annai College of Engineering and Technology, Anakudi Road, Kovilacheri, Kumbakonam, Thanjavur District-612503. (3849)",MECHANICAL ENGINEERING (ME),94.5,,,,,,,Thanjavur
"Annai Mathammal Sheela Engineering College, Erumapatty Post, Namakkal-637013. (2602)",AGRICULTURAL ENGINEERING (AG),,,,,,,,Namakkal
"Annai Mathammal Sheela Engineering College, Erumapatty Post, Namakkal-637013. (2602)",Artificial Intelligence and Data Science (AD),110.5,,,84.5,,,,Namakkal
"Annai Mathammal Sheela Engineering College, Erumapatty Post, Namakkal-637013. (2602)",COMPUTER SCIENCE AND ENGINEERING (CS),103.5,,,,,,,Namakkal
"Annai Mathammal Sheela Engineering College, Erumapatty Post, Namakkal-637013. (2602)",ELECTRONICS AND COMMUNICATION ENGINEERING (EC),,,,,,,,Namakkal
"Annai Mathammal Sheela Engineering College, Erumapatty Post, Namakkal-637013. (2602)",INFORMATION TECHNOLOGY (IT),97.0,,,,,,,Namakkal
"Annai Mathammal Sheela Engineering College, Erumapatty Post, Namakkal-637013. (2602)",MECHANICAL ENGINEERING (ME),,,,,,,,Namakkal
"Annai Mathammal Sheela Engineering College, Erumapatty Post, Namakkal-637013. (2602)",MEDICAL ELECTRONICS (MD),117.0,,,,,,,Namakkal
"Annai Mathammal Sheela Engineering College, Erumapatty Post, Namakkal-637013. (2602)",ROBOTICS AND AUTOMATION (RM),,,,,,,,Namakkal
"Annai Mira College of Engineering and Technology, Arappakkam Village, Arcot Road, Walaja Taluk, Vellore District-632517. (1137)",Artificial Intelligence and Data Science (AD),158.5,136.5,140.5,138.0,113.5,115.0,131.0,Vellore
"Annai Mira College of Engineering and Technology, Arappakkam Village, Arcot Road, Walaja Taluk, Vellore District-632517. (1137)",CIVIL  ENGINEERING (CE),86.5,,,,83.0,,,Vellore
"Annai Mira College of Engineering and Technology, Arappakkam Village, Arcot Road, Walaja Taluk, Vellore District-632517. (1137)",COMPUTER SCIENCE AND ENGINEERING (CS),148.0,131.0,141.5,129.5,103.5,112.5,,Vellore
"Annai Mira College of Engineering and Technology, Arappakkam Village, Arcot Road, Walaja Taluk, Vellore District-632517. (1137)",ELECTRICAL AND ELECTRONICS ENGINEERING (EE),127.0,102.5,,112.0,,,,Vellore
"Annai Mira College of Engineering and Technology, Arappakkam Village, Arcot Road, Walaja Taluk, Vellore District-632517. (1137)",ELECTRONICS AND COMMUNICATION ENGINEERING (EC),141.0,117.5,138.5,104.5,83.5,,,Vellore
"Annai Mira College of Engineering and Technology, Arappakkam Village, Arcot Road, Walaja Taluk, Vellore District-632517. (1137)",INFORMATION TECHNOLOGY (IT),150.0,134.0,134.0,133.0,106.5,102.5,,Vellore
"Annai Mira College of Engineering and Technology, Arappakkam Village, Arcot Road, Walaja Taluk, Vellore District-632517. (1137)",MECHANICAL ENGINEERING (ME),89.5,,,,,,,Vellore
"Annai Teresa College of Engineering, Thirunavalur, Ulundurpet Taluk, Villupuram District-607204. (1402)",COMPUTER SCIENCE AND ENGINEERING (CS),101.0,100.5,,85.5,,,,Villupuram
"Annai Teresa College of Engineering, Thirunavalur, Ulundurpet Taluk, Villupuram District-607204. (1402)",ELECTRICAL AND ELECTRONICS ENGINEERING (EE),100.5,,,,,,,Villupuram
"Annai Teresa College of Engineering, Thirunavalur, Ulundurpet Taluk, Villupuram District-607204. (1402)",ELECTRONICS AND COMMUNICATION ENGINEERING (EC),80.5,,,,,,,Villupuram
"Annai Teresa College of Engineering, Thirunavalur, Ulundurpet Taluk, Villupuram District-607204. (1402)",MECHANICAL ENGINEERING (ME),,,,,,,,Villupuram
"Annai Vailankanni College of Engineering, AVK Nagar, Pothaiyadisalai Pottalkulam, Azhagappapuram PO, Kanyakumari District, Nagercoil-629401. (4999)",Artificial Intelligence and Data Science (AD),109.5,86.0,,108.0,,,,Other
"Annai Vailankanni College of Engineering, AVK Nagar, Pothaiyadisalai Pottalkulam, Azhagappapuram PO, Kanyakumari District, Nagercoil-629401. (4999)",BIO MEDICAL ENGINEERING (BM),92.5,,,,,,,Other
"Annai Vailankanni College of Engineering, AVK Nagar, Pothaiyadisalai Pottalkulam, Azhagappapuram PO, Kanyakumari District, Nagercoil-629401. (4999)",COMPUTER SCIENCE AND ENGINEERING (CS),104.0,83.0,,96.0,,,,Other
"Annai Vailankanni College of Engineering, AVK Nagar, Pothaiyadisalai Pottalkulam, Azhagappapuram PO, Kanyakumari District, Nagercoil-629401. (4999)",ELECTRONICS AND COMMUNICATION ENGINEERING (EC),117.5,85.0,,89.0,88.5,,,Other
"Annai Vailankanni College of Engineering, AVK Nagar, Pothaiyadisalai Pottalkulam, Azhagappapuram PO, Kanyakumari District, Nagercoil-629401. (4999)",MECHANICAL ENGINEERING (ME),84.5,,,,,,,Other
"Annai Veilankannis College of Engineering, 33 Gandhi Road, Nedungundram, Chennai-600048. (1133)",Artificial Intelligence and Data Science (AD),80.0,,,,,,,Chennai
"Annai Veilankannis College of Engineering, 33 Gandhi Road, Nedungundram, Chennai-600048. (1133)",CIVIL  ENGINEERING (CE),,,,,,,,Chennai
"Annai Veilankannis College of Engineering, 33 Gandhi Road, Nedungundram, Chennai-600048. (1133)",COMPUTER SCIENCE AND ENGINEERING (CS),107.0,88.5,,86.0,97.0,,85.5,Chennai
"Annai Veilankannis College of Engineering, 33 Gandhi Road, Nedungundram, Chennai-600048. (1133)",ELECTRONICS AND COMMUNICATION ENGINEERING (EC),97.5,,,,,,,Chennai
"Annai Veilankannis College of Engineering, 33 Gandhi Road, Nedungundram, Chennai-600048. (1133)",MECHANICAL ENGINEERING (ME),101.5,,,,,,,Chennai
Annamalai University Faculty of Engineering and Technology Annamalai nagar Cuddalore (5),CHEMICAL  ENGINEERING (CH),154.0,111.5,115.5,93.5,122.0,147.5,132.0,Cuddalore
Annamalai University Faculty of Engineering and Technology Annamalai nagar Cuddalore (5),CIVIL  ENGINEERING (CE),142.5,99.0,89.0,87.0,120.0,,112.0,Cuddalore
Annamalai University Faculty of Engineering and Technology Annamalai nagar Cuddalore (5),CIVIL AND STRUCTUTURAL ENGINEERING (CZ),127.0,110.0,,84.0,95.0,,,Cuddalore
Annamalai University Faculty of Engineering and Technology Annamalai nagar Cuddalore (5),COMPUTER SCIENCE AND ENGINEERING (CS),174.0,155.5,144.0,153.5,157.0,115.5,156.0,Cuddalore
Annamalai University Faculty of Engineering and Technology Annamalai nagar Cuddalore (5),COMPUTER SCIENCE AND ENGINEERING (AI AND MACHINE LEARNING) (AM),171.0,148.5,167.0,155.5,149.5,146.0,143.0,Cuddalore
Annamalai University Faculty of Engineering and Technology Annamalai nagar Cuddalore (5),COMPUTER SCIENCE AND ENGINEERING (DATA SCIENCE) (CF),163.5,142.5,146.0,149.5,150.5,144.5,,Cuddalore
Annamalai University Faculty of Engineering and Technology Annamalai nagar Cuddalore (5),ELECTRICAL AND ELECTRONICS ENGINEERING (EE),148.5,95.0,119.0,125.0,120.5,112.5,,Cuddalore
Annamalai University Faculty of Engineering and Technology Annamalai nagar Cuddalore (5),ELECTRONICS AND COMMUNICATION ENGINEERING (EC),167.0,151.0,141.0,148.0,142.5,,129.5,Cuddalore
Annamalai University Faculty of Engineering and Technology Annamalai nagar Cuddalore (5),ELECTRONICS AND INSTRUMENTATION ENGINEERING (EI),138.5,94.5,86.5,113.5,111.0,125.0,,Cuddalore
Annamalai University Faculty of Engineering and Technology Annamalai nagar Cuddalore (5),INFORMATION TECHNOLOGY (IT),164.5,144.0,146.0,151.0,144.0,146.0,147.0,Cuddalore
Annamalai University Faculty of Engineering and Technology Annamalai nagar Cuddalore (5),MECHANICAL ENGINEERING (ME),134.5,89.5,121.5,91.0,104.0,,,Cuddalore
Annamalai University Faculty of Engineering and Technology Annamalai nagar Cuddalore (5),MECHANICAL ENGINEERING (MANUFACTURING) (MM),122.5,84.5,93.0,83.5,96.0,,,Cuddalore
"Annamalaiar College Of Engineering, Chetpet-Polur Road, Polur Taluk, Thiruvannamalai District-606902. (1524)",CIVIL  ENGINEERING (CE),117.5,,,,,,,Other
"Annamalaiar College Of Engineering, Chetpet-Polur Road, Polur Taluk, Thiruvannamalai District-606902. (1524)",COMPUTER SCIENCE AND ENGINEERING (CS),86.0,,,,,,,Other
"Annamalaiar College Of Engineering, Chetpet-Polur Road, Polur Taluk, Thiruvannamalai District-606902. (1524)",ELECTRICAL AND ELECTRONICS ENGINEERING (EE),85.5,,,,,,,Other
"Annamalaiar College Of Engineering, Chetpet-Polur Road, Polur Taluk, Thiruvannamalai District-606902. (1524)",ELECTRONICS AND COMMUNICATION ENGINEERING (EC),,,,,,,,Other
"Annamalaiar College Of Engineering, Chetpet-Polur Road, Polur Taluk, Thiruvannamalai District-606902. (1524)",INFORMATION TECHNOLOGY (IT),108.5,83.5,,89.5,,,,Other
"Annamalaiar College Of Engineering, Chetpet-Polur Road, Polur Taluk, Thiruvannamalai District-606902. (1524)",MECHANICAL ENGINEERING (ME),80.5,,,,,,,Other
"Annapoorana Engineering College (Autonomous), Sankari Main Road (NH-47), Periyaseeragapadi, Salem-636308. (2648)",Artificial Intelligence and Data Science (AD),149.0,106.0,101.0,122.5,132.5,135.0,,Salem
"Annapoorana Engineering College (Autonomous), Sankari Main Road (NH-47), Periyaseeragapadi, Salem-636308. (2648)",AUTOMOBILE ENGINEERING (AU),83.0,,,77.5,82.5,,,Salem
"Annapoorana Engineering College (Autonomous), Sankari Main Road (NH-47), Periyaseeragapadi, Salem-636308. (2648)",BIO MEDICAL ENGINEERING (BM),115.0,80.0,92.0,86.5,99.5,112.5,,Salem
"Annapoorana Engineering College (Autonomous), Sankari Main Road (NH-47), Periyaseeragapadi, Salem-636308. (2648)",CIVIL  ENGINEERING (CE),82.5,,,,,,,Salem
"Annapoorana Engineering College (Autonomous), Sankari Main Road (NH-47), Periyaseeragapadi, Salem-636308. (2648)",COMPUTER SCIENCE AND ENGINEERING (CS),143.5,118.0,,123.5,132.5,136.5,,Salem
"Annapoorana Engineering College (Autonomous), Sankari Main Road (NH-47), Periyaseeragapadi, Salem-636308. (2648)",ELECTRICAL AND ELECTRONICS ENGINEERING (EE),112.5,82.0,,94.0,84.5,108.0,,Salem
"Annapoorana Engineering College (Autonomous), Sankari Main Road (NH-47), Periyaseeragapadi, Salem-636308. (2648)",ELECTRONICS AND COMMUNICATION ENGINEERING (EC),125.0,97.0,112.0,104.0,107.0,115.5,,Salem
"Annapoorana Engineering College (Autonomous), Sankari Main Road (NH-47), Periyaseeragapadi, Salem-636308. (2648)",INFORMATION TECHNOLOGY (IT),128.5,80.5,80.5,116.0,111.0,116.0,,Salem
"Annapoorana Engineering College (Autonomous), Sankari Main Road (NH-47), Periyaseeragapadi, Salem-636308. (2648)",MECHANICAL ENGINEERING (ME),96.0,93.0,,90.0,90.0,,,Salem
"Apollo Engineering College, Mevaloorkuppam Valarpuram Post, Sriperumbudur Taluk, Kanchipuram District-602105. (1230)",AERONAUTICAL ENGINEERING (AE),83.0,,,,,,,Other
"Apollo Engineering College, Mevaloorkuppam Valarpuram Post, Sriperumbudur Taluk, Kanchipuram District-602105. (1230)",Artificial Intelligence and Data Science (AD),142.5,98.0,,104.5,112.5,,,Other
"Apollo Engineering College, Mevaloorkuppam Valarpuram Post, Sriperumbudur Taluk, Kanchipuram District-602105. (1230)",COMPUTER SCIENCE AND BUSSINESS SYSTEM (CB),110.5,108.5,,102.0,89.0,,,Other
"Apollo Engineering College, Mevaloorkuppam Valarpuram Post, Sriperumbudur Taluk, Kanchipuram District-602105. (1230)",COMPUTER SCIENCE AND ENGINEERING (CS),137.5,108.5,,133.5,112.5,,,Other
"Apollo Engineering College, Mevaloorkuppam Valarpuram Post, Sriperumbudur Taluk, Kanchipuram District-602105. (1230)",Computer Science and Engineering (Cyber Security) (SC),112.0,,,,,,,Other
"Apollo Engineering College, Mevaloorkuppam Valarpuram Post, Sriperumbudur Taluk, Kanchipuram District-602105. (1230)",ELECTRICAL AND ELECTRONICS ENGINEERING (EE),100.5,,,,,,,Other
"Apollo Engineering College, Mevaloorkuppam Valarpuram Post, Sriperumbudur Taluk, Kanchipuram District-602105. (1230)",ELECTRONICS AND COMMUNICATION ENGINEERING (EC),118.0,98.5,111.5,97.0,97.0,,,Other
"Apollo Engineering College, Mevaloorkuppam Valarpuram Post, Sriperumbudur Taluk, Kanchipuram District-602105. (1230)",MECHANICAL ENGINEERING (ME),,,,,,,,Other
"Arasu Engineering College, Chennai Main Road, Thiruvisanallur - Village, Thiruvidaimaruthur - Taluk, Kumbakonam,Thanjavur-612501. (3804)",Artificial Intelligence and Data Science (AD),153.5,94.0,105.0,134.0,101.5,,,Thanjavur
"Arasu Engineering College, Chennai Main Road, Thiruvisanallur - Village, Thiruvidaimaruthur - Taluk, Kumbakonam,Thanjavur-612501. (3804)",BIO MEDICAL ENGINEERING (BM),93.0,,,,,,,Thanjavur
"Arasu Engineering College, Chennai Main Road, Thiruvisanallur - Village, Thiruvidaimaruthur - Taluk, Kumbakonam,Thanjavur-612501. (3804)",COMPUTER SCIENCE AND ENGINEERING (CS),141.0,100.0,104.5,87.0,85.0,,,Thanjavur
"Arasu Engineering College, Chennai Main Road, Thiruvisanallur - Village, Thiruvidaimaruthur - Taluk, Kumbakonam,Thanjavur-612501. (3804)",ELECTRICAL AND ELECTRONICS ENGINEERING (EE),91.0,,,,,,,Thanjavur
"Arasu Engineering College, Chennai Main Road, Thiruvisanallur - Village, Thiruvidaimaruthur - Taluk, Kumbakonam,Thanjavur-612501. (3804)",ELECTRONICS AND COMMUNICATION ENGINEERING (EC),108.5,93.5,,94.5,93.5,,,Thanjavur
"Arasu Engineering College, Chennai Main Road, Thiruvisanallur - Village, Thiruvidaimaruthur - Taluk, Kumbakonam,Thanjavur-612501. (3804)",INFORMATION TECHNOLOGY (IT),132.5,95.5,124.5,81.5,83.5,,,Thanjavur
"Arasu Engineering College, Chennai Main Road, Thiruvisanallur - Village, Thiruvidaimaruthur - Taluk, Kumbakonam,Thanjavur-612501. (3804)",MECHANICAL ENGINEERING (ME),83.5,,,,,,,Thanjavur
"Arifa Institute of Technology, Esanoor, Keelaiyur Post, Tirukkuvalai Taluk, Nagapattinam District-611103. (3461)",Artificial Intelligence and Data Science (AD),118.0,99.5,111.0,91.0,86.5,,,Nagapattinam
"Arifa Institute of Technology, Esanoor, Keelaiyur Post, Tirukkuvalai Taluk, Nagapattinam District-611103. (3461)",COMPUTER SCIENCE AND ENGINEERING (CS),105.0,104.0,104.0,98.5,82.0,,,Nagapattinam
"Arifa Institute of Technology, Esanoor, Keelaiyur Post, Tirukkuvalai Taluk, Nagapattinam District-611103. (3461)",Computer Science and Engineering (Cyber Security) (SC),81.5,,,,,,,Nagapattinam
"Arifa Institute of Technology, Esanoor, Keelaiyur Post, Tirukkuvalai Taluk, Nagapattinam District-611103. (3461)",ELECTRICAL AND ELECTRONICS ENGINEERING (EE),90.5,,,,,,,Nagapattinam
"Arifa Institute of Technology, Esanoor, Keelaiyur Post, Tirukkuvalai Taluk, Nagapattinam District-611103. (3461)",ELECTRONICS AND COMMUNICATION ENGINEERING (EC),99.0,,,,,,,Nagapattinam
"Arifa Institute of Technology, Esanoor, Keelaiyur Post, Tirukkuvalai Taluk, Nagapattinam District-611103. (3461)",INFORMATION TECHNOLOGY (IT),121.0,91.5,,118.0,100.0,,,Nagapattinam
"Arifa Institute of Technology, Esanoor, Keelaiyur Post, Tirukkuvalai Taluk, Nagapattinam District-611103. (3461)",MECHANICAL ENGINEERING (ME),83.5,,,,,,,Nagapattinam
"Arjun College of Technology, 310/1B, Chettiyakkapalayam, Kinathukadavu, Coimbatore-642120. (2367)",Artificial Intelligence and Data Science (AD),123.0,90.5,,120.5,94.5,123.0,,Coimbatore
"Arjun College of Technology, 310/1B, Chettiyakkapalayam, Kinathukadavu, Coimbatore-642120. (2367)",CIVIL  ENGINEERING (CE),92.5,,,,,,,Coimbatore
"Arjun College of Technology, 310/1B, Chettiyakkapalayam, Kinathukadavu, Coimbatore-642120. (2367)",COMPUTER SCIENCE AND BUSSINESS SYSTEM (CB),94.5,,,,,,,Coimbatore
"Arjun College of Technology, 310/1B, Chettiyakkapalayam, Kinathukadavu, Coimbatore-642120. (2367)",COMPUTER SCIENCE AND ENGINEERING (CS),99.0,96.0,,92.5,88.5,,,Coimbatore
"Arjun College of Technology, 310/1B, Chettiyakkapalayam, Kinathukadavu, Coimbatore-642120. (2367)",COMPUTER SCIENCE AND ENGINEERING (AI AND MACHINE LEARNING) (AM),94.5,,,,,,,Coimbatore
"Arjun College of Technology, 310/1B, Chettiyakkapalayam, Kinathukadavu, Coimbatore-642120. (2367)",Computer Science and Engineering (Cyber Security) (SC),87.5,,,,,,,Coimbatore
"Arjun College of Technology, 310/1B, Chettiyakkapalayam, Kinathukadavu, Coimbatore-642120. (2367)",ELECTRONICS AND COMMUNICATION ENGINEERING (EC),110.0,100.0,,100.0,,105.5,,Coimbatore
"Arjun College of Technology, 310/1B, Chettiyakkapalayam, Kinathukadavu, Coimbatore-642120. (2367)",INFORMATION TECHNOLOGY (IT),107.0,90.5,98.5,88.0,103.5,,,Coimbatore
"Arjun College of Technology, 310/1B, Chettiyakkapalayam, Kinathukadavu, Coimbatore-642120. (2367)",MECHANICAL ENGINEERING (ME),89.5,,,,,,,Coimbatore
"ARM College of Engineering and Technology, Sattamangalam,Maraimalainagar Post, Chengalpattu Taluk, Kanchipuram Dist-603209. (1232)",Artificial Intelligence and Data Science (AD),88.0,,,,,,,Chengalpattu
"ARM College of Engineering and Technology, Sattamangalam,Maraimalainagar Post, Chengalpattu Taluk, Kanchipuram Dist-603209. (1232)",CIVIL  ENGINEERING (CE),,,,,,,,Chengalpattu
"ARM College of Engineering and Technology, Sattamangalam,Maraimalainagar Post, Chengalpattu Taluk, Kanchipuram Dist-603209. (1232)",COMPUTER SCIENCE AND ENGINEERING (CS),114.0,,,,,,,Chengalpattu
"ARM College of Engineering and Technology, Sattamangalam,Maraimalainagar Post, Chengalpattu Taluk, Kanchipuram Dist-603209. (1232)",Computer Science and Engineering (Cyber Security) (SC),91.0,,,,,,,Chengalpattu
"ARM College of Engineering and Technology, Sattamangalam,Maraimalainagar Post, Chengalpattu Taluk, Kanchipuram Dist-603209. (1232)",ELECTRICAL AND ELECTRONICS ENGINEERING (EE),,,,,,,,Chengalpattu
"ARM College of Engineering and Technology, Sattamangalam,Maraimalainagar Post, Chengalpattu Taluk, Kanchipuram Dist-603209. (1232)",ELECTRONICS AND COMMUNICATION ENGINEERING (EC),85.0,,,,,,,Chengalpattu
"ARM College of Engineering and Technology, Sattamangalam,Maraimalainagar Post, Chengalpattu Taluk, Kanchipuram Dist-603209. (1232)",INFORMATION TECHNOLOGY (IT),84.0,,,,,,,Chengalpattu
"ARM College of Engineering and Technology, Sattamangalam,Maraimalainagar Post, Chengalpattu Taluk, Kanchipuram Dist-603209. (1232)",MECHANICAL ENGINEERING (ME),,,,,,,,Chengalpattu
"Arul Tharum VPMM College of Engineering and Technology, V.P.M. Nagar, Krishnankovil, Srivilliputur, Virudhunagar-626190. (4979)",Artificial Intelligence and Data Science (AD),101.5,,,,,,,Virudhunagar
"Arul Tharum VPMM College of Engineering and Technology, V.P.M. Nagar, Krishnankovil, Srivilliputur, Virudhunagar-626190. (4979)",CIVIL  ENGINEERING (CE),,,,,,,,Virudhunagar
"Arul Tharum VPMM College of Engineering and Technology, V.P.M. Nagar, Krishnankovil, Srivilliputur, Virudhunagar-626190. (4979)",COMPUTER SCIENCE AND ENGINEERING (CS),103.0,,,,,,,Virudhunagar
"Arul Tharum VPMM College of Engineering and Technology, V.P.M. Nagar, Krishnankovil, Srivilliputur, Virudhunagar-626190. (4979)",COMPUTER SCIENCE AND ENGINEERING (AI AND MACHINE LEARNING) (AM),,,,,,,,Virudhunagar
"Arul Tharum VPMM College of Engineering and Technology, V.P.M. Nagar, Krishnankovil, Srivilliputur, Virudhunagar-626190. (4979)",Computer Science and Engineering (Cyber Security) (SC),,,,,,,,Virudhunagar
"Arul Tharum VPMM College of Engineering and Technology, V.P.M. Nagar, Krishnankovil, Srivilliputur, Virudhunagar-626190. (4979)",ELECTRICAL AND ELECTRONICS ENGINEERING (EE),,,,,,,,Virudhunagar
"Arul Tharum VPMM College of Engineering and Technology, V.P.M. Nagar, Krishnankovil, Srivilliputur, Virudhunagar-626190. (4979)",ELECTRONICS AND COMMUNICATION ENGINEERING (EC),152.0,,,,,,,Virudhunagar
"Arul Tharum VPMM College of Engineering and Technology, V.P.M. Nagar, Krishnankovil, Srivilliputur, Virudhunagar-626190. (4979)",INFORMATION TECHNOLOGY (IT),101.5,,,,,,,Virudhunagar
"Arulmigu Meenakshi Amman College of Engineering, Vadamavandal Village, Namandi Post,(Near Kanchipuram),Tiruvanamalai-604410. (1503)",BIO TECHNOLOGY (BT),94.5,,,,,,,Other
"Arulmigu Meenakshi Amman College of Engineering, Vadamavandal Village, Namandi Post,(Near Kanchipuram),Tiruvanamalai-604410. (1503)",CHEMICAL  ENGINEERING (CH),,,,,,,,Other
"Arulmigu Meenakshi Amman College of Engineering, Vadamavandal Village, Namandi Post,(Near Kanchipuram),Tiruvanamalai-604410. (1503)",CIVIL  ENGINEERING (CE),,,,,,,,Other
"Arulmigu Meenakshi Amman College of Engineering, Vadamavandal Village, Namandi Post,(Near Kanchipuram),Tiruvanamalai-604410. (1503)",COMPUTER SCIENCE AND ENGINEERING (CS),110.5,,,,,,,Other
"Arulmigu Meenakshi Amman College of Engineering, Vadamavandal Village, Namandi Post,(Near Kanchipuram),Tiruvanamalai-604410. (1503)",ELECTRICAL AND ELECTRONICS ENGINEERING (EE),85.0,,,,,,,Other
"Arulmigu Meenakshi Amman College of Engineering, Vadamavandal Village, Namandi Post,(Near Kanchipuram),Tiruvanamalai-604410. (1503)",ELECTRONICS AND COMMUNICATION ENGINEERING (EC),,,,,,,,Other
"Arulmigu Meenakshi Amman College of Engineering, Vadamavandal Village, Namandi Post,(Near Kanchipuram),Tiruvanamalai-604410. (1503)",INFORMATION TECHNOLOGY (IT),136.0,,,96.5,,,,Other
"Arulmigu Meenakshi Amman College of Engineering, Vadamavandal Village, Namandi Post,(Near Kanchipuram),Tiruvanamalai-604410. (1503)",INSTRUMENTATION AND CONTROL ENGINEERING (IC),,,,,,,,Other
"Arulmigu Meenakshi Amman College of Engineering, Vadamavandal Village, Namandi Post,(Near Kanchipuram),Tiruvanamalai-604410. (1503)",MECHANICAL ENGINEERING (ME),,,,,,,,Other
"Arulmurugan College of Engineering, Karvazhi Road, Thennilai, Aravakurichy Taluk, Karur-639206. (2356)",Artificial Intelligence and Data Science (AD),101.0,,,,,,,Karur
"Arulmurugan College of Engineering, Karvazhi Road, Thennilai, Aravakurichy Taluk, Karur-639206. (2356)",CIVIL  ENGINEERING (CE),,,,,,,,Karur
"Arulmurugan College of Engineering, Karvazhi Road, Thennilai, Aravakurichy Taluk, Karur-639206. (2356)",COMPUTER SCIENCE AND ENGINEERING (CS),111.5,,,,,,,Karur
"Arulmurugan College of Engineering, Karvazhi Road, Thennilai, Aravakurichy Taluk, Karur-639206. (2356)",ELECTRICAL AND ELECTRONICS ENGINEERING (EE),,,,,,,,Karur
"Arulmurugan College of Engineering, Karvazhi Road, Thennilai, Aravakurichy Taluk, Karur-639206. (2356)",ELECTRONICS AND COMMUNICATION ENGINEERING (EC),,,,,,,,Karur
"Arulmurugan College of Engineering, Karvazhi Road, Thennilai, Aravakurichy Taluk, Karur-639206. (2356)",MECHANICAL ENGINEERING (ME),116.0,,,,,,,Karur
"Arunachala College of Engineering for Women, Thanka Gardens, Manavilai, Vellichanthai, Nagercoil, Kanyakumari District-629203. (4944)",Artificial Intelligence and Data Science (AD),149.5,125.5,130.0,101.5,91.5,119.0,,Other
"Arunachala College of Engineering for Women, Thanka Gardens, Manavilai, Vellichanthai, Nagercoil, Kanyakumari District-629203. (4944)",CIVIL  ENGINEERING (CE),98.5,88.5,,,,,,Other
"Arunachala College of Engineering for Women, Thanka Gardens, Manavilai, Vellichanthai, Nagercoil, Kanyakumari District-629203. (4944)",COMPUTER SCIENCE AND ENGINEERING (CS),157.0,138.5,134.0,96.5,87.5,,,Other
"Arunachala College of Engineering for Women, Thanka Gardens, Manavilai, Vellichanthai, Nagercoil, Kanyakumari District-629203. (4944)",ELECTRICAL AND ELECTRONICS ENGINEERING (EE),138.0,112.0,100.5,,121.0,,,Other
"Arunachala College of Engineering for Women, Thanka Gardens, Manavilai, Vellichanthai, Nagercoil, Kanyakumari District-629203. (4944)",ELECTRONICS AND COMMUNICATION ENGINEERING (EC),144.0,122.5,110.0,106.0,121.0,,,Other
"Arunachala College of Engineering for Women, Thanka Gardens, Manavilai, Vellichanthai, Nagercoil, Kanyakumari District-629203. (4944)",INFORMATION TECHNOLOGY (IT),134.0,116.0,112.0,97.0,,,,Other
"Arunachala Hitech Engineering College (formerly Lourdes Mount College of Engineering and Technology), Marthandam-Karungal Road, Chundavilai Mullanganavilai, Nattalam Post, Nattalam, Kanyakumari -629195. (4677)",Artificial Intelligence and Data Science (AD),138.5,109.0,,126.5,91.0,,,Other
"Arunachala Hitech Engineering College (formerly Lourdes Mount College of Engineering and Technology), Marthandam-Karungal Road, Chundavilai Mullanganavilai, Nattalam Post, Nattalam, Kanyakumari -629195. (4677)",COMPUTER SCIENCE AND ENGINEERING (CS),129.5,113.0,109.0,103.5,,,,Other
"Arunachala Hitech Engineering College (formerly Lourdes Mount College of Engineering and Technology), Marthandam-Karungal Road, Chundavilai Mullanganavilai, Nattalam Post, Nattalam, Kanyakumari -629195. (4677)",ELECTRICAL AND ELECTRONICS ENGINEERING (EE),100.5,87.0,,,,,,Other
"Arunachala Hitech Engineering College (formerly Lourdes Mount College of Engineering and Technology), Marthandam-Karungal Road, Chundavilai Mullanganavilai, Nattalam Post, Nattalam, Kanyakumari -629195. (4677)",ELECTRONICS AND COMMUNICATION ENGINEERING (EC),116.5,93.5,95.5,91.0,,,,Other
"Arunachala Hitech Engineering College (formerly Lourdes Mount College of Engineering and Technology), Marthandam-Karungal Road, Chundavilai Mullanganavilai, Nattalam Post, Nattalam, Kanyakumari -629195. (4677)",INFORMATION TECHNOLOGY (IT),115.5,101.5,,92.0,,,,Other
"Arunai Engineering College, Chittor-Cuddalore Raod, Mathur, Tiruvannamalai-606603. (1504)",AGRICULTURAL ENGINEERING (AG),91.0,,,,,,,Cuddalore
"Arunai Engineering College, Chittor-Cuddalore Raod, Mathur, Tiruvannamalai-606603. (1504)",Artificial Intelligence and Data Science (AD),155.0,138.0,148.5,132.5,118.5,108.5,,Cuddalore
"Arunai Engineering College, Chittor-Cuddalore Raod, Mathur, Tiruvannamalai-606603. (1504)",BIO TECHNOLOGY (BT),116.0,96.5,,111.0,,,,Cuddalore
"Arunai Engineering College, Chittor-Cuddalore Raod, Mathur, Tiruvannamalai-606603. (1504)",CHEMICAL  ENGINEERING (CH),103.5,,,,,,,Cuddalore
"Arunai Engineering College, Chittor-Cuddalore Raod, Mathur, Tiruvannamalai-606603. (1504)",CIVIL  ENGINEERING (CE),115.5,,,103.0,,,,Cuddalore
"Arunai Engineering College, Chittor-Cuddalore Raod, Mathur, Tiruvannamalai-606603. (1504)",COMPUTER SCIENCE AND ENGINEERING (CS),154.5,132.0,130.0,119.5,90.0,,118.0,Cuddalore
"Arunai Engineering College, Chittor-Cuddalore Raod, Mathur, Tiruvannamalai-606603. (1504)",COMPUTER SCIENCE AND ENGINEERING (AI AND MACHINE LEARNING) (AM),124.0,98.0,106.5,93.5,111.5,,,Cuddalore
"Arunai Engineering College, Chittor-Cuddalore Raod, Mathur, Tiruvannamalai-606603. (1504)",Computer Science and Engineering (Cyber Security) (SC),126.5,112.5,,94.5,95.0,115.0,,Cuddalore
"Arunai Engineering College, Chittor-Cuddalore Raod, Mathur, Tiruvannamalai-606603. (1504)",ELECTRICAL AND ELECTRONICS ENGINEERING (EE),117.0,97.5,102.0,111.5,,92.0,,Cuddalore
"Arunai Engineering College, Chittor-Cuddalore Raod, Mathur, Tiruvannamalai-606603. (1504)",ELECTRONICS AND COMMUNICATION ENGINEERING (EC),142.5,106.5,133.0,93.0,101.5,,,Cuddalore
"Arunai Engineering College, Chittor-Cuddalore Raod, Mathur, Tiruvannamalai-606603. (1504)",INFORMATION TECHNOLOGY (IT),144.0,136.0,114.5,111.0,107.5,123.0,,Cuddalore
"Arunai Engineering College, Chittor-Cuddalore Raod, Mathur, Tiruvannamalai-606603. (1504)",MECHANICAL ENGINEERING (ME),83.5,,,,,,,Cuddalore
"As-Salam College of Engineering and Technology, Thirumangalakudi-Aduthurai, Thiruvidaimaruthur, Thanjavur-612102. (3855)",Artificial Intelligence and Data Science (AD),87.5,,,,,,,Thanjavur
"As-Salam College of Engineering and Technology, Thirumangalakudi-Aduthurai, Thiruvidaimaruthur, Thanjavur-612102. (3855)",CIVIL  ENGINEERING (CE),,,,,,,,Thanjavur
"As-Salam College of Engineering and Technology, Thirumangalakudi-Aduthurai, Thiruvidaimaruthur, Thanjavur-612102. (3855)",COMPUTER SCIENCE AND ENGINEERING (CS),111.5,,,,,,,Thanjavur
"As-Salam College of Engineering and Technology, Thirumangalakudi-Aduthurai, Thiruvidaimaruthur, Thanjavur-612102. (3855)",Computer Science and Engineering (Cyber Security) (SC),90.5,,,,,,,Thanjavur
"As-Salam College of Engineering and Technology, Thirumangalakudi-Aduthurai, Thiruvidaimaruthur, Thanjavur-612102. (3855)",ELECTRICAL AND ELECTRONICS ENGINEERING (EE),123.0,,,,,,,Thanjavur
"As-Salam College of Engineering and Technology, Thirumangalakudi-Aduthurai, Thiruvidaimaruthur, Thanjavur-612102. (3855)",ELECTRONICS AND COMMUNICATION ENGINEERING (EC),,,,,,,,Thanjavur
"As-Salam College of Engineering and Technology, Thirumangalakudi-Aduthurai, Thiruvidaimaruthur, Thanjavur-612102. (3855)",INFORMATION TECHNOLOGY (IT),87.5,,,,,,,Thanjavur
"As-Salam College of Engineering and Technology, Thirumangalakudi-Aduthurai, Thiruvidaimaruthur, Thanjavur-612102. (3855)",MECHANICAL ENGINEERING (ME),,,,,,,,Thanjavur
"Asan Memorial College of Engineering and Technology, Asan Nagar, 9th kilometer, Chengalpattu - Mahabalipuram Highway, Post Box No.6, Chengalpattu-603001. (1423)",Artificial Intelligence and Data Science (AD),85.5,,,,,,,Chengalpattu
"Asan Memorial College of Engineering and Technology, Asan Nagar, 9th kilometer, Chengalpattu - Mahabalipuram Highway, Post Box No.6, Chengalpattu-603001. (1423)",COMPUTER SCIENCE AND ENGINEERING (CS),127.0,92.0,,84.0,,,,Chengalpattu
"Asan Memorial College of Engineering and Technology, Asan Nagar, 9th kilometer, Chengalpattu - Mahabalipuram Highway, Post Box No.6, Chengalpattu-603001. (1423)",Computer Science and Engineering (Cyber Security) (SC),131.0,,,,,,,Chengalpattu
"Asan Memorial College of Engineering and Technology, Asan Nagar, 9th kilometer, Chengalpattu - Mahabalipuram Highway, Post Box No.6, Chengalpattu-603001. (1423)",ELECTRICAL AND ELECTRONICS ENGINEERING (EE),95.0,,,,,,,Chengalpattu
"Asan Memorial College of Engineering and Technology, Asan Nagar, 9th kilometer, Chengalpattu - Mahabalipuram Highway, Post Box No.6, Chengalpattu-603001. (1423)",ELECTRONICS AND COMMUNICATION ENGINEERING (EC),108.0,,,,,,,Chengalpattu
"Asan Memorial College of Engineering and Technology, Asan Nagar, 9th kilometer, Chengalpattu - Mahabalipuram Highway, Post Box No.6, Chengalpattu-603001. (1423)",INFORMATION TECHNOLOGY (IT),114.5,,,,,,,Chengalpattu
"Asan Memorial College of Engineering and Technology, Asan Nagar, 9th kilometer, Chengalpattu - Mahabalipuram Highway, Post Box No.6, Chengalpattu-603001. (1423)",MECHANICAL ENGINEERING (ME),101.5,,,,,,,Chengalpattu
"Asian College of Engineering and Technology, 294/2,Asian College Road, Kondayampalayam, Near Saravanampatti, Coimbatore-641110. (2338)",AGRICULTURAL ENGINEERING (AG),91.5,87.0,,,85.0,,,Coimbatore
"Asian College of Engineering and Technology, 294/2,Asian College Road, Kondayampalayam, Near Saravanampatti, Coimbatore-641110. (2338)",Artificial Intelligence and Data Science (AD),119.5,85.0,,86.0,102.0,,,Coimbatore
"Asian College of Engineering and Technology, 294/2,Asian College Road, Kondayampalayam, Near Saravanampatti, Coimbatore-641110. (2338)",BIO MEDICAL ENGINEERING (BM),119.5,92.0,,,101.5,96.5,,Coimbatore
"Asian College of Engineering and Technology, 294/2,Asian College Road, Kondayampalayam, Near Saravanampatti, Coimbatore-641110. (2338)",COMPUTER SCIENCE AND ENGINEERING (CS),112.0,105.5,,87.5,86.5,,,Coimbatore
"Asian College of Engineering and Technology, 294/2,Asian College Road, Kondayampalayam, Near Saravanampatti, Coimbatore-641110. (2338)",ELECTRICAL AND ELECTRONICS ENGINEERING (EE),83.0,,,,,,,Coimbatore
"Asian College of Engineering and Technology, 294/2,Asian College Road, Kondayampalayam, Near Saravanampatti, Coimbatore-641110. (2338)",INFORMATION TECHNOLOGY (IT),120.0,108.0,,95.0,110.0,,107.5,Coimbatore
"Asian College of Engineering and Technology, 294/2,Asian College Road, Kondayampalayam, Near Saravanampatti, Coimbatore-641110. (2338)",MECHANICAL ENGINEERING (ME),92.0,,,,83.0,,,Coimbatore
"AVS Engineering College, Military Road, Ammapet, Salem-636003. (2636)",Artificial Intelligence and Data Science (AD),127.0,84.0,101.0,107.0,79.0,80.0,104.0,Salem
"AVS Engineering College, Military Road, Ammapet, Salem-636003. (2636)",BIO MEDICAL ENGINEERING (BM),144.0,82.0,126.0,135.0,104.0,137.0,,Salem
"AVS Engineering College, Military Road, Ammapet, Salem-636003. (2636)",CIVIL  ENGINEERING (CE),109.0,90.0,,101.0,80.5,104.0,,Salem
"AVS Engineering College, Military Road, Ammapet, Salem-636003. (2636)",COMPUTER SCIENCE AND ENGINEERING (CS),131.5,84.5,93.0,110.0,84.5,112.0,86.0,Salem
"AVS Engineering College, Military Road, Ammapet, Salem-636003. (2636)",ELECTRICAL AND ELECTRONICS ENGINEERING (EE),125.0,89.5,99.5,102.5,88.0,100.0,,Salem
"AVS Engineering College, Military Road, Ammapet, Salem-636003. (2636)",ELECTRONICS AND COMMUNICATION ENGINEERING (EC),127.0,95.5,94.0,104.5,92.0,101.0,99.0,Salem
"AVS Engineering College, Military Road, Ammapet, Salem-636003. (2636)",INFORMATION TECHNOLOGY (IT),137.5,88.5,,105.5,90.0,109.0,,Salem
"AVS Engineering College, Military Road, Ammapet, Salem-636003. (2636)",MECHANICAL ENGINEERING (ME),120.0,85.0,95.0,101.5,91.0,102.5,,Salem
"Bannari Amman Institute of Technology (Autonomous), Sathy-Bhavani Road, (State Highway), Alathukombai Post, Sathyamangalam (Taluk), Erode District-638401. (2702)",AGRICULTURAL ENGINEERING (AG),165.5,160.0,,147.5,111.0,,,Erode
"Bannari Amman Institute of Technology (Autonomous), Sathy-Bhavani Road, (State Highway), Alathukombai Post, Sathyamangalam (Taluk), Erode District-638401. (2702)",Artificial Intelligence and Data Science (AD),183.5,181.0,173.0,175.5,132.0,134.0,118.0,Erode
"Bannari Amman Institute of Technology (Autonomous), Sathy-Bhavani Road, (State Highway), Alathukombai Post, Sathyamangalam (Taluk), Erode District-638401. (2702)",Artificial Intelligence and Machine Learning (AL),180.5,179.0,174.0,175.0,131.5,127.5,,Erode
"Bannari Amman Institute of Technology (Autonomous), Sathy-Bhavani Road, (State Highway), Alathukombai Post, Sathyamangalam (Taluk), Erode District-638401. (2702)",BIO TECHNOLOGY (BT),173.0,165.5,155.5,153.0,107.5,121.0,,Erode
"Bannari Amman Institute of Technology (Autonomous), Sathy-Bhavani Road, (State Highway), Alathukombai Post, Sathyamangalam (Taluk), Erode District-638401. (2702)",COMPUTER SCIENCE AND BUSSINESS SYSTEM (CB),181.0,179.0,,175.5,135.5,132.5,104.0,Erode
"Bannari Amman Institute of Technology (Autonomous), Sathy-Bhavani Road, (State Highway), Alathukombai Post, Sathyamangalam (Taluk), Erode District-638401. (2702)",COMPUTER SCIENCE AND ENGINEERING (CS),187.5,184.0,181.5,182.5,142.5,115.0,112.0,Erode
"Bannari Amman Institute of Technology (Autonomous), Sathy-Bhavani Road, (State Highway), Alathukombai Post, Sathyamangalam (Taluk), Erode District-638401. (2702)",ELECTRICAL AND ELECTRONICS ENGINEERING (EE),179.0,176.5,167.0,167.0,128.0,132.0,125.0,Erode
"Bannari Amman Institute of Technology (Autonomous), Sathy-Bhavani Road, (State Highway), Alathukombai Post, Sathyamangalam (Taluk), Erode District-638401. (2702)",ELECTRONICS AND COMMUNICATION ENGINEERING (EC),184.0,181.5,173.5,176.0,136.0,139.5,119.0,Erode
"Bannari Amman Institute of Technology (Autonomous), Sathy-Bhavani Road, (State Highway), Alathukombai Post, Sathyamangalam (Taluk), Erode District-638401. (2702)",ELECTRONICS AND INSTRUMENTATION ENGINEERING (EI),175.5,174.0,172.0,166.0,118.0,127.0,,Erode
"Bannari Amman Institute of Technology (Autonomous), Sathy-Bhavani Road, (State Highway), Alathukombai Post, Sathyamangalam (Taluk), Erode District-638401. (2702)",INFORMATION TECHNOLOGY (IT),184.0,182.0,174.5,176.0,135.5,111.0,134.0,Erode
"Bannari Amman Institute of Technology (Autonomous), Sathy-Bhavani Road, (State Highway), Alathukombai Post, Sathyamangalam (Taluk), Erode District-638401. (2702)",MECHANICAL ENGINEERING (ME),171.0,167.5,161.5,160.0,122.0,126.5,,Erode
"Bannari Amman Institute of Technology (Autonomous), Sathy-Bhavani Road, (State Highway), Alathukombai Post, Sathyamangalam (Taluk), Erode District-638401. (2702)",Mechatronics Engineering (MZ),173.0,170.0,146.0,165.0,113.0,,,Erode
"Bethlahem Institute of Engineering, Nadutheri, Karungal, Kanyakumari-629157. (4992)",CIVIL  ENGINEERING (CE),109.0,,,,,,,Other
"Bethlahem Institute of Engineering, Nadutheri, Karungal, Kanyakumari-629157. (4992)",COMPUTER SCIENCE AND ENGINEERING (CS),123.0,85.5,,113.0,,,,Other
"Bethlahem Institute of Engineering, Nadutheri, Karungal, Kanyakumari-629157. (4992)",COMPUTER SCIENCE AND ENGINEERING (AI AND MACHINE LEARNING) (AM),107.0,92.0,90.5,101.0,,,,Other
"Bethlahem Institute of Engineering, Nadutheri, Karungal, Kanyakumari-629157. (4992)",ELECTRICAL AND ELECTRONICS ENGINEERING (EE),116.0,,,,,,,Other
"Bethlahem Institute of Engineering, Nadutheri, Karungal, Kanyakumari-629157. (4992)",ELECTRONICS AND COMMUNICATION ENGINEERING (EC),97.5,,,,,,,Other
"Bethlahem Institute of Engineering, Nadutheri, Karungal, Kanyakumari-629157. (4992)",INFORMATION TECHNOLOGY (IT),81.0,,,,,,,Other
"Bethlahem Institute of Engineering, Nadutheri, Karungal, Kanyakumari-629157. (4992)",MECHANICAL ENGINEERING (ME),86.0,,,,,,,Other
"Bhajarang Engineering College, Ayathur Village, Veppampattu (R.S), Thiruvallur dist-602024. (1102)",CIVIL  ENGINEERING (CE),,,,,,,,Other
"Bhajarang Engineering College, Ayathur Village, Veppampattu (R.S), Thiruvallur dist-602024. (1102)",COMPUTER SCIENCE AND ENGINEERING (CS),103.5,,,,,,,Other
"Bhajarang Engineering College, Ayathur Village, Veppampattu (R.S), Thiruvallur dist-602024. (1102)",ELECTRICAL AND ELECTRONICS ENGINEERING (EE),,,,,,,,Other
"Bhajarang Engineering College, Ayathur Village, Veppampattu (R.S), Thiruvallur dist-602024. (1102)",ELECTRONICS AND COMMUNICATION ENGINEERING (EC),131.5,,,,,,,Other
"Bhajarang Engineering College, Ayathur Village, Veppampattu (R.S), Thiruvallur dist-602024. (1102)",MECHANICAL ENGINEERING (ME),,,,,,,,Other
"Bharath Niketan Engineering College, Shri Gowri Nagar, Thimmarasanaickanoor, Aundipatti, Theni District-625536. (5902)",AGRICULTURAL ENGINEERING (AG),163.5,,,,,,,Other
"Bharath Niketan Engineering College, Shri Gowri Nagar, Thimmarasanaickanoor, Aundipatti, Theni District-625536. (5902)",Artificial Intelligence and Data Science (AD),104.5,91.0,,,92.5,,,Other
"Bharath Niketan Engineering College, Shri Gowri Nagar, Thimmarasanaickanoor, Aundipatti, Theni District-625536. (5902)",CIVIL  ENGINEERING (CE),,,,,,,,Other
"Bharath Niketan Engineering College, Shri Gowri Nagar, Thimmarasanaickanoor, Aundipatti, Theni District-625536. (5902)",COMPUTER SCIENCE AND ENGINEERING (CS),114.5,96.5,,93.5,89.0,92.0,,Other
"Bharath Niketan Engineering College, Shri Gowri Nagar, Thimmarasanaickanoor, Aundipatti, Theni District-625536. (5902)",ELECTRICAL AND ELECTRONICS ENGINEERING (EE),112.0,,,87.5,102.0,,,Other
"Bharath Niketan Engineering College, Shri Gowri Nagar, Thimmarasanaickanoor, Aundipatti, Theni District-625536. (5902)",ELECTRONICS AND COMMUNICATION ENGINEERING (EC),118.0,80.5,,83.5,,,,Other
"Bharath Niketan Engineering College, Shri Gowri Nagar, Thimmarasanaickanoor, Aundipatti, Theni District-625536. (5902)",INFORMATION TECHNOLOGY (IT),126.5,80.0,,92.0,101.5,110.5,,Other
"Bharath Niketan Engineering College, Shri Gowri Nagar, Thimmarasanaickanoor, Aundipatti, Theni District-625536. (5902)",MECHANICAL ENGINEERING (ME),91.5,,,,,,,Other
"Bharathidasan Engineering College, K.Bandarapalli Post, Nattrampalli, Vellore District-635854. (1519)",Artificial Intelligence and Data Science (AD),133.0,113.5,111.0,104.0,113.0,92.0,,Vellore
"Bharathidasan Engineering College, K.Bandarapalli Post, Nattrampalli, Vellore District-635854. (1519)",CIVIL  ENGINEERING (CE),,,,,,,,Vellore
"Bharathidasan Engineering College, K.Bandarapalli Post, Nattrampalli, Vellore District-635854. (1519)",COMPUTER SCIENCE AND ENGINEERING (CS),113.0,80.5,95.0,93.0,81.0,97.0,,Vellore
"Bharathidasan Engineering College, K.Bandarapalli Post, Nattrampalli, Vellore District-635854. (1519)",ELECTRICAL AND ELECTRONICS ENGINEERING (EE),90.0,,,,,,,Vellore
"Bharathidasan Engineering College, K.Bandarapalli Post, Nattrampalli, Vellore District-635854. (1519)",ELECTRONICS AND COMMUNICATION ENGINEERING (EC),83.0,,,,,,,Vellore
"Bharathidasan Engineering College, K.Bandarapalli Post, Nattrampalli, Vellore District-635854. (1519)",INFORMATION TECHNOLOGY (IT),143.0,88.5,120.0,100.0,95.5,,,Vellore
"Bharathidasan Engineering College, K.Bandarapalli Post, Nattrampalli, Vellore District-635854. (1519)",MECHANICAL ENGINEERING (ME),81.0,,,,,,,Vellore
"Bharathiyar Institute of Engineering for Women, 43/3, Deviyakurichi, Attur Taluk,Salem District-636112. (2643)",Artificial Intelligence and Data Science (AD),137.5,87.0,122.5,104.0,86.0,85.0,106.0,Salem
"Bharathiyar Institute of Engineering for Women, 43/3, Deviyakurichi, Attur Taluk,Salem District-636112. (2643)",COMPUTER SCIENCE AND ENGINEERING (CS),139.0,114.5,103.0,90.0,80.5,106.0,122.0,Salem
"Bharathiyar Institute of Engineering for Women, 43/3, Deviyakurichi, Attur Taluk,Salem District-636112. (2643)",Computer Science and Engineering (Cyber Security) (SC),108.5,82.0,88.5,98.0,87.5,93.0,,Salem
"Bharathiyar Institute of Engineering for Women, 43/3, Deviyakurichi, Attur Taluk,Salem District-636112. (2643)",ELECTRICAL AND ELECTRONICS ENGINEERING (EE),89.0,86.0,,83.0,86.0,,,Salem
"Bharathiyar Institute of Engineering for Women, 43/3, Deviyakurichi, Attur Taluk,Salem District-636112. (2643)",ELECTRONICS AND COMMUNICATION ENGINEERING (EC),116.0,88.5,110.0,89.5,91.5,101.0,,Salem
"Builders Engineering College (Autonomous), EBET Knowledge Park, Erode Road Nathakadaiyur, Kangeyam, Tiruppur-638108. (2656)",Artificial Intelligence and Data Science (AD),170.5,143.0,104.0,137.5,140.5,,,Tiruppur
"Builders Engineering College (Autonomous), EBET Knowledge Park, Erode Road Nathakadaiyur, Kangeyam, Tiruppur-638108. (2656)",CIVIL  ENGINEERING (CE),137.0,111.0,,123.5,107.0,126.5,89.5,Tiruppur
"Builders Engineering College (Autonomous), EBET Knowledge Park, Erode Road Nathakadaiyur, Kangeyam, Tiruppur-638108. (2656)",COMPUTER SCIENCE AND ENGINEERING (CS),174.5,142.0,,142.5,101.5,155.5,,Tiruppur
"Builders Engineering College (Autonomous), EBET Knowledge Park, Erode Road Nathakadaiyur, Kangeyam, Tiruppur-638108. (2656)",COMPUTER SCIENCE AND ENGINEERING (AI AND MACHINE LEARNING) (AM),153.0,135.5,,122.5,95.0,120.0,,Tiruppur
"Builders Engineering College (Autonomous), EBET Knowledge Park, Erode Road Nathakadaiyur, Kangeyam, Tiruppur-638108. (2656)",ELECTRICAL AND ELECTRONICS ENGINEERING (EE),144.5,133.0,132.5,128.0,124.5,140.5,,Tiruppur
"Builders Engineering College (Autonomous), EBET Knowledge Park, Erode Road Nathakadaiyur, Kangeyam, Tiruppur-638108. (2656)",ELECTRONICS AND COMMUNICATION ENGINEERING (EC),161.5,136.5,138.0,141.5,101.0,126.0,,Tiruppur
"Builders Engineering College (Autonomous), EBET Knowledge Park, Erode Road Nathakadaiyur, Kangeyam, Tiruppur-638108. (2656)",MECHANICAL ENGINEERING (ME),132.5,113.5,127.0,119.0,104.0,114.5,,Tiruppur
"C M S College of Engineering and Technology, Appachigoundapathy, Kumittipathy Post, Coimbatore-641032. (2772)",Artificial Intelligence and Data Science (AD),115.0,98.0,111.5,92.5,,,,Coimbatore
"C M S College of Engineering and Technology, Appachigoundapathy, Kumittipathy Post, Coimbatore-641032. (2772)",COMPUTER SCIENCE AND ENGINEERING (CS),113.0,80.0,,94.5,105.0,,,Coimbatore
"C M S College of Engineering and Technology, Appachigoundapathy, Kumittipathy Post, Coimbatore-641032. (2772)",COMPUTER SCIENCE AND ENGINEERING (AI AND MACHINE LEARNING) (AM),109.0,107.5,,88.0,,,,Coimbatore
"C M S College of Engineering and Technology, Appachigoundapathy, Kumittipathy Post, Coimbatore-641032. (2772)",Computer Science and Engineering (Cyber Security) (SC),127.5,81.0,,,104.5,,,Coimbatore
"C M S College of Engineering and Technology, Appachigoundapathy, Kumittipathy Post, Coimbatore-641032. (2772)",ELECTRONICS AND COMMUNICATION ENGINEERING (EC),116.0,88.0,112.0,102.0,97.5,,,Coimbatore
"C M S College of Engineering and Technology, Appachigoundapathy, Kumittipathy Post, Coimbatore-641032. (2772)",INFORMATION TECHNOLOGY (IT),124.5,94.5,,109.0,,,,Coimbatore
"C M S College of Engineering and Technology, Appachigoundapathy, Kumittipathy Post, Coimbatore-641032. (2772)",MECHANICAL ENGINEERING (ME),83.0,,,,,,,Coimbatore
"C.Abdul Hakeem College of Engineering and Technology, Hakeem Nagar, Melvisharam, Vellore -632509. (1505)",Artificial Intelligence and Data Science (AD),160.0,131.5,149.5,136.5,103.0,,,Vellore
"C.Abdul Hakeem College of Engineering and Technology, Hakeem Nagar, Melvisharam, Vellore -632509. (1505)",CIVIL  ENGINEERING (CE),109.5,,,,,,,Vellore
"C.Abdul Hakeem College of Engineering and Technology, Hakeem Nagar, Melvisharam, Vellore -632509. (1505)",COMPUTER SCIENCE AND ENGINEERING (CS),160.0,121.0,150.5,132.5,108.5,,,Vellore
"C.Abdul Hakeem College of Engineering and Technology, Hakeem Nagar, Melvisharam, Vellore -632509. (1505)",ELECTRICAL AND ELECTRONICS ENGINEERING (EE),122.0,93.5,114.5,116.5,,,,Vellore
"C.Abdul Hakeem College of Engineering and Technology, Hakeem Nagar, Melvisharam, Vellore -632509. (1505)",ELECTRONICS AND COMMUNICATION ENGINEERING (EC),143.0,115.5,140.5,112.5,,109.0,,Vellore
"C.Abdul Hakeem College of Engineering and Technology, Hakeem Nagar, Melvisharam, Vellore -632509. (1505)",INFORMATION TECHNOLOGY (IT),158.5,120.5,142.0,123.5,97.5,,,Vellore
"C.Abdul Hakeem College of Engineering and Technology, Hakeem Nagar, Melvisharam, Vellore -632509. (1505)",MECHANICAL ENGINEERING (ME),105.0,104.0,,,,,,Vellore
"C.K. College of Engineering & Technology, Jayaram Nagar, Chellangkuppam, Cuddalore-607003. (3425)",Artificial Intelligence and Data Science (AD),163.0,125.5,155.0,149.0,116.5,,,Cuddalore
"C.K. College of Engineering & Technology, Jayaram Nagar, Chellangkuppam, Cuddalore-607003. (3425)",BIO MEDICAL ENGINEERING (BM),121.5,108.5,,91.5,92.5,106.5,,Cuddalore
"C.K. College of Engineering & Technology, Jayaram Nagar, Chellangkuppam, Cuddalore-607003. (3425)",CIVIL  ENGINEERING (CE),119.0,83.0,109.5,89.5,108.0,84.0,,Cuddalore
"C.K. College of Engineering & Technology, Jayaram Nagar, Chellangkuppam, Cuddalore-607003. (3425)",COMPUTER SCIENCE AND ENGINEERING (CS),168.5,134.0,152.5,155.5,124.5,104.5,,Cuddalore
"C.K. College of Engineering & Technology, Jayaram Nagar, Chellangkuppam, Cuddalore-607003. (3425)",ELECTRICAL AND ELECTRONICS ENGINEERING (EE),126.5,105.5,94.0,101.0,86.0,,,Cuddalore
"C.K. College of Engineering & Technology, Jayaram Nagar, Chellangkuppam, Cuddalore-607003. (3425)",ELECTRONICS AND COMMUNICATION ENGINEERING (EC),142.5,106.0,134.5,138.0,105.5,,,Cuddalore
"C.K. College of Engineering & Technology, Jayaram Nagar, Chellangkuppam, Cuddalore-607003. (3425)",INFORMATION TECHNOLOGY (IT),164.0,110.5,145.0,145.0,127.0,89.5,,Cuddalore
"C.K. College of Engineering & Technology, Jayaram Nagar, Chellangkuppam, Cuddalore-607003. (3425)",MECHANICAL ENGINEERING (ME),116.5,,91.5,103.0,96.0,,,Cuddalore
"C.K. College of Engineering & Technology, Jayaram Nagar, Chellangkuppam, Cuddalore-607003. (3425)",ROBOTICS AND AUTOMATION (RM),121.0,116.5,95.0,99.0,101.0,,,Cuddalore
"C.S.I. Institute of Technology, Thovalai & PO, Kanyakumari District, Nagercoil-629302. (4952)",Artificial Intelligence and Data Science (AD),89.5,85.5,,83.5,82.5,,,Other
"C.S.I. Institute of Technology, Thovalai & PO, Kanyakumari District, Nagercoil-629302. (4952)",CIVIL  ENGINEERING (CE),94.5,,,,,,,Other
"C.S.I. Institute of Technology, Thovalai & PO, Kanyakumari District, Nagercoil-629302. (4952)",COMPUTER SCIENCE AND ENGINEERING (CS),81.5,,,,,,,Other
"C.S.I. Institute of Technology, Thovalai & PO, Kanyakumari District, Nagercoil-629302. (4952)",COMPUTER SCIENCE AND ENGINEERING (AI AND MACHINE LEARNING) (AM),108.0,,,,,,,Other
"C.S.I. Institute of Technology, Thovalai & PO, Kanyakumari District, Nagercoil-629302. (4952)",ELECTRICAL AND ELECTRONICS ENGINEERING (EE),85.5,,,,,,,Other
"C.S.I. Institute of Technology, Thovalai & PO, Kanyakumari District, Nagercoil-629302. (4952)",ELECTRONICS AND COMMUNICATION ENGINEERING (EC),132.0,,,,,,,Other
"C.S.I. Institute of Technology, Thovalai & PO, Kanyakumari District, Nagercoil-629302. (4952)",INFORMATION TECHNOLOGY (IT),85.5,,,,,,,Other
"C.S.I. Institute of Technology, Thovalai & PO, Kanyakumari District, Nagercoil-629302. (4952)",MECHANICAL ENGINEERING (ME),90.5,,,,,,,Other
"Cape Institute of Technology, Rajakrishnapuram Post, Radhapuram Taluk, Levengipuram, Tirunelvei-627114. (4953)",CIVIL  ENGINEERING (CE),,,,,,,,Other
"Cape Institute of Technology, Rajakrishnapuram Post, Radhapuram Taluk, Levengipuram, Tirunelvei-627114. (4953)",COMPUTER SCIENCE AND ENGINEERING (CS),99.0,80.0,,87.0,83.5,,,Other
"Cape Institute of Technology, Rajakrishnapuram Post, Radhapuram Taluk, Levengipuram, Tirunelvei-627114. (4953)",COMPUTER SCIENCE AND ENGINEERING (AI AND MACHINE LEARNING) (AM),119.0,107.0,,,114.0,,,Other
"Cape Institute of Technology, Rajakrishnapuram Post, Radhapuram Taluk, Levengipuram, Tirunelvei-627114. (4953)",ELECTRICAL AND ELECTRONICS ENGINEERING (EE),86.5,,,,,,,Other
"Cape Institute of Technology, Rajakrishnapuram Post, Radhapuram Taluk, Levengipuram, Tirunelvei-627114. (4953)",ELECTRONICS AND COMMUNICATION ENGINEERING (EC),94.5,,,,,,,Other
"Cape Institute of Technology, Rajakrishnapuram Post, Radhapuram Taluk, Levengipuram, Tirunelvei-627114. (4953)",INFORMATION TECHNOLOGY (IT),81.5,,,,,,,Other
"Cape Institute of Technology, Rajakrishnapuram Post, Radhapuram Taluk, Levengipuram, Tirunelvei-627114. (4953)",MECHANICAL ENGINEERING (ME),83.0,,,,,,,Other
"CARE College of Engineering (Autonomous), No.27, Thayanoor village, Kuttapatti, Tiruchirappalli-620009. (3841)",Artificial Intelligence and Data Science (AD),154.5,143.5,151.0,141.0,94.5,112.5,,Tiruchirappalli
"CARE College of Engineering (Autonomous), No.27, Thayanoor village, Kuttapatti, Tiruchirappalli-620009. (3841)",Bachelor of Design (DA),,,,,,,,Tiruchirappalli
"CARE College of Engineering (Autonomous), No.27, Thayanoor village, Kuttapatti, Tiruchirappalli-620009. (3841)",CIVIL  ENGINEERING (CE),110.0,101.0,,,107.5,,,Tiruchirappalli
"CARE College of Engineering (Autonomous), No.27, Thayanoor village, Kuttapatti, Tiruchirappalli-620009. (3841)",COMPUTER SCIENCE AND ENGINEERING (CS),157.0,142.0,149.0,137.5,108.0,111.5,,Tiruchirappalli
"CARE College of Engineering (Autonomous), No.27, Thayanoor village, Kuttapatti, Tiruchirappalli-620009. (3841)",ELECTRONICS AND COMMUNICATION ENGINEERING (EC),146.5,139.0,139.5,138.0,111.0,103.5,,Tiruchirappalli
"CARE College of Engineering (Autonomous), No.27, Thayanoor village, Kuttapatti, Tiruchirappalli-620009. (3841)",MECHANICAL ENGINEERING (ME),120.5,80.0,,101.0,106.5,,,Tiruchirappalli
Central Electrochemical Research Institute CECRI)  Karaikudi  Sivagangai District 630006 (5012),CHEMICAL AND ELECTRO CHEMICAL  ENGINEERING (SS) (CC),194.0,192.0,190.0,191.0,190.0,157.5,,Sivaganga
Central Institute of Petrochemicals Engineering and Technology (Formerly Central Institute of Plastics Engineering and Technology) (CIPET)  Guindy  Chennai 600032 (1321),MANUFACTURING ENGINEERING (MN),171.5,158.0,155.0,153.5,140.5,126.0,,Chennai
Central Institute of Petrochemicals Engineering and Technology (Formerly Central Institute of Plastics Engineering and Technology) (CIPET)  Guindy  Chennai 600032 (1321),PLASTIC TECHNOLOGY (PA),172.5,158.0,166.0,155.5,143.0,127.0,146.0,Chennai
"Chendhuran College of Engineering and Technology, Madurai Main Road, Lena Vilakku, Pilivalam Post, Thirumayam Taluk, Pudukkottai District-622507. (3926)",Artificial Intelligence and Data Science (AD),123.5,88.0,90.5,110.0,101.5,,,Pudukkottai
"Chendhuran College of Engineering and Technology, Madurai Main Road, Lena Vilakku, Pilivalam Post, Thirumayam Taluk, Pudukkottai District-622507. (3926)",CIVIL  ENGINEERING (CE),125.5,,,,,,,Pudukkottai
"Chendhuran College of Engineering and Technology, Madurai Main Road, Lena Vilakku, Pilivalam Post, Thirumayam Taluk, Pudukkottai District-622507. (3926)",COMPUTER SCIENCE AND ENGINEERING (CS),122.0,80.5,,89.5,87.0,,,Pudukkottai
"Chendhuran College of Engineering and Technology, Madurai Main Road, Lena Vilakku, Pilivalam Post, Thirumayam Taluk, Pudukkottai District-622507. (3926)",ELECTRICAL AND ELECTRONICS ENGINEERING (EE),85.5,,,,,,,Pudukkottai
"Chendhuran College of Engineering and Technology, Madurai Main Road, Lena Vilakku, Pilivalam Post, Thirumayam Taluk, Pudukkottai District-622507. (3926)",ELECTRONICS AND COMMUNICATION ENGINEERING (EC),85.0,,,,,,,Pudukkottai
"Chendhuran College of Engineering and Technology, Madurai Main Road, Lena Vilakku, Pilivalam Post, Thirumayam Taluk, Pudukkottai District-622507. (3926)",MECHANICAL ENGINEERING (ME),82.0,,,,,,,Pudukkottai
Chennai Institute of Technology (Autonomous) Puduper Village  Nandambakkam Post  Kundrathur  Chennai 600069 (1399),Artificial Intelligence and Data Science (AD),191.5,189.5,190.0,187.0,176.5,127.5,140.0,Chennai
Chennai Institute of Technology (Autonomous) Puduper Village  Nandambakkam Post  Kundrathur  Chennai 600069 (1399),BIO MEDICAL ENGINEERING (BM),188.0,184.5,183.0,185.0,169.0,146.0,,Chennai
Chennai Institute of Technology (Autonomous) Puduper Village  Nandambakkam Post  Kundrathur  Chennai 600069 (1399),CIVIL  ENGINEERING (CE),183.5,181.0,183.0,182.0,162.965,,,Chennai
Chennai Institute of Technology (Autonomous) Puduper Village  Nandambakkam Post  Kundrathur  Chennai 600069 (1399),COMPUTER SCIENCE AND BUSSINESS SYSTEM (CB),190.0,189.0,189.5,187.5,170.5,,138.5,Chennai
Chennai Institute of Technology (Autonomous) Puduper Village  Nandambakkam Post  Kundrathur  Chennai 600069 (1399),COMPUTER SCIENCE AND ENGINEERING (CS),194.0,191.0,191.0,188.5,172.0,131.5,140.0,Chennai
Chennai Institute of Technology (Autonomous) Puduper Village  Nandambakkam Post  Kundrathur  Chennai 600069 (1399),COMPUTER SCIENCE AND ENGINEERING (AI AND MACHINE LEARNING) (AM),190.5,189.0,189.5,186.5,171.5,158.0,142.5,Chennai
Chennai Institute of Technology (Autonomous) Puduper Village  Nandambakkam Post  Kundrathur  Chennai 600069 (1399),Computer Science and Engineering (Cyber Security) (SC),190.5,189.0,189.185,186.5,174.0,155.5,,Chennai
Chennai Institute of Technology (Autonomous) Puduper Village  Nandambakkam Post  Kundrathur  Chennai 600069 (1399),ELECTRICAL AND ELECTRONICS ENGINEERING (EE),189.0,187.5,188.5,185.0,167.92,,124.0,Chennai
Chennai Institute of Technology (Autonomous) Puduper Village  Nandambakkam Post  Kundrathur  Chennai 600069 (1399),Electronics and Communication (Advanced Communication Technology) (EA),189.5,188.5,188.5,187.0,170.0,160.5,,Chennai
Chennai Institute of Technology (Autonomous) Puduper Village  Nandambakkam Post  Kundrathur  Chennai 600069 (1399),ELECTRONICS AND COMMUNICATION ENGINEERING (EC),193.0,190.5,190.0,189.0,176.0,149.5,143.5,Chennai
Chennai Institute of Technology (Autonomous) Puduper Village  Nandambakkam Post  Kundrathur  Chennai 600069 (1399),Electronics Engineering (VLSI Design and Technology) (EV),189.0,188.0,189.0,185.5,166.26,164.5,,Chennai
Chennai Institute of Technology (Autonomous) Puduper Village  Nandambakkam Post  Kundrathur  Chennai 600069 (1399),INFORMATION TECHNOLOGY (IT),191.0,190.0,190.0,187.5,170.0,154.0,128.0,Chennai
Chennai Institute of Technology (Autonomous) Puduper Village  Nandambakkam Post  Kundrathur  Chennai 600069 (1399),MECHANICAL ENGINEERING (ME),184.0,181.89,183.0,179.745,164.775,150.5,123.5,Chennai
Chennai Institute of Technology (Autonomous) Puduper Village  Nandambakkam Post  Kundrathur  Chennai 600069 (1399),Mechatronics Engineering (MZ),187.5,186.0,184.5,185.0,165.5,143.0,,Chennai
"Cheran College of Technology, Cheran Nagar, Thittuparai, Kangeyam, Tiruppur-638701. (2378)",COMPUTER SCIENCE AND ENGINEERING (CS),,,,,,,,Tiruppur
"Cheran College of Technology, Cheran Nagar, Thittuparai, Kangeyam, Tiruppur-638701. (2378)",Computer Science and Engineering (Cyber Security) (SC),,,,,,,,Tiruppur
"Cheran College of Technology, Cheran Nagar, Thittuparai, Kangeyam, Tiruppur-638701. (2378)",ELECTRONICS AND COMMUNICATION ENGINEERING (EC),152.5,,,,,,,Tiruppur
"Cheran College of Technology, Cheran Nagar, Thittuparai, Kangeyam, Tiruppur-638701. (2378)",MECHANICAL ENGINEERING (ME),,,,,,,,Tiruppur
"Chettinad College of Engineering and Technology, NH-67, Karur to Trichy Highways, Puliyur CF, Karur-639114. (2630)",Artificial Intelligence and Data Science (AD),156.0,128.5,112.5,129.5,102.5,93.5,,Karur
"Chettinad College of Engineering and Technology, NH-67, Karur to Trichy Highways, Puliyur CF, Karur-639114. (2630)",COMPUTER SCIENCE AND ENGINEERING (CS),145.0,140.0,118.5,134.5,104.5,107.0,,Karur
"Chettinad College of Engineering and Technology, NH-67, Karur to Trichy Highways, Puliyur CF, Karur-639114. (2630)",ELECTRICAL AND ELECTRONICS ENGINEERING (EE),119.0,100.5,98.0,105.5,84.5,88.0,,Karur
"Chettinad College of Engineering and Technology, NH-67, Karur to Trichy Highways, Puliyur CF, Karur-639114. (2630)",ELECTRONICS AND COMMUNICATION ENGINEERING (EC),146.5,128.0,97.0,121.0,98.0,140.5,,Karur
"Chettinad College of Engineering and Technology, NH-67, Karur to Trichy Highways, Puliyur CF, Karur-639114. (2630)",INFORMATION TECHNOLOGY (IT),136.0,129.5,108.0,126.5,114.0,126.0,,Karur
"Chettinad College of Engineering and Technology, NH-67, Karur to Trichy Highways, Puliyur CF, Karur-639114. (2630)",MECHANICAL ENGINEERING (ME),111.5,85.5,,96.5,,,,Karur
"Christ The King Engineering College, Cecilia Gardens, Chikkarampalayam Village, Karamadai, Coimbatore-641104. (2650)",Artificial Intelligence and Data Science (AD),123.5,85.0,,82.5,87.0,102.0,,Coimbatore
"Christ The King Engineering College, Cecilia Gardens, Chikkarampalayam Village, Karamadai, Coimbatore-641104. (2650)",COMPUTER SCIENCE AND ENGINEERING (CS),113.5,86.5,95.5,81.5,101.0,,89.0,Coimbatore
"Christ The King Engineering College, Cecilia Gardens, Chikkarampalayam Village, Karamadai, Coimbatore-641104. (2650)",ELECTRICAL AND ELECTRONICS ENGINEERING (EE),,,,,,,,Coimbatore
"Christ The King Engineering College, Cecilia Gardens, Chikkarampalayam Village, Karamadai, Coimbatore-641104. (2650)",ELECTRONICS AND COMMUNICATION ENGINEERING (EC),98.0,,,81.5,,,80.5,Coimbatore
"Christ The King Engineering College, Cecilia Gardens, Chikkarampalayam Village, Karamadai, Coimbatore-641104. (2650)",INFORMATION TECHNOLOGY (IT),116.5,91.0,,95.0,88.0,,,Coimbatore
"Christ The King Engineering College, Cecilia Gardens, Chikkarampalayam Village, Karamadai, Coimbatore-641104. (2650)",MECHANICAL ENGINEERING (ME),81.0,,,,,,,Coimbatore
"Christian College of Engineering and Technology, Near Check Post, Oddanchatram, Dindigul-624619. (5703)",AGRICULTURAL ENGINEERING (AG),113.5,,,,,,,Dindigul
"Christian College of Engineering and Technology, Near Check Post, Oddanchatram, Dindigul-624619. (5703)",Artificial Intelligence and Data Science (AD),135.5,108.5,88.0,127.5,127.0,,,Dindigul
"Christian College of Engineering and Technology, Near Check Post, Oddanchatram, Dindigul-624619. (5703)",CIVIL  ENGINEERING (CE),93.0,,,,,,,Dindigul
"Christian College of Engineering and Technology, Near Check Post, Oddanchatram, Dindigul-624619. (5703)",COMPUTER SCIENCE AND ENGINEERING (CS),123.5,99.0,,87.0,86.0,114.5,,Dindigul
"Christian College of Engineering and Technology, Near Check Post, Oddanchatram, Dindigul-624619. (5703)",COMPUTER SCIENCE AND ENGINEERING (AI AND MACHINE LEARNING) (AM),96.5,,,,,,,Dindigul
"Christian College of Engineering and Technology, Near Check Post, Oddanchatram, Dindigul-624619. (5703)",ELECTRICAL AND ELECTRONICS ENGINEERING (EE),114.5,,,,,,,Dindigul
"Christian College of Engineering and Technology, Near Check Post, Oddanchatram, Dindigul-624619. (5703)",ELECTRONICS AND COMMUNICATION ENGINEERING (EC),95.0,88.5,,,,90.5,,Dindigul
"Christian College of Engineering and Technology, Near Check Post, Oddanchatram, Dindigul-624619. (5703)",INFORMATION TECHNOLOGY (IT),112.5,84.0,84.0,,86.5,98.0,,Dindigul
"Christian College of Engineering and Technology, Near Check Post, Oddanchatram, Dindigul-624619. (5703)",MECHANICAL ENGINEERING (ME),84.5,,,,,,,Dindigul
"CMS College of Engineering, CMS Nagar, Eranapuram Post, Namakkal-637003. (2635)",Artificial Intelligence and Data Science (AD),101.0,,,,,,,Namakkal
"CMS College of Engineering, CMS Nagar, Eranapuram Post, Namakkal-637003. (2635)",BIO MEDICAL ENGINEERING (BM),81.5,,,,,,,Namakkal
"CMS College of Engineering, CMS Nagar, Eranapuram Post, Namakkal-637003. (2635)",COMPUTER SCIENCE AND ENGINEERING (CS),96.0,,,,,,,Namakkal
"CMS College of Engineering, CMS Nagar, Eranapuram Post, Namakkal-637003. (2635)",Computer Science and Engineering (Cyber Security) (SC),80.5,,,,,,,Namakkal
"CMS College of Engineering, CMS Nagar, Eranapuram Post, Namakkal-637003. (2635)",ELECTRICAL AND ELECTRONICS ENGINEERING (EE),95.0,,,,,,,Namakkal
"CMS College of Engineering, CMS Nagar, Eranapuram Post, Namakkal-637003. (2635)",ELECTRONICS AND COMMUNICATION ENGINEERING (EC),104.5,,,,,,,Namakkal
"CMS College of Engineering, CMS Nagar, Eranapuram Post, Namakkal-637003. (2635)",MECHANICAL ENGINEERING (ME),90.0,,,85.5,,,,Namakkal
"Coimbatore Institute of Engineering and Technology (Autonomous), Vellimalaipattinam, Narasipuram Post, Thondamuthur Via, Coimbatore-641109. (2704)",Artificial Intelligence and Data Science (AD),171.5,160.5,159.0,156.0,134.0,123.0,,Coimbatore
"Coimbatore Institute of Engineering and Technology (Autonomous), Vellimalaipattinam, Narasipuram Post, Thondamuthur Via, Coimbatore-641109. (2704)",CIVIL  ENGINEERING (CE),130.0,94.0,120.0,84.0,107.0,,,Coimbatore
"Coimbatore Institute of Engineering and Technology (Autonomous), Vellimalaipattinam, Narasipuram Post, Thondamuthur Via, Coimbatore-641109. (2704)",COMPUTER SCIENCE AND ENGINEERING (CS),170.0,161.5,154.0,158.0,125.0,151.5,,Coimbatore
"Coimbatore Institute of Engineering and Technology (Autonomous), Vellimalaipattinam, Narasipuram Post, Thondamuthur Via, Coimbatore-641109. (2704)",COMPUTER SCIENCE AND ENGINEERING (AI AND MACHINE LEARNING) (AM),158.0,153.0,154.0,149.0,115.5,138.0,,Coimbatore
"Coimbatore Institute of Engineering and Technology (Autonomous), Vellimalaipattinam, Narasipuram Post, Thondamuthur Via, Coimbatore-641109. (2704)",Computer Science and Engineering (Cyber Security) (SC),158.0,153.5,140.5,148.5,112.0,122.5,,Coimbatore
"Coimbatore Institute of Engineering and Technology (Autonomous), Vellimalaipattinam, Narasipuram Post, Thondamuthur Via, Coimbatore-641109. (2704)",ELECTRICAL AND ELECTRONICS ENGINEERING (EE),155.5,149.0,,147.0,102.0,144.0,,Coimbatore
"Coimbatore Institute of Engineering and Technology (Autonomous), Vellimalaipattinam, Narasipuram Post, Thondamuthur Via, Coimbatore-641109. (2704)",ELECTRONICS AND COMMUNICATION ENGINEERING (EC),171.5,163.0,148.5,158.5,144.0,103.0,,Coimbatore
"Coimbatore Institute of Engineering and Technology (Autonomous), Vellimalaipattinam, Narasipuram Post, Thondamuthur Via, Coimbatore-641109. (2704)",Electronics Engineering (VLSI Design and Technology) (EV),142.5,133.0,107.0,117.0,,,,Coimbatore
"Coimbatore Institute of Engineering and Technology (Autonomous), Vellimalaipattinam, Narasipuram Post, Thondamuthur Via, Coimbatore-641109. (2704)",INFORMATION TECHNOLOGY (IT),169.0,158.0,164.5,162.5,132.0,129.5,,Coimbatore
"Coimbatore Institute of Engineering and Technology (Autonomous), Vellimalaipattinam, Narasipuram Post, Thondamuthur Via, Coimbatore-641109. (2704)",MECHANICAL ENGINEERING (ME),135.5,91.0,100.0,113.0,,,,Coimbatore
"Coimbatore Institute of Engineering and Technology (Autonomous), Vellimalaipattinam, Narasipuram Post, Thondamuthur Via, Coimbatore-641109. (2704)",Mechatronics Engineering (MZ),144.0,121.5,,114.0,107.0,108.0,,Coimbatore
Coimbatore Institute of Technology (Autonomous)  Civil Aerodrome Post  Coimbatore District 641014 (2007),ARTIFICIAL INTELLIGENCE AND DATA SCIENCE (SS) (AT),195.5,195.0,195.0,193.0,185.0,,,Coimbatore
Coimbatore Institute of Technology (Autonomous)  Civil Aerodrome Post  Coimbatore District 641014 (2007),CHEMICAL  ENGINEERING (CH),189.0,185.0,184.5,182.5,173.0,169.0,179.0,Coimbatore
Coimbatore Institute of Technology (Autonomous)  Civil Aerodrome Post  Coimbatore District 641014 (2007),CHEMICAL  ENGINEERING (SS) (CL),186.0,183.5,185.5,179.5,173.0,143.0,,Coimbatore
Coimbatore Institute of Technology (Autonomous)  Civil Aerodrome Post  Coimbatore District 641014 (2007),CIVIL  ENGINEERING (CE),184.5,179.5,177.0,181.0,173.5,164.5,,Coimbatore
Coimbatore Institute of Technology (Autonomous)  Civil Aerodrome Post  Coimbatore District 641014 (2007),CIVIL  ENGINEERING (SS) (CN),183.0,178.0,160.0,179.5,170.5,,,Coimbatore
Coimbatore Institute of Technology (Autonomous)  Civil Aerodrome Post  Coimbatore District 641014 (2007),COMPUTER SCIENCE AND ENGINEERING (CS),197.0,196.0,195.0,195.5,191.0,186.5,186.0,Coimbatore
Coimbatore Institute of Technology (Autonomous)  Civil Aerodrome Post  Coimbatore District 641014 (2007),COMPUTER SCIENCE AND ENGINEERING (SS) (CM),196.0,196.0,195.0,195.0,185.5,184.5,173.5,Coimbatore
Coimbatore Institute of Technology (Autonomous)  Civil Aerodrome Post  Coimbatore District 641014 (2007),ELECTRICAL AND ELECTRONICS ENGINEERING (EE),193.5,192.5,190.5,192.0,180.0,179.0,,Coimbatore
Coimbatore Institute of Technology (Autonomous)  Civil Aerodrome Post  Coimbatore District 641014 (2007),ELECTRICAL AND ELECTRONICS ENGINEERING (SS) (EY),192.0,190.5,189.0,189.5,176.5,170.5,,Coimbatore
Coimbatore Institute of Technology (Autonomous)  Civil Aerodrome Post  Coimbatore District 641014 (2007),ELECTRONICS AND COMMUNICATION ENGINEERING (EC),196.0,195.5,195.5,194.5,187.0,186.5,,Coimbatore
Coimbatore Institute of Technology (Autonomous)  Civil Aerodrome Post  Coimbatore District 641014 (2007),ELECTRONICS AND COMMUNICATION ENGINEERING (SS) (EM),195.0,194.0,194.0,193.5,185.0,182.5,,Coimbatore
Coimbatore Institute of Technology (Autonomous)  Civil Aerodrome Post  Coimbatore District 641014 (2007),INFORMATION TECHNOLOGY (SS) (IM),195.5,195.0,194.5,194.5,185.5,182.0,180.5,Coimbatore
Coimbatore Institute of Technology (Autonomous)  Civil Aerodrome Post  Coimbatore District 641014 (2007),MECHANICAL ENGINEERING (ME),189.0,185.0,187.0,184.0,171.5,175.0,,Coimbatore
Coimbatore Institute of Technology (Autonomous)  Civil Aerodrome Post  Coimbatore District 641014 (2007),MECHANICAL ENGINEERING (SS) (MF),184.5,182.0,181.0,179.5,164.5,170.0,,Coimbatore
"CSI College of Engineering, Ketti Valley, The Nilgiris-643215. (2705)",Artificial Intelligence and Data Science (AD),131.5,99.5,122.0,82.0,98.5,,,The Nilgiris
"CSI College of Engineering, Ketti Valley, The Nilgiris-643215. (2705)",CIVIL  ENGINEERING (CE),110.5,,,,,,,The Nilgiris
"CSI College of Engineering, Ketti Valley, The Nilgiris-643215. (2705)",COMPUTER SCIENCE AND ENGINEERING (CS),116.0,87.0,81.0,101.5,88.5,,,The Nilgiris
"CSI College of Engineering, Ketti Valley, The Nilgiris-643215. (2705)",COMPUTER SCIENCE AND ENGINEERING (AI AND MACHINE LEARNING) (AM),93.5,,92.0,,89.0,,,The Nilgiris
"CSI College of Engineering, Ketti Valley, The Nilgiris-643215. (2705)",Computer Science and Engineering (Cyber Security) (SC),118.0,86.0,89.5,,89.5,,,The Nilgiris
"CSI College of Engineering, Ketti Valley, The Nilgiris-643215. (2705)",ELECTRICAL AND ELECTRONICS ENGINEERING (EE),132.5,,,,,,,The Nilgiris
"CSI College of Engineering, Ketti Valley, The Nilgiris-643215. (2705)",ELECTRONICS AND COMMUNICATION ENGINEERING (EC),92.5,83.5,,,,,,The Nilgiris
"CSI College of Engineering, Ketti Valley, The Nilgiris-643215. (2705)",INFORMATION TECHNOLOGY (IT),105.5,98.5,102.5,98.5,96.5,,,The Nilgiris
"CSI College of Engineering, Ketti Valley, The Nilgiris-643215. (2705)",MECHANICAL ENGINEERING (ME),86.0,,,,,,,The Nilgiris
"Dhaanish Ahmed College of Engineering, Dhaanish Nagar, Vanchuvancherry, Padappai(Near Tambaram), Sriperumbudur Taluk, Kancheepuram District-601301. (1424)",Artificial Intelligence and Data Science (AD),147.0,101.5,144.5,118.0,96.0,,,Kancheepuram
"Dhaanish Ahmed College of Engineering, Dhaanish Nagar, Vanchuvancherry, Padappai(Near Tambaram), Sriperumbudur Taluk, Kancheepuram District-601301. (1424)",COMPUTER SCIENCE AND BUSSINESS SYSTEM (CB),141.0,125.5,137.0,132.5,,,,Kancheepuram
"Dhaanish Ahmed College of Engineering, Dhaanish Nagar, Vanchuvancherry, Padappai(Near Tambaram), Sriperumbudur Taluk, Kancheepuram District-601301. (1424)",COMPUTER SCIENCE AND ENGINEERING (CS),152.0,108.0,144.5,92.5,102.0,135.0,,Kancheepuram
"Dhaanish Ahmed College of Engineering, Dhaanish Nagar, Vanchuvancherry, Padappai(Near Tambaram), Sriperumbudur Taluk, Kancheepuram District-601301. (1424)",ELECTRICAL AND ELECTRONICS ENGINEERING (EE),129.5,105.0,128.5,105.0,98.0,,,Kancheepuram
"Dhaanish Ahmed College of Engineering, Dhaanish Nagar, Vanchuvancherry, Padappai(Near Tambaram), Sriperumbudur Taluk, Kancheepuram District-601301. (1424)",ELECTRONICS AND COMMUNICATION ENGINEERING (EC),144.5,100.5,143.0,109.5,119.0,,,Kancheepuram
"Dhaanish Ahmed College of Engineering, Dhaanish Nagar, Vanchuvancherry, Padappai(Near Tambaram), Sriperumbudur Taluk, Kancheepuram District-601301. (1424)",MECHANICAL ENGINEERING (ME),,,,,,,,Kancheepuram
"Dhaanish Ahmed College of Engineering, Dhaanish Nagar, Vanchuvancherry, Padappai(Near Tambaram), Sriperumbudur Taluk, Kancheepuram District-601301. (1424)",PETROLEUM ENGINEERING (PE),120.5,104.5,,102.5,113.0,,,Kancheepuram
"Dhaanish Ahmed College of Engineering, Dhaanish Nagar, Vanchuvancherry, Padappai(Near Tambaram), Sriperumbudur Taluk, Kancheepuram District-601301. (1424)",ROBOTICS AND AUTOMATION (RM),135.0,88.5,,113.5,85.0,,,Kancheepuram
"Dhaanish Ahmed Institute of Technology, Pitchanur Village, Coimbatore-641018. (2349)",Artificial Intelligence and Data Science (AD),131.5,92.5,129.5,114.5,93.0,,,Coimbatore
"Dhaanish Ahmed Institute of Technology, Pitchanur Village, Coimbatore-641018. (2349)",BIO MEDICAL ENGINEERING (BM),93.0,,,,,,,Coimbatore
"Dhaanish Ahmed Institute of Technology, Pitchanur Village, Coimbatore-641018. (2349)",COMPUTER SCIENCE AND ENGINEERING (CS),119.5,,115.5,104.0,91.0,,,Coimbatore
"Dhaanish Ahmed Institute of Technology, Pitchanur Village, Coimbatore-641018. (2349)",COMPUTER SCIENCE AND ENGINEERING (AI AND MACHINE LEARNING) (AM),102.0,,,,,,,Coimbatore
"Dhaanish Ahmed Institute of Technology, Pitchanur Village, Coimbatore-641018. (2349)",Computer Science and Engineering (Cyber Security) (SC),101.5,96.5,85.0,88.5,,,,Coimbatore
"Dhaanish Ahmed Institute of Technology, Pitchanur Village, Coimbatore-641018. (2349)",ELECTRONICS AND COMMUNICATION ENGINEERING (EC),124.5,105.5,122.5,112.0,,,,Coimbatore
"Dhaanish Ahmed Institute of Technology, Pitchanur Village, Coimbatore-641018. (2349)",FOOD TECHNOLOGY (FD),94.5,92.0,80.0,85.5,,,,Coimbatore
"Dhaanish Ahmed Institute of Technology, Pitchanur Village, Coimbatore-641018. (2349)",ROBOTICS AND AUTOMATION (RM),105.0,,96.0,87.0,,,,Coimbatore
"Dhanalakshmi College of Engineering, Manimangalam Puducheri Road, Manimangalam, Manimangalam Post, Sriperumbudur Taluk, Kancheepuram District, Chennai-601301. (1405)",Artificial Intelligence and Data Science (AD),148.5,127.5,133.5,119.5,109.0,106.5,,Kancheepuram
"Dhanalakshmi College of Engineering, Manimangalam Puducheri Road, Manimangalam, Manimangalam Post, Sriperumbudur Taluk, Kancheepuram District, Chennai-601301. (1405)",COMPUTER SCIENCE AND ENGINEERING (CS),148.0,127.0,141.0,121.5,116.5,,,Kancheepuram
"Dhanalakshmi College of Engineering, Manimangalam Puducheri Road, Manimangalam, Manimangalam Post, Sriperumbudur Taluk, Kancheepuram District, Chennai-601301. (1405)",COMPUTER SCIENCE AND ENGINEERING (AI AND MACHINE LEARNING) (AM),122.5,98.5,114.0,95.0,112.0,,,Kancheepuram
"Dhanalakshmi College of Engineering, Manimangalam Puducheri Road, Manimangalam, Manimangalam Post, Sriperumbudur Taluk, Kancheepuram District, Chennai-601301. (1405)",Computer Science and Engineering (Cyber Security) (SC),136.0,115.5,119.5,96.0,107.0,,,Kancheepuram
"Dhanalakshmi College of Engineering, Manimangalam Puducheri Road, Manimangalam, Manimangalam Post, Sriperumbudur Taluk, Kancheepuram District, Chennai-601301. (1405)",ELECTRICAL AND ELECTRONICS ENGINEERING (EE),91.0,,,,,,,Kancheepuram
"Dhanalakshmi College of Engineering, Manimangalam Puducheri Road, Manimangalam, Manimangalam Post, Sriperumbudur Taluk, Kancheepuram District, Chennai-601301. (1405)",ELECTRONICS AND COMMUNICATION ENGINEERING (EC),135.7346939,115.0,,112.0,106.5,,,Kancheepuram
"Dhanalakshmi College of Engineering, Manimangalam Puducheri Road, Manimangalam, Manimangalam Post, Sriperumbudur Taluk, Kancheepuram District, Chennai-601301. (1405)",INFORMATION TECHNOLOGY (IT),146.5,124.0,107.0,116.5,106.0,,,Kancheepuram
"Dhanalakshmi College of Engineering, Manimangalam Puducheri Road, Manimangalam, Manimangalam Post, Sriperumbudur Taluk, Kancheepuram District, Chennai-601301. (1405)",MECHANICAL ENGINEERING (ME),94.0,,,,,,,Kancheepuram
"Dhanalakshmi Srinivasan College of Engineering (CBE), NH-47, Palakkad Main Road, Navakkarai Post, Coimbatore-641105. (2743)",AGRICULTURAL ENGINEERING (AG),133.0,101.5,,115.0,130.0,,,Coimbatore
"Dhanalakshmi Srinivasan College of Engineering (CBE), NH-47, Palakkad Main Road, Navakkarai Post, Coimbatore-641105. (2743)",Artificial Intelligence and Data Science (AD),159.0,144.0,143.0,143.0,98.5,95.5,106.0,Coimbatore
"Dhanalakshmi Srinivasan College of Engineering (CBE), NH-47, Palakkad Main Road, Navakkarai Post, Coimbatore-641105. (2743)",BIO MEDICAL ENGINEERING (BM),139.0,102.0,132.0,99.5,102.0,84.5,121.0,Coimbatore
"Dhanalakshmi Srinivasan College of Engineering (CBE), NH-47, Palakkad Main Road, Navakkarai Post, Coimbatore-641105. (2743)",CIVIL  ENGINEERING (CE),125.5,88.0,,82.0,117.5,,,Coimbatore
"Dhanalakshmi Srinivasan College of Engineering (CBE), NH-47, Palakkad Main Road, Navakkarai Post, Coimbatore-641105. (2743)",COMPUTER SCIENCE AND ENGINEERING (CS),156.5,144.0,137.0,140.0,106.5,124.5,113.5,Coimbatore
"Dhanalakshmi Srinivasan College of Engineering (CBE), NH-47, Palakkad Main Road, Navakkarai Post, Coimbatore-641105. (2743)",Computer Science and Engineering (Cyber Security) (SC),153.5,143.5,151.5,143.0,112.5,107.0,,Coimbatore
"Dhanalakshmi Srinivasan College of Engineering (CBE), NH-47, Palakkad Main Road, Navakkarai Post, Coimbatore-641105. (2743)",ELECTRICAL AND ELECTRONICS ENGINEERING (EE),139.0,128.0,120.0,132.0,90.0,133.5,,Coimbatore
"Dhanalakshmi Srinivasan College of Engineering (CBE), NH-47, Palakkad Main Road, Navakkarai Post, Coimbatore-641105. (2743)",ELECTRONICS AND COMMUNICATION ENGINEERING (EC),150.0,142.0,138.0,139.0,110.0,123.5,,Coimbatore
"Dhanalakshmi Srinivasan College of Engineering (CBE), NH-47, Palakkad Main Road, Navakkarai Post, Coimbatore-641105. (2743)",FOOD TECHNOLOGY (FD),136.0,114.5,126.0,92.5,104.0,127.5,,Coimbatore
"Dhanalakshmi Srinivasan College of Engineering (CBE), NH-47, Palakkad Main Road, Navakkarai Post, Coimbatore-641105. (2743)",MECHANICAL ENGINEERING (ME),132.0,96.5,126.0,103.0,107.5,122.0,,Coimbatore
"Dhanalakshmi Srinivasan College of Engineering and Technology, ECR, Poonjeri, Mamallapuram, Kanchipuram-603104. (1322)",AERONAUTICAL ENGINEERING (AE),111.5,109.0,,102.0,97.0,,,Other
"Dhanalakshmi Srinivasan College of Engineering and Technology, ECR, Poonjeri, Mamallapuram, Kanchipuram-603104. (1322)",AGRICULTURAL ENGINEERING (AG),96.0,,,,,,,Other
"Dhanalakshmi Srinivasan College of Engineering and Technology, ECR, Poonjeri, Mamallapuram, Kanchipuram-603104. (1322)",Artificial Intelligence and Data Science (AD),134.5,87.0,93.5,90.5,97.0,92.0,,Other
"Dhanalakshmi Srinivasan College of Engineering and Technology, ECR, Poonjeri, Mamallapuram, Kanchipuram-603104. (1322)",BIO MEDICAL ENGINEERING (BM),109.0,,105.0,86.0,98.5,,,Other
"Dhanalakshmi Srinivasan College of Engineering and Technology, ECR, Poonjeri, Mamallapuram, Kanchipuram-603104. (1322)",CIVIL  ENGINEERING (CE),99.0,,,,,,,Other
"Dhanalakshmi Srinivasan College of Engineering and Technology, ECR, Poonjeri, Mamallapuram, Kanchipuram-603104. (1322)",COMPUTER SCIENCE AND ENGINEERING (CS),133.5,93.5,121.0,92.0,101.0,121.0,91.5,Other
"Dhanalakshmi Srinivasan College of Engineering and Technology, ECR, Poonjeri, Mamallapuram, Kanchipuram-603104. (1322)",COMPUTER SCIENCE AND ENGINEERING (AI AND MACHINE LEARNING) (AM),105.0,101.5,,99.5,84.5,,,Other
"Dhanalakshmi Srinivasan College of Engineering and Technology, ECR, Poonjeri, Mamallapuram, Kanchipuram-603104. (1322)",Computer Science and Engineering (Cyber Security) (SC),132.0,95.0,111.0,102.5,106.0,,,Other
"Dhanalakshmi Srinivasan College of Engineering and Technology, ECR, Poonjeri, Mamallapuram, Kanchipuram-603104. (1322)",ELECTRICAL AND ELECTRONICS ENGINEERING (EE),93.0,,,,,,,Other
"Dhanalakshmi Srinivasan College of Engineering and Technology, ECR, Poonjeri, Mamallapuram, Kanchipuram-603104. (1322)",ELECTRONICS AND COMMUNICATION ENGINEERING (EC),139.0,106.5,105.0,112.0,80.5,100.0,,Other
"Dhanalakshmi Srinivasan College of Engineering and Technology, ECR, Poonjeri, Mamallapuram, Kanchipuram-603104. (1322)",FOOD TECHNOLOGY (FD),95.5,,,,,,,Other
"Dhanalakshmi Srinivasan College of Engineering and Technology, ECR, Poonjeri, Mamallapuram, Kanchipuram-603104. (1322)",INFORMATION TECHNOLOGY (IT),110.5,101.0,99.0,98.5,88.0,,,Other
"Dhanalakshmi Srinivasan College of Engineering and Technology, ECR, Poonjeri, Mamallapuram, Kanchipuram-603104. (1322)",MECHANICAL ENGINEERING (ME),83.5,,,,,,,Other
"Dhanalakshmi Srinivasan Engineering College (Autonomous), Thuraiyur Road, Perambalur-621212. (3805)",AERONAUTICAL ENGINEERING (AE),120.0,104.5,107.5,110.0,,,,Perambalur
"Dhanalakshmi Srinivasan Engineering College (Autonomous), Thuraiyur Road, Perambalur-621212. (3805)",AGRICULTURAL ENGINEERING (AG),93.5,,,,,,,Perambalur
"Dhanalakshmi Srinivasan Engineering College (Autonomous), Thuraiyur Road, Perambalur-621212. (3805)",Artificial Intelligence and Data Science (AD),148.5,133.5,133.5,132.0,98.5,119.0,,Perambalur
"Dhanalakshmi Srinivasan Engineering College (Autonomous), Thuraiyur Road, Perambalur-621212. (3805)",BIO MEDICAL ENGINEERING (BM),114.0,99.5,97.5,107.0,85.5,,,Perambalur
"Dhanalakshmi Srinivasan Engineering College (Autonomous), Thuraiyur Road, Perambalur-621212. (3805)",BIO TECHNOLOGY (BT),111.5,,,,107.0,,,Perambalur
"Dhanalakshmi Srinivasan Engineering College (Autonomous), Thuraiyur Road, Perambalur-621212. (3805)",CHEMICAL  ENGINEERING (CH),119.5,103.0,111.0,87.5,111.0,,,Perambalur
"Dhanalakshmi Srinivasan Engineering College (Autonomous), Thuraiyur Road, Perambalur-621212. (3805)",CIVIL  ENGINEERING (CE),111.0,107.0,94.5,85.0,,,,Perambalur
"Dhanalakshmi Srinivasan Engineering College (Autonomous), Thuraiyur Road, Perambalur-621212. (3805)",COMPUTER SCIENCE AND ENGINEERING (CS),153.0,136.5,138.5,140.5,104.5,97.5,,Perambalur
"Dhanalakshmi Srinivasan Engineering College (Autonomous), Thuraiyur Road, Perambalur-621212. (3805)",Computer Science and Engineering (Cyber Security) (SC),142.0,128.0,128.0,129.5,89.0,,,Perambalur
"Dhanalakshmi Srinivasan Engineering College (Autonomous), Thuraiyur Road, Perambalur-621212. (3805)",ELECTRICAL AND ELECTRONICS ENGINEERING (EE),126.5,97.5,82.0,112.5,104.0,,,Perambalur
"Dhanalakshmi Srinivasan Engineering College (Autonomous), Thuraiyur Road, Perambalur-621212. (3805)",ELECTRONICS AND COMMUNICATION ENGINEERING (EC),140.0,113.0,124.0,123.0,91.0,97.0,,Perambalur
"Dhanalakshmi Srinivasan Engineering College (Autonomous), Thuraiyur Road, Perambalur-621212. (3805)",FOOD TECHNOLOGY (FD),122.0,92.5,,95.0,91.5,,,Perambalur
"Dhanalakshmi Srinivasan Engineering College (Autonomous), Thuraiyur Road, Perambalur-621212. (3805)",INFORMATION TECHNOLOGY (IT),144.0,130.0,120.5,132.5,83.5,126.0,116.5,Perambalur
"Dhanalakshmi Srinivasan Engineering College (Autonomous), Thuraiyur Road, Perambalur-621212. (3805)",MECHANICAL ENGINEERING (ME),113.0,101.5,,103.0,,,,Perambalur
"Dhanalakshmi Srinivasan Engineering College (Autonomous), Thuraiyur Road, Perambalur-621212. (3805)",PHARMACEUTICAL TECHNOLOGY (PH),87.5,,,,,,,Perambalur
"Dhanalakshmi Srinivasan Engineering College (Autonomous), Thuraiyur Road, Perambalur-621212. (3805)",ROBOTICS AND AUTOMATION (RM),116.0,86.5,97.0,90.5,,,,Perambalur
"Dhirajlal Gandhi College of Technology, Sikkanampatty, Opposite to Airport,Omalur Taluk, Salem District-636309. (2345)",AGRICULTURAL ENGINEERING (AG),85.0,,,,,,,Salem
"Dhirajlal Gandhi College of Technology, Sikkanampatty, Opposite to Airport,Omalur Taluk, Salem District-636309. (2345)",Artificial Intelligence and Data Science (AD),133.0,90.0,96.5,109.0,104.0,107.0,,Salem
"Dhirajlal Gandhi College of Technology, Sikkanampatty, Opposite to Airport,Omalur Taluk, Salem District-636309. (2345)",CIVIL  ENGINEERING (CE),109.5,,,,88.0,,,Salem
"Dhirajlal Gandhi College of Technology, Sikkanampatty, Opposite to Airport,Omalur Taluk, Salem District-636309. (2345)",COMPUTER SCIENCE AND ENGINEERING (CS),134.0,81.5,115.5,113.0,92.0,,,Salem
"Dhirajlal Gandhi College of Technology, Sikkanampatty, Opposite to Airport,Omalur Taluk, Salem District-636309. (2345)",ELECTRICAL AND ELECTRONICS ENGINEERING (EE),99.5,93.0,,80.0,,,,Salem
"Dhirajlal Gandhi College of Technology, Sikkanampatty, Opposite to Airport,Omalur Taluk, Salem District-636309. (2345)",ELECTRONICS AND COMMUNICATION ENGINEERING (EC),133.0,99.0,,109.0,105.0,,,Salem
"Dhirajlal Gandhi College of Technology, Sikkanampatty, Opposite to Airport,Omalur Taluk, Salem District-636309. (2345)",INFORMATION TECHNOLOGY (IT),124.5,89.5,122.0,109.5,94.0,,,Salem
"Dhirajlal Gandhi College of Technology, Sikkanampatty, Opposite to Airport,Omalur Taluk, Salem District-636309. (2345)",MECHANICAL ENGINEERING (ME),102.0,93.5,,86.0,92.0,,,Salem
"Dhirajlal Gandhi College of Technology, Sikkanampatty, Opposite to Airport,Omalur Taluk, Salem District-636309. (2345)",ROBOTICS AND AUTOMATION (RM),90.0,,,,,,,Salem
"DMI College of Engineering (Autonomous), St.Joseph's Town,Mevalurkuppam B Village, Nazarethpet Post, Palanchur, Kanchipuram, Chennai-600123. (1202)",Artificial Intelligence and Data Science (AD),142.0,121.0,134.5,110.0,91.0,114.0,,Chennai
"DMI College of Engineering (Autonomous), St.Joseph's Town,Mevalurkuppam B Village, Nazarethpet Post, Palanchur, Kanchipuram, Chennai-600123. (1202)",CIVIL  ENGINEERING (CE),,,,,,,,Chennai
"DMI College of Engineering (Autonomous), St.Joseph's Town,Mevalurkuppam B Village, Nazarethpet Post, Palanchur, Kanchipuram, Chennai-600123. (1202)",COMPUTER SCIENCE AND ENGINEERING (CS),144.0,120.0,134.5,114.0,105.0,,98.0,Chennai
"DMI College of Engineering (Autonomous), St.Joseph's Town,Mevalurkuppam B Village, Nazarethpet Post, Palanchur, Kanchipuram, Chennai-600123. (1202)",COMPUTER SCIENCE AND ENGINEERING (AI AND MACHINE LEARNING) (AM),128.5,108.5,116.5,95.5,105.0,,,Chennai
"DMI College of Engineering (Autonomous), St.Joseph's Town,Mevalurkuppam B Village, Nazarethpet Post, Palanchur, Kanchipuram, Chennai-600123. (1202)",ELECTRICAL AND ELECTRONICS ENGINEERING (EE),81.5,,,,,,,Chennai
"DMI College of Engineering (Autonomous), St.Joseph's Town,Mevalurkuppam B Village, Nazarethpet Post, Palanchur, Kanchipuram, Chennai-600123. (1202)",ELECTRONICS AND COMMUNICATION ENGINEERING (EC),133.5,101.5,,107.5,85.5,,,Chennai
"DMI College of Engineering (Autonomous), St.Joseph's Town,Mevalurkuppam B Village, Nazarethpet Post, Palanchur, Kanchipuram, Chennai-600123. (1202)",INFORMATION TECHNOLOGY (IT),142.0,118.5,,113.5,112.5,,,Chennai
"DMI College of Engineering (Autonomous), St.Joseph's Town,Mevalurkuppam B Village, Nazarethpet Post, Palanchur, Kanchipuram, Chennai-600123. (1202)",MECHANICAL ENGINEERING (ME),83.5,,,,,,,Chennai
"DMI Engineering College, Kumarapuram Road, Aralvaimozhi, Kanyakumari District-629301. (4946)",Artificial Intelligence and Data Science (AD),125.0,90.0,116.5,107.5,88.5,,,Other
"DMI Engineering College, Kumarapuram Road, Aralvaimozhi, Kanyakumari District-629301. (4946)",COMPUTER SCIENCE AND ENGINEERING (CS),128.5,87.5,95.0,97.5,119.5,,,Other
"DMI Engineering College, Kumarapuram Road, Aralvaimozhi, Kanyakumari District-629301. (4946)",ELECTRICAL AND ELECTRONICS ENGINEERING (EE),90.5,,,,,,,Other
"DMI Engineering College, Kumarapuram Road, Aralvaimozhi, Kanyakumari District-629301. (4946)",ELECTRONICS AND COMMUNICATION ENGINEERING (EC),95.0,,,,,,,Other
"DMI Engineering College, Kumarapuram Road, Aralvaimozhi, Kanyakumari District-629301. (4946)",INFORMATION TECHNOLOGY (IT),95.0,84.5,93.5,,92.0,,,Other
"DMI Engineering College, Kumarapuram Road, Aralvaimozhi, Kanyakumari District-629301. (4946)",MECHANICAL ENGINEERING (ME),84.0,80.0,,,,,,Other
"Dr G.U. Pope College of Engineering, Pope Nagar, Sawyerpuram, Thoothukudi-628251. (4975)",CIVIL  ENGINEERING (CE),108.0,,,,,,,Thoothukudi
"Dr G.U. Pope College of Engineering, Pope Nagar, Sawyerpuram, Thoothukudi-628251. (4975)",COMPUTER SCIENCE AND ENGINEERING (CS),121.0,80.5,116.5,94.5,81.5,92.5,,Thoothukudi
"Dr G.U. Pope College of Engineering, Pope Nagar, Sawyerpuram, Thoothukudi-628251. (4975)",ELECTRICAL AND ELECTRONICS ENGINEERING (EE),90.0,,,,,,,Thoothukudi
"Dr G.U. Pope College of Engineering, Pope Nagar, Sawyerpuram, Thoothukudi-628251. (4975)",ELECTRONICS AND COMMUNICATION ENGINEERING (EC),116.5,82.0,101.5,,108.0,,,Thoothukudi
"Dr G.U. Pope College of Engineering, Pope Nagar, Sawyerpuram, Thoothukudi-628251. (4975)",MECHANICAL ENGINEERING (ME),82.0,,,,,,,Thoothukudi
"Dr Mahalingam College of Engineering and Technology (Autonomous), Mackkinaickenpatti Post, Udumalai Road, Pollachi, Coimbatore-642003. (2706)",Artificial Intelligence and Data Science (AD),179.0,176.5,168.5,170.0,122.0,126.5,,Coimbatore
"Dr Mahalingam College of Engineering and Technology (Autonomous), Mackkinaickenpatti Post, Udumalai Road, Pollachi, Coimbatore-642003. (2706)",AUTOMOBILE ENGINEERING (AU),142.5,131.5,133.0,100.5,92.5,,,Coimbatore
"Dr Mahalingam College of Engineering and Technology (Autonomous), Mackkinaickenpatti Post, Udumalai Road, Pollachi, Coimbatore-642003. (2706)",CIVIL  ENGINEERING (CE),145.0,126.5,109.5,123.5,127.0,109.0,115.0,Coimbatore
"Dr Mahalingam College of Engineering and Technology (Autonomous), Mackkinaickenpatti Post, Udumalai Road, Pollachi, Coimbatore-642003. (2706)",COMPUTER SCIENCE AND ENGINEERING (CS),183.5,177.5,168.5,170.0,120.5,130.5,,Coimbatore
"Dr Mahalingam College of Engineering and Technology (Autonomous), Mackkinaickenpatti Post, Udumalai Road, Pollachi, Coimbatore-642003. (2706)",COMPUTER SCIENCE AND ENGINEERING (AI AND MACHINE LEARNING) (AM),176.5,175.5,,169.5,127.0,125.5,,Coimbatore
"Dr Mahalingam College of Engineering and Technology (Autonomous), Mackkinaickenpatti Post, Udumalai Road, Pollachi, Coimbatore-642003. (2706)",Computer Science and Engineering (Cyber Security) (SC),176.5,174.5,174.5,167.5,120.5,,,Coimbatore
"Dr Mahalingam College of Engineering and Technology (Autonomous), Mackkinaickenpatti Post, Udumalai Road, Pollachi, Coimbatore-642003. (2706)",ELECTRICAL AND ELECTRONICS ENGINEERING (EE),171.0,166.5,155.5,157.5,99.0,,,Coimbatore
"Dr Mahalingam College of Engineering and Technology (Autonomous), Mackkinaickenpatti Post, Udumalai Road, Pollachi, Coimbatore-642003. (2706)",Electronics and Communication (Advanced Communication Technology) (EA),172.0,168.5,152.5,161.5,106.0,,,Coimbatore
"Dr Mahalingam College of Engineering and Technology (Autonomous), Mackkinaickenpatti Post, Udumalai Road, Pollachi, Coimbatore-642003. (2706)",ELECTRONICS AND COMMUNICATION ENGINEERING (EC),179.5,175.5,168.0,170.0,84.0,126.0,118.0,Coimbatore
"Dr Mahalingam College of Engineering and Technology (Autonomous), Mackkinaickenpatti Post, Udumalai Road, Pollachi, Coimbatore-642003. (2706)",Electronics Engineering (VLSI Design and Technology) (EV),173.0,169.5,166.0,158.5,111.5,,,Coimbatore
"Dr Mahalingam College of Engineering and Technology (Autonomous), Mackkinaickenpatti Post, Udumalai Road, Pollachi, Coimbatore-642003. (2706)",INFORMATION TECHNOLOGY (IT),180.0,177.0,171.0,169.0,117.5,126.5,,Coimbatore
"Dr Mahalingam College of Engineering and Technology (Autonomous), Mackkinaickenpatti Post, Udumalai Road, Pollachi, Coimbatore-642003. (2706)",MECHANICAL ENGINEERING (ME),159.0,150.0,132.5,143.5,98.5,154.0,,Coimbatore
"Dr N.G.P. Institute of Technology (Autonomous), Dr. N.G.P. Nagar, Kalapatti Road, Coimbatore-641048. (2736)",Artificial Intelligence and Data Science (AD),180.5,173.0,154.0,168.0,128.5,123.5,,Coimbatore
"Dr N.G.P. Institute of Technology (Autonomous), Dr. N.G.P. Nagar, Kalapatti Road, Coimbatore-641048. (2736)",BIO MEDICAL ENGINEERING (BM),167.0,152.5,133.5,157.0,103.5,,,Coimbatore
"Dr N.G.P. Institute of Technology (Autonomous), Dr. N.G.P. Nagar, Kalapatti Road, Coimbatore-641048. (2736)",CIVIL  ENGINEERING (CE),154.0,148.5,,120.5,88.5,,,Coimbatore
"Dr N.G.P. Institute of Technology (Autonomous), Dr. N.G.P. Nagar, Kalapatti Road, Coimbatore-641048. (2736)",COMPUTER SCIENCE AND BUSSINESS SYSTEM (CB),171.0,170.0,161.0,157.5,112.0,,,Coimbatore
"Dr N.G.P. Institute of Technology (Autonomous), Dr. N.G.P. Nagar, Kalapatti Road, Coimbatore-641048. (2736)",COMPUTER SCIENCE AND ENGINEERING (CS),180.0,175.5,158.0,168.5,120.5,123.0,88.5,Coimbatore
"Dr N.G.P. Institute of Technology (Autonomous), Dr. N.G.P. Nagar, Kalapatti Road, Coimbatore-641048. (2736)",Computer Science and Engineering (Cyber Security) (SC),175.5,172.0,162.5,164.5,119.5,,,Coimbatore
"Dr N.G.P. Institute of Technology (Autonomous), Dr. N.G.P. Nagar, Kalapatti Road, Coimbatore-641048. (2736)",ELECTRICAL AND ELECTRONICS ENGINEERING (EE),168.0,165.0,159.5,156.0,97.5,,,Coimbatore
"Dr N.G.P. Institute of Technology (Autonomous), Dr. N.G.P. Nagar, Kalapatti Road, Coimbatore-641048. (2736)",ELECTRONICS AND COMMUNICATION ENGINEERING (EC),175.5,170.5,162.0,159.0,100.5,101.0,130.0,Coimbatore
"Dr N.G.P. Institute of Technology (Autonomous), Dr. N.G.P. Nagar, Kalapatti Road, Coimbatore-641048. (2736)",INFORMATION TECHNOLOGY (IT),174.5,172.5,159.0,166.5,97.0,,94.0,Coimbatore
"Dr N.G.P. Institute of Technology (Autonomous), Dr. N.G.P. Nagar, Kalapatti Road, Coimbatore-641048. (2736)",MECHANICAL ENGINEERING (ME),152.5,138.0,146.5,138.5,127.0,,,Coimbatore
"Dr Sivanthi aditanar College of Engineering, Tirunelveli Road, Tiruchendur, Thoothukudi-628215. (4954)",Artificial Intelligence and Data Science (AD),158.5,146.5,158.0,145.5,150.5,,,Thoothukudi
"Dr Sivanthi aditanar College of Engineering, Tirunelveli Road, Tiruchendur, Thoothukudi-628215. (4954)",CIVIL  ENGINEERING (CE),92.0,,,,,,,Thoothukudi
"Dr Sivanthi aditanar College of Engineering, Tirunelveli Road, Tiruchendur, Thoothukudi-628215. (4954)",COMPUTER SCIENCE AND ENGINEERING (CS),170.5,142.5,165.5,116.0,144.5,,,Thoothukudi
"Dr Sivanthi aditanar College of Engineering, Tirunelveli Road, Tiruchendur, Thoothukudi-628215. (4954)",ELECTRICAL AND ELECTRONICS ENGINEERING (EE),125.5,119.5,,,97.0,,,Thoothukudi
"Dr Sivanthi aditanar College of Engineering, Tirunelveli Road, Tiruchendur, Thoothukudi-628215. (4954)",ELECTRONICS AND COMMUNICATION ENGINEERING (EC),160.5,152.5,146.0,111.0,,,,Thoothukudi
"Dr Sivanthi aditanar College of Engineering, Tirunelveli Road, Tiruchendur, Thoothukudi-628215. (4954)",INFORMATION TECHNOLOGY (IT),153.0,134.0,146.5,108.0,,113.5,,Thoothukudi
"Dr Sivanthi aditanar College of Engineering, Tirunelveli Road, Tiruchendur, Thoothukudi-628215. (4954)",MECHANICAL ENGINEERING (ME),101.0,,,,,,,Thoothukudi
"Dr.Navalar Nedunchezhiyan College of Engineering, Raja Nagar, Vaithiyanathapuram, Tholudur, Cuddalore-606303. (3822)",Artificial Intelligence and Data Science (AD),87.5,,,,,,,Cuddalore
"Dr.Navalar Nedunchezhiyan College of Engineering, Raja Nagar, Vaithiyanathapuram, Tholudur, Cuddalore-606303. (3822)",BIO MEDICAL ENGINEERING (BM),89.0,,,,,,,Cuddalore
"Dr.Navalar Nedunchezhiyan College of Engineering, Raja Nagar, Vaithiyanathapuram, Tholudur, Cuddalore-606303. (3822)",CIVIL  ENGINEERING (CE),,,,,,,,Cuddalore
"Dr.Navalar Nedunchezhiyan College of Engineering, Raja Nagar, Vaithiyanathapuram, Tholudur, Cuddalore-606303. (3822)",COMPUTER SCIENCE AND ENGINEERING (CS),87.0,,,,,,,Cuddalore
"Dr.Navalar Nedunchezhiyan College of Engineering, Raja Nagar, Vaithiyanathapuram, Tholudur, Cuddalore-606303. (3822)",ELECTRICAL AND ELECTRONICS ENGINEERING (EE),117.0,,,,,,,Cuddalore
"Dr.Navalar Nedunchezhiyan College of Engineering, Raja Nagar, Vaithiyanathapuram, Tholudur, Cuddalore-606303. (3822)",ELECTRONICS AND COMMUNICATION ENGINEERING (EC),108.5,,,,,,,Cuddalore
"Dr.Navalar Nedunchezhiyan College of Engineering, Raja Nagar, Vaithiyanathapuram, Tholudur, Cuddalore-606303. (3822)",INFORMATION TECHNOLOGY (IT),86.5,,,,,,,Cuddalore
"Dr.Navalar Nedunchezhiyan College of Engineering, Raja Nagar, Vaithiyanathapuram, Tholudur, Cuddalore-606303. (3822)",MECHANICAL ENGINEERING (ME),102.0,,,,,,,Cuddalore
"E.G.S. Pillay Engineering College (Autonomous), Old Nagore Road, Nagore Post, Nagapattinam District-611002. (3806)",Artificial Intelligence and Data Science (AD),153.5,117.0,145.5,129.0,99.5,92.5,,Nagapattinam
"E.G.S. Pillay Engineering College (Autonomous), Old Nagore Road, Nagore Post, Nagapattinam District-611002. (3806)",BIO MEDICAL ENGINEERING (BM),145.0,105.5,137.0,117.0,98.5,,,Nagapattinam
"E.G.S. Pillay Engineering College (Autonomous), Old Nagore Road, Nagore Post, Nagapattinam District-611002. (3806)",CIVIL  ENGINEERING (CE),109.5,91.0,,97.5,88.5,,,Nagapattinam
"E.G.S. Pillay Engineering College (Autonomous), Old Nagore Road, Nagore Post, Nagapattinam District-611002. (3806)",COMPUTER SCIENCE AND BUSSINESS SYSTEM (CB),136.5,105.0,121.5,121.5,98.5,,,Nagapattinam
"E.G.S. Pillay Engineering College (Autonomous), Old Nagore Road, Nagore Post, Nagapattinam District-611002. (3806)",COMPUTER SCIENCE AND ENGINEERING (CS),151.0,130.0,132.0,129.5,112.5,109.5,,Nagapattinam
"E.G.S. Pillay Engineering College (Autonomous), Old Nagore Road, Nagore Post, Nagapattinam District-611002. (3806)",ELECTRICAL AND ELECTRONICS ENGINEERING (EE),120.0,82.5,119.5,104.5,93.0,,,Nagapattinam
"E.G.S. Pillay Engineering College (Autonomous), Old Nagore Road, Nagore Post, Nagapattinam District-611002. (3806)",ELECTRONICS AND COMMUNICATION ENGINEERING (EC),140.0,117.0,129.0,121.5,102.0,90.5,,Nagapattinam
"E.G.S. Pillay Engineering College (Autonomous), Old Nagore Road, Nagore Post, Nagapattinam District-611002. (3806)",INFORMATION TECHNOLOGY (IT),154.5,117.0,141.5,140.0,115.5,110.0,,Nagapattinam
"E.G.S. Pillay Engineering College (Autonomous), Old Nagore Road, Nagore Post, Nagapattinam District-611002. (3806)",MECHANICAL ENGINEERING (ME),118.5,92.5,109.0,102.0,89.0,,,Nagapattinam
"E.S.College of Engineering and Technology, Chennai Trunk Road, Ayyankoilpattu, Villupuram-605602. (1428)",Artificial Intelligence and Data Science (AD),103.5,,,,,,,Villupuram
"E.S.College of Engineering and Technology, Chennai Trunk Road, Ayyankoilpattu, Villupuram-605602. (1428)",COMPUTER SCIENCE AND ENGINEERING (CS),113.5,104.0,109.0,102.5,94.0,,,Villupuram
"E.S.College of Engineering and Technology, Chennai Trunk Road, Ayyankoilpattu, Villupuram-605602. (1428)",ELECTRONICS AND COMMUNICATION ENGINEERING (EC),103.0,,,,,,,Villupuram
"E.S.College of Engineering and Technology, Chennai Trunk Road, Ayyankoilpattu, Villupuram-605602. (1428)",INFORMATION TECHNOLOGY (IT),100.0,85.0,91.0,90.0,84.0,,,Villupuram
"Easa College of Engineering and Technology, NH-47, Palakkad main Road, Navakkarai Post, Coimbatore-641105. (2749)",AGRICULTURAL ENGINEERING (AG),88.5,,,,,,,Coimbatore
"Easa College of Engineering and Technology, NH-47, Palakkad main Road, Navakkarai Post, Coimbatore-641105. (2749)",Artificial Intelligence and Data Science (AD),135.0,85.0,,81.5,89.5,,,Coimbatore
"Easa College of Engineering and Technology, NH-47, Palakkad main Road, Navakkarai Post, Coimbatore-641105. (2749)",BIO MEDICAL ENGINEERING (BM),92.0,,,86.5,89.0,,,Coimbatore
"Easa College of Engineering and Technology, NH-47, Palakkad main Road, Navakkarai Post, Coimbatore-641105. (2749)",COMPUTER SCIENCE AND ENGINEERING (CS),127.5,91.0,110.0,90.0,95.5,127.5,,Coimbatore
"Easa College of Engineering and Technology, NH-47, Palakkad main Road, Navakkarai Post, Coimbatore-641105. (2749)",COMPUTER SCIENCE AND ENGINEERING (AI AND MACHINE LEARNING) (AM),104.5,,,88.5,,,,Coimbatore
"Easa College of Engineering and Technology, NH-47, Palakkad main Road, Navakkarai Post, Coimbatore-641105. (2749)",Computer Science and Engineering (Cyber Security) (SC),118.0,103.5,,90.0,95.0,91.0,,Coimbatore
"Easa College of Engineering and Technology, NH-47, Palakkad main Road, Navakkarai Post, Coimbatore-641105. (2749)",ELECTRICAL AND ELECTRONICS ENGINEERING (EE),87.5,,,,,,,Coimbatore
"Easa College of Engineering and Technology, NH-47, Palakkad main Road, Navakkarai Post, Coimbatore-641105. (2749)",ELECTRONICS AND COMMUNICATION ENGINEERING (EC),122.0,104.0,,94.0,114.5,103.5,,Coimbatore
"Easa College of Engineering and Technology, NH-47, Palakkad main Road, Navakkarai Post, Coimbatore-641105. (2749)",INFORMATION TECHNOLOGY (IT),123.0,94.0,,82.5,87.5,,,Coimbatore
"Easa College of Engineering and Technology, NH-47, Palakkad main Road, Navakkarai Post, Coimbatore-641105. (2749)",MECHANICAL ENGINEERING (ME),83.0,,,,,,,Coimbatore
"Easwari Engineering College (Autonomous), Bharathi Salai, Ramapuram, Chennai-600089. (1304)",Artificial Intelligence and Data Science (AD),180.5,175.0,174.5,171.3333333,146.5,119.0,115.0,Chennai
"Easwari Engineering College (Autonomous), Bharathi Salai, Ramapuram, Chennai-600089. (1304)",AUTOMOBILE ENGINEERING (AU),146.0,142.0,133.0,142.0,120.0,,,Chennai
"Easwari Engineering College (Autonomous), Bharathi Salai, Ramapuram, Chennai-600089. (1304)",BIO MEDICAL ENGINEERING (BM),173.0,159.0,169.67,148.5,132.5,,,Chennai
"Easwari Engineering College (Autonomous), Bharathi Salai, Ramapuram, Chennai-600089. (1304)",BIO TECHNOLOGY (BT),170.0,162.0,148.0,153.0,134.0,122.5,,Chennai
"Easwari Engineering College (Autonomous), Bharathi Salai, Ramapuram, Chennai-600089. (1304)",CIVIL  ENGINEERING (CE),159.0,130.0,,132.0,120.0,,,Chennai
"Easwari Engineering College (Autonomous), Bharathi Salai, Ramapuram, Chennai-600089. (1304)",COMPUTER SCIENCE AND BUSSINESS SYSTEM (CB),173.5,171.5,171.0,169.5,146.0,122.5,,Chennai
"Easwari Engineering College (Autonomous), Bharathi Salai, Ramapuram, Chennai-600089. (1304)",COMPUTER SCIENCE AND DESIGN (CD),175.5,170.0,173.5,168.5,145.5,,,Chennai
"Easwari Engineering College (Autonomous), Bharathi Salai, Ramapuram, Chennai-600089. (1304)",COMPUTER SCIENCE AND ENGINEERING (CS),183.5,178.0,177.0,175.5,156.0,121.5,,Chennai
"Easwari Engineering College (Autonomous), Bharathi Salai, Ramapuram, Chennai-600089. (1304)",COMPUTER SCIENCE AND ENGINEERING (AI AND MACHINE LEARNING) (AM),178.5,174.0,175.0,170.0,153.5,114.0,112.0,Chennai
"Easwari Engineering College (Autonomous), Bharathi Salai, Ramapuram, Chennai-600089. (1304)",Computer Science and Engineering (Cyber Security) (SC),179.0,176.5,174.0,172.5,151.0,104.0,,Chennai
"Easwari Engineering College (Autonomous), Bharathi Salai, Ramapuram, Chennai-600089. (1304)",ELECTRICAL AND ELECTRONICS ENGINEERING (EE),171.0,165.5,162.5,160.5,135.0,,,Chennai
"Easwari Engineering College (Autonomous), Bharathi Salai, Ramapuram, Chennai-600089. (1304)",ELECTRONICS AND COMMUNICATION ENGINEERING (EC),179.5,175.0,176.0,169.0,142.5,124.5,,Chennai
"Easwari Engineering College (Autonomous), Bharathi Salai, Ramapuram, Chennai-600089. (1304)",INFORMATION TECHNOLOGY (IT),178.5,174.5,176.0,171.5,148.0,84.5,114.5,Chennai
"Easwari Engineering College (Autonomous), Bharathi Salai, Ramapuram, Chennai-600089. (1304)",MECHANICAL ENGINEERING (ME),160.0,149.0,120.0,145.0,124.5,,97.5,Chennai
"Easwari Engineering College (Autonomous), Bharathi Salai, Ramapuram, Chennai-600089. (1304)",ROBOTICS AND AUTOMATION (RM),173.0,167.5,170.0,150.5,136.5,,,Chennai
"Einstein College of Engineering, Sir.C.V.Raman Nagar, Seethaparpanallur, Tirunelveli-627012. (4980)",Artificial Intelligence and Data Science (AD),124.5,104.0,102.0,109.5,,,,Tirunelveli
"Einstein College of Engineering, Sir.C.V.Raman Nagar, Seethaparpanallur, Tirunelveli-627012. (4980)",CIVIL  ENGINEERING (CE),96.5,,,,,,,Tirunelveli
"Einstein College of Engineering, Sir.C.V.Raman Nagar, Seethaparpanallur, Tirunelveli-627012. (4980)",COMPUTER SCIENCE AND ENGINEERING (CS),142.0,120.5,113.5,105.0,109.0,,,Tirunelveli
"Einstein College of Engineering, Sir.C.V.Raman Nagar, Seethaparpanallur, Tirunelveli-627012. (4980)",ELECTRICAL AND ELECTRONICS ENGINEERING (EE),91.5,,,,,,,Tirunelveli
"Einstein College of Engineering, Sir.C.V.Raman Nagar, Seethaparpanallur, Tirunelveli-627012. (4980)",ELECTRONICS AND COMMUNICATION ENGINEERING (EC),137.5,114.0,113.5,90.5,,,,Tirunelveli
"Einstein College of Engineering, Sir.C.V.Raman Nagar, Seethaparpanallur, Tirunelveli-627012. (4980)",MECHANICAL ENGINEERING (ME),102.5,,,,,,,Tirunelveli
"Er. Perumal Manimekalai College of Engineering (Autonomous), 17th Km Hosur - Krishnagiri NH7, Nallaganakothapalli, Near Koneripalli, Hosur Taluk, Krishnagiri District-635117. (2621)",AERONAUTICAL ENGINEERING (AE),109.0,86.5,97.5,91.5,105.0,,,Krishnagiri
"Er. Perumal Manimekalai College of Engineering (Autonomous), 17th Km Hosur - Krishnagiri NH7, Nallaganakothapalli, Near Koneripalli, Hosur Taluk, Krishnagiri District-635117. (2621)",Artificial Intelligence and Data Science (AD),149.0,116.0,142.5,129.5,111.5,137.0,,Krishnagiri
"Er. Perumal Manimekalai College of Engineering (Autonomous), 17th Km Hosur - Krishnagiri NH7, Nallaganakothapalli, Near Koneripalli, Hosur Taluk, Krishnagiri District-635117. (2621)",CHEMICAL  ENGINEERING (CH),109.5,84.5,108.5,90.0,104.0,,,Krishnagiri
"Er. Perumal Manimekalai College of Engineering (Autonomous), 17th Km Hosur - Krishnagiri NH7, Nallaganakothapalli, Near Koneripalli, Hosur Taluk, Krishnagiri District-635117. (2621)",CIVIL  ENGINEERING (CE),93.5,82.0,,84.5,90.0,,,Krishnagiri
"Er. Perumal Manimekalai College of Engineering (Autonomous), 17th Km Hosur - Krishnagiri NH7, Nallaganakothapalli, Near Koneripalli, Hosur Taluk, Krishnagiri District-635117. (2621)",COMPUTER SCIENCE AND BUSSINESS SYSTEM (CB),127.0,102.5,124.0,121.5,94.0,97.0,,Krishnagiri
"Er. Perumal Manimekalai College of Engineering (Autonomous), 17th Km Hosur - Krishnagiri NH7, Nallaganakothapalli, Near Koneripalli, Hosur Taluk, Krishnagiri District-635117. (2621)",COMPUTER SCIENCE AND ENGINEERING (CS),161.0,136.0,148.0,130.0,106.5,,,Krishnagiri
"Er. Perumal Manimekalai College of Engineering (Autonomous), 17th Km Hosur - Krishnagiri NH7, Nallaganakothapalli, Near Koneripalli, Hosur Taluk, Krishnagiri District-635117. (2621)",ELECTRICAL AND ELECTRONICS ENGINEERING (EE),121.5,99.5,110.0,115.0,88.5,,,Krishnagiri
"Er. Perumal Manimekalai College of Engineering (Autonomous), 17th Km Hosur - Krishnagiri NH7, Nallaganakothapalli, Near Koneripalli, Hosur Taluk, Krishnagiri District-635117. (2621)",ELECTRONICS AND COMMUNICATION ENGINEERING (EC),139.5,118.5,125.0,128.5,91.5,,,Krishnagiri
"Er. Perumal Manimekalai College of Engineering (Autonomous), 17th Km Hosur - Krishnagiri NH7, Nallaganakothapalli, Near Koneripalli, Hosur Taluk, Krishnagiri District-635117. (2621)",INFORMATION TECHNOLOGY (IT),141.0,115.0,135.5,128.5,95.0,96.0,,Krishnagiri
"Er. Perumal Manimekalai College of Engineering (Autonomous), 17th Km Hosur - Krishnagiri NH7, Nallaganakothapalli, Near Koneripalli, Hosur Taluk, Krishnagiri District-635117. (2621)",MECHANICAL ENGINEERING (ME),98.0,86.0,94.5,80.5,80.0,,,Krishnagiri
"Er. Perumal Manimekalai College of Engineering (Autonomous), 17th Km Hosur - Krishnagiri NH7, Nallaganakothapalli, Near Koneripalli, Hosur Taluk, Krishnagiri District-635117. (2621)",Mechatronics Engineering (MZ),116.5,85.5,115.5,107.0,89.5,,,Krishnagiri
"Erode Sengunthar Engineering College (Autonomous), Thudupathi, Perundurai (Tk), Erode District-638057. (2707)",AGRICULTURAL ENGINEERING (AG),117.5,93.5,,96.0,88.5,103.0,,Erode
"Erode Sengunthar Engineering College (Autonomous), Thudupathi, Perundurai (Tk), Erode District-638057. (2707)",Artificial Intelligence and Data Science (AD),148.5,134.5,104.0,135.0,86.5,132.5,,Erode
"Erode Sengunthar Engineering College (Autonomous), Thudupathi, Perundurai (Tk), Erode District-638057. (2707)",BIO MEDICAL ENGINEERING (BM),115.0,85.0,,93.5,82.5,83.0,,Erode
"Erode Sengunthar Engineering College (Autonomous), Thudupathi, Perundurai (Tk), Erode District-638057. (2707)",BIO TECHNOLOGY (BT),122.0,92.5,90.5,84.0,91.5,98.5,,Erode
"Erode Sengunthar Engineering College (Autonomous), Thudupathi, Perundurai (Tk), Erode District-638057. (2707)",CHEMICAL  ENGINEERING (CH),106.0,96.5,,86.5,100.0,,,Erode
"Erode Sengunthar Engineering College (Autonomous), Thudupathi, Perundurai (Tk), Erode District-638057. (2707)",CIVIL  ENGINEERING (CE),108.0,84.0,,85.0,90.5,90.5,,Erode
"Erode Sengunthar Engineering College (Autonomous), Thudupathi, Perundurai (Tk), Erode District-638057. (2707)",COMPUTER SCIENCE AND DESIGN (CD),125.0,117.0,,118.0,,94.0,,Erode
"Erode Sengunthar Engineering College (Autonomous), Thudupathi, Perundurai (Tk), Erode District-638057. (2707)",COMPUTER SCIENCE AND ENGINEERING (CS),143.0,132.0,122.0,125.5,83.5,95.5,,Erode
"Erode Sengunthar Engineering College (Autonomous), Thudupathi, Perundurai (Tk), Erode District-638057. (2707)",COMPUTER SCIENCE AND ENGINEERING (AI AND MACHINE LEARNING) (AM),132.5,125.5,,122.0,90.0,106.0,,Erode
"Erode Sengunthar Engineering College (Autonomous), Thudupathi, Perundurai (Tk), Erode District-638057. (2707)",Computer Science and Engineering (Cyber Security) (SC),129.5,121.5,115.5,119.0,85.5,,,Erode
"Erode Sengunthar Engineering College (Autonomous), Thudupathi, Perundurai (Tk), Erode District-638057. (2707)",ELECTRICAL AND ELECTRONICS ENGINEERING (EE),120.0,104.5,,94.0,84.5,82.0,,Erode
"Erode Sengunthar Engineering College (Autonomous), Thudupathi, Perundurai (Tk), Erode District-638057. (2707)",ELECTRONICS AND COMMUNICATION ENGINEERING (EC),132.5,117.5,110.5,119.0,,99.5,,Erode
"Erode Sengunthar Engineering College (Autonomous), Thudupathi, Perundurai (Tk), Erode District-638057. (2707)",ELECTRONICS AND INSTRUMENTATION ENGINEERING (EI),125.5,99.5,,107.0,97.5,,,Erode
"Erode Sengunthar Engineering College (Autonomous), Thudupathi, Perundurai (Tk), Erode District-638057. (2707)",INFORMATION TECHNOLOGY (IT),139.0,125.0,92.5,123.5,91.5,96.5,,Erode
"Erode Sengunthar Engineering College (Autonomous), Thudupathi, Perundurai (Tk), Erode District-638057. (2707)",M.Tech. Computer Science and Engineering (Integrated 5 years) (CJ),133.0,109.5,,104.5,95.5,110.0,,Erode
"Erode Sengunthar Engineering College (Autonomous), Thudupathi, Perundurai (Tk), Erode District-638057. (2707)",MECHANICAL ENGINEERING (ME),106.5,83.0,,86.5,101.0,88.0,,Erode
"Erode Sengunthar Engineering College (Autonomous), Thudupathi, Perundurai (Tk), Erode District-638057. (2707)",MECHANICAL ENGINEERING (TAMIL MEDIUM) (XM),82.0,,,,,,,Erode
"Erode Sengunthar Engineering College (Autonomous), Thudupathi, Perundurai (Tk), Erode District-638057. (2707)",ROBOTICS AND AUTOMATION (RM),119.5,93.5,,105.0,101.0,92.5,,Erode
"Excel Engineering College (Autonomous), NH-47 Salem Main Road, Sankari West Post, Tiruchengode Taluk, Pallakapalayam,  Namakkal District-637303. (2634)",AERONAUTICAL ENGINEERING (AE),143.0,87.0,96.5,113.5,107.0,131.0,,Namakkal
"Excel Engineering College (Autonomous), NH-47 Salem Main Road, Sankari West Post, Tiruchengode Taluk, Pallakapalayam,  Namakkal District-637303. (2634)",AGRICULTURAL ENGINEERING (AG),133.0,86.5,,87.5,82.0,122.5,122.5,Namakkal
"Excel Engineering College (Autonomous), NH-47 Salem Main Road, Sankari West Post, Tiruchengode Taluk, Pallakapalayam,  Namakkal District-637303. (2634)",Artificial Intelligence and Data Science (AD),133.0,94.0,115.5,116.0,87.5,98.5,,Namakkal
"Excel Engineering College (Autonomous), NH-47 Salem Main Road, Sankari West Post, Tiruchengode Taluk, Pallakapalayam,  Namakkal District-637303. (2634)",BIO MEDICAL ENGINEERING (BM),132.5,82.0,97.0,87.0,93.0,114.0,,Namakkal
"Excel Engineering College (Autonomous), NH-47 Salem Main Road, Sankari West Post, Tiruchengode Taluk, Pallakapalayam,  Namakkal District-637303. (2634)",CIVIL  ENGINEERING (CE),100.0,94.5,,84.5,,,,Namakkal
"Excel Engineering College (Autonomous), NH-47 Salem Main Road, Sankari West Post, Tiruchengode Taluk, Pallakapalayam,  Namakkal District-637303. (2634)",COMPUTER SCIENCE AND BUSSINESS SYSTEM (CB),120.5,107.0,,109.5,89.5,109.0,,Namakkal
"Excel Engineering College (Autonomous), NH-47 Salem Main Road, Sankari West Post, Tiruchengode Taluk, Pallakapalayam,  Namakkal District-637303. (2634)",COMPUTER SCIENCE AND ENGINEERING (CS),142.0,98.5,104.0,117.5,84.5,97.0,129.0,Namakkal
"Excel Engineering College (Autonomous), NH-47 Salem Main Road, Sankari West Post, Tiruchengode Taluk, Pallakapalayam,  Namakkal District-637303. (2634)",ELECTRICAL AND ELECTRONICS ENGINEERING (EE),115.0,92.5,82.5,87.5,91.0,108.0,,Namakkal
"Excel Engineering College (Autonomous), NH-47 Salem Main Road, Sankari West Post, Tiruchengode Taluk, Pallakapalayam,  Namakkal District-637303. (2634)",ELECTRONICS AND COMMUNICATION ENGINEERING (EC),142.0,123.0,,130.0,94.0,117.0,,Namakkal
"Excel Engineering College (Autonomous), NH-47 Salem Main Road, Sankari West Post, Tiruchengode Taluk, Pallakapalayam,  Namakkal District-637303. (2634)",FOOD TECHNOLOGY (FD),126.5,100.5,112.0,96.5,93.0,106.0,,Namakkal
"Excel Engineering College (Autonomous), NH-47 Salem Main Road, Sankari West Post, Tiruchengode Taluk, Pallakapalayam,  Namakkal District-637303. (2634)",INFORMATION TECHNOLOGY (IT),136.0,86.0,93.0,115.0,84.0,106.5,,Namakkal
"Excel Engineering College (Autonomous), NH-47 Salem Main Road, Sankari West Post, Tiruchengode Taluk, Pallakapalayam,  Namakkal District-637303. (2634)",M.Tech. Computer Science and Engineering (Integrated 5 years) (CJ),106.5,101.5,,96.0,101.5,94.0,,Namakkal
"Excel Engineering College (Autonomous), NH-47 Salem Main Road, Sankari West Post, Tiruchengode Taluk, Pallakapalayam,  Namakkal District-637303. (2634)",MECHANICAL ENGINEERING (ME),113.0,94.5,101.0,97.5,80.5,82.5,,Namakkal
"Excel Engineering College (Autonomous), NH-47 Salem Main Road, Sankari West Post, Tiruchengode Taluk, Pallakapalayam,  Namakkal District-637303. (2634)",PETRO CHEMICAL TECHNOLOGY (PC),89.5,84.5,,,85.5,,,Namakkal
"Excel Engineering College (Autonomous), NH-47 Salem Main Road, Sankari West Post, Tiruchengode Taluk, Pallakapalayam,  Namakkal District-637303. (2634)",Safety and Fire Engineering (SF),115.5,99.0,,96.5,98.0,,,Namakkal
"Fatima Michael College of Engineering and Technology, Senkottai Village, Kalimangalam Panchayat,Sivaganga Main Road, Madurai-625020. (5935)",AUTOMOBILE ENGINEERING (AU),93.5,,,,,,,Sivaganga
"Fatima Michael College of Engineering and Technology, Senkottai Village, Kalimangalam Panchayat,Sivaganga Main Road, Madurai-625020. (5935)",CIVIL  ENGINEERING (CE),80.0,,,,,,,Sivaganga
"Fatima Michael College of Engineering and Technology, Senkottai Village, Kalimangalam Panchayat,Sivaganga Main Road, Madurai-625020. (5935)",COMPUTER SCIENCE AND ENGINEERING (CS),113.5,92.0,,91.5,89.0,,,Sivaganga
"Fatima Michael College of Engineering and Technology, Senkottai Village, Kalimangalam Panchayat,Sivaganga Main Road, Madurai-625020. (5935)",COMPUTER SCIENCE AND ENGINEERING (AI AND MACHINE LEARNING) (AM),102.0,,,,,,,Sivaganga
"Fatima Michael College of Engineering and Technology, Senkottai Village, Kalimangalam Panchayat,Sivaganga Main Road, Madurai-625020. (5935)",Computer Science and Engineering (Cyber Security) (SC),100.5,83.5,,,80.0,100.0,,Sivaganga
"Fatima Michael College of Engineering and Technology, Senkottai Village, Kalimangalam Panchayat,Sivaganga Main Road, Madurai-625020. (5935)",ELECTRICAL AND ELECTRONICS ENGINEERING (EE),93.0,,,,,,,Sivaganga
"Fatima Michael College of Engineering and Technology, Senkottai Village, Kalimangalam Panchayat,Sivaganga Main Road, Madurai-625020. (5935)",ELECTRONICS AND COMMUNICATION ENGINEERING (EC),110.5,101.5,,109.5,103.0,,,Sivaganga
"Fatima Michael College of Engineering and Technology, Senkottai Village, Kalimangalam Panchayat,Sivaganga Main Road, Madurai-625020. (5935)",MECHANICAL ENGINEERING (ME),94.5,,,,,,,Sivaganga
"Francis Xavier Engineering College (Autonomous), 103 G2, By Pass Road, Vannarpettai, Tirunelveli-627003. (4955)",Artificial Intelligence and Data Science (AD),171.5,157.0,168.5,151.0,139.0,148.5,,Tirunelveli
"Francis Xavier Engineering College (Autonomous), 103 G2, By Pass Road, Vannarpettai, Tirunelveli-627003. (4955)",CIVIL  ENGINEERING (CE),134.5,115.5,,121.0,105.5,,,Tirunelveli
"Francis Xavier Engineering College (Autonomous), 103 G2, By Pass Road, Vannarpettai, Tirunelveli-627003. (4955)",COMPUTER SCIENCE AND BUSSINESS SYSTEM (CB),156.0,148.5,152.0,132.5,118.0,,,Tirunelveli
"Francis Xavier Engineering College (Autonomous), 103 G2, By Pass Road, Vannarpettai, Tirunelveli-627003. (4955)",COMPUTER SCIENCE AND ENGINEERING (CS),171.5,155.0,168.5,138.0,126.0,134.0,,Tirunelveli
"Francis Xavier Engineering College (Autonomous), 103 G2, By Pass Road, Vannarpettai, Tirunelveli-627003. (4955)",COMPUTER SCIENCE AND ENGINEERING (AI AND MACHINE LEARNING) (AM),157.0,150.5,143.0,139.5,114.5,,,Tirunelveli
"Francis Xavier Engineering College (Autonomous), 103 G2, By Pass Road, Vannarpettai, Tirunelveli-627003. (4955)",ELECTRICAL AND ELECTRONICS ENGINEERING (EE),152.0,141.0,151.0,119.5,105.0,,,Tirunelveli
"Francis Xavier Engineering College (Autonomous), 103 G2, By Pass Road, Vannarpettai, Tirunelveli-627003. (4955)",ELECTRONICS AND COMMUNICATION ENGINEERING (EC),170.0,155.0,167.5,132.0,128.0,,,Tirunelveli
"Francis Xavier Engineering College (Autonomous), 103 G2, By Pass Road, Vannarpettai, Tirunelveli-627003. (4955)",INFORMATION TECHNOLOGY (IT),164.0,152.5,161.0,133.0,117.0,,,Tirunelveli
"Francis Xavier Engineering College (Autonomous), 103 G2, By Pass Road, Vannarpettai, Tirunelveli-627003. (4955)",MECHANICAL ENGINEERING (ME),139.0,126.0,138.5,103.0,92.0,,,Tirunelveli
"G K M College of Engineering and Technology, G K M Nagar, Alappakkam-Mappedu Road, New Perugalathur, Chennai-600063. (1407)",Artificial Intelligence and Data Science (AD),107.0,94.0,,88.0,,,,Chennai
"G K M College of Engineering and Technology, G K M Nagar, Alappakkam-Mappedu Road, New Perugalathur, Chennai-600063. (1407)",AUTOMOBILE ENGINEERING (AU),105.0,,,,,,,Chennai
"G K M College of Engineering and Technology, G K M Nagar, Alappakkam-Mappedu Road, New Perugalathur, Chennai-600063. (1407)",BIO MEDICAL ENGINEERING (BM),109.0,,,,102.5,,,Chennai
"G K M College of Engineering and Technology, G K M Nagar, Alappakkam-Mappedu Road, New Perugalathur, Chennai-600063. (1407)",CIVIL  ENGINEERING (CE),98.5,,,,,,,Chennai
"G K M College of Engineering and Technology, G K M Nagar, Alappakkam-Mappedu Road, New Perugalathur, Chennai-600063. (1407)",COMPUTER SCIENCE AND ENGINEERING (CS),126.0,106.0,,102.5,85.0,,,Chennai
"G K M College of Engineering and Technology, G K M Nagar, Alappakkam-Mappedu Road, New Perugalathur, Chennai-600063. (1407)",Computer Science and Engineering (Cyber Security) (SC),93.0,88.5,,,,,,Chennai
"G K M College of Engineering and Technology, G K M Nagar, Alappakkam-Mappedu Road, New Perugalathur, Chennai-600063. (1407)",ELECTRICAL AND ELECTRONICS ENGINEERING (EE),113.5,,,,,,,Chennai
"G K M College of Engineering and Technology, G K M Nagar, Alappakkam-Mappedu Road, New Perugalathur, Chennai-600063. (1407)",ELECTRONICS AND COMMUNICATION ENGINEERING (EC),101.5,,,,,,,Chennai
"G K M College of Engineering and Technology, G K M Nagar, Alappakkam-Mappedu Road, New Perugalathur, Chennai-600063. (1407)",INFORMATION TECHNOLOGY (IT),107.5,103.0,,94.5,,,,Chennai
"G K M College of Engineering and Technology, G K M Nagar, Alappakkam-Mappedu Road, New Perugalathur, Chennai-600063. (1407)",MARINE ENGINEERING (MR),,,,,,,,Chennai
"G K M College of Engineering and Technology, G K M Nagar, Alappakkam-Mappedu Road, New Perugalathur, Chennai-600063. (1407)",MECHANICAL ENGINEERING (ME),,,,,,,,Chennai
"Ganadipathy Tulsi's Jain Engineering College, Chittoor-Cuddalore Road, Kaniyambadi, Vellore-632102. (1507)",Artificial Intelligence and Data Science (AD),138.5,112.5,,128.5,100.0,101.5,,Cuddalore
"Ganadipathy Tulsi's Jain Engineering College, Chittoor-Cuddalore Road, Kaniyambadi, Vellore-632102. (1507)",COMPUTER SCIENCE AND BUSSINESS SYSTEM (CB),118.0,102.5,,107.5,90.0,92.5,,Cuddalore
"Ganadipathy Tulsi's Jain Engineering College, Chittoor-Cuddalore Road, Kaniyambadi, Vellore-632102. (1507)",COMPUTER SCIENCE AND ENGINEERING (CS),132.5,109.5,,125.0,96.0,131.0,,Cuddalore
"Ganadipathy Tulsi's Jain Engineering College, Chittoor-Cuddalore Road, Kaniyambadi, Vellore-632102. (1507)",Computer Science and Engineering (Cyber Security) (SC),112.0,99.5,,103.0,,,,Cuddalore
"Ganadipathy Tulsi's Jain Engineering College, Chittoor-Cuddalore Road, Kaniyambadi, Vellore-632102. (1507)",ELECTRICAL AND ELECTRONICS ENGINEERING (EE),96.5,95.5,,,,,,Cuddalore
"Ganadipathy Tulsi's Jain Engineering College, Chittoor-Cuddalore Road, Kaniyambadi, Vellore-632102. (1507)",ELECTRONICS AND COMMUNICATION ENGINEERING (EC),128.0,89.5,,107.5,81.5,113.5,,Cuddalore
"Ganadipathy Tulsi's Jain Engineering College, Chittoor-Cuddalore Road, Kaniyambadi, Vellore-632102. (1507)",INFORMATION TECHNOLOGY (IT),135.0,117.0,134.5,122.0,80.0,108.5,,Cuddalore
"Ganadipathy Tulsi's Jain Engineering College, Chittoor-Cuddalore Road, Kaniyambadi, Vellore-632102. (1507)",MECHANICAL ENGINEERING (ME),88.5,,,,,,,Cuddalore
"Ganapathy Chettiar College of Engineering and Technology, Melakavanur (PO), Paramakudi, Ramanathapuram District-623706. (5924)",Artificial Intelligence and Data Science (AD),87.0,,,,,,,Ramanathapuram
"Ganapathy Chettiar College of Engineering and Technology, Melakavanur (PO), Paramakudi, Ramanathapuram District-623706. (5924)",CIVIL  ENGINEERING (CE),81.0,,,,,,,Ramanathapuram
"Ganapathy Chettiar College of Engineering and Technology, Melakavanur (PO), Paramakudi, Ramanathapuram District-623706. (5924)",COMPUTER SCIENCE AND ENGINEERING (CS),83.5,,,,,,,Ramanathapuram
"Ganapathy Chettiar College of Engineering and Technology, Melakavanur (PO), Paramakudi, Ramanathapuram District-623706. (5924)",ELECTRICAL AND ELECTRONICS ENGINEERING (EE),142.0,,,,,,,Ramanathapuram
"Ganapathy Chettiar College of Engineering and Technology, Melakavanur (PO), Paramakudi, Ramanathapuram District-623706. (5924)",ELECTRONICS AND COMMUNICATION ENGINEERING (EC),126.0,,,,,,,Ramanathapuram
"Ganapathy Chettiar College of Engineering and Technology, Melakavanur (PO), Paramakudi, Ramanathapuram District-623706. (5924)",INFORMATION TECHNOLOGY (IT),,,,,,,,Ramanathapuram
"Ganapathy Chettiar College of Engineering and Technology, Melakavanur (PO), Paramakudi, Ramanathapuram District-623706. (5924)",MECHANICAL ENGINEERING (ME),129.5,,,,,,,Ramanathapuram
"Ganesh College of Engineering, Attur Main Road, Mettupatti, Salem-636111. (2341)",Artificial Intelligence and Data Science (AD),84.5,,,,,,,Salem
"Ganesh College of Engineering, Attur Main Road, Mettupatti, Salem-636111. (2341)",BIO MEDICAL ENGINEERING (BM),80.5,,,,,,,Salem
"Ganesh College of Engineering, Attur Main Road, Mettupatti, Salem-636111. (2341)",CIVIL  ENGINEERING (CE),92.0,,,,,,,Salem
"Ganesh College of Engineering, Attur Main Road, Mettupatti, Salem-636111. (2341)",COMPUTER SCIENCE AND ENGINEERING (CS),85.0,,,,,,,Salem
"Ganesh College of Engineering, Attur Main Road, Mettupatti, Salem-636111. (2341)",ELECTRICAL AND ELECTRONICS ENGINEERING (EE),88.0,,,83.0,,,,Salem
"Ganesh College of Engineering, Attur Main Road, Mettupatti, Salem-636111. (2341)",ELECTRONICS AND COMMUNICATION ENGINEERING (EC),86.0,,,,,,,Salem
"Ganesh College of Engineering, Attur Main Road, Mettupatti, Salem-636111. (2341)",INFORMATION TECHNOLOGY (IT),86.5,,,,,,,Salem
"Ganesh College of Engineering, Attur Main Road, Mettupatti, Salem-636111. (2341)",MECHANICAL ENGINEERING (ME),81.0,,,,,,,Salem
"Global Institute of Engineering and Technology, 257/1, Bangalore-Chennai Highway,Melvisharam, Vellore-632509. (1523)",Artificial Intelligence and Data Science (AD),131.5,93.5,131.0,122.5,97.0,,,Chennai
"Global Institute of Engineering and Technology, 257/1, Bangalore-Chennai Highway,Melvisharam, Vellore-632509. (1523)",AUTOMOBILE ENGINEERING (AU),94.5,,,,,,,Chennai
"Global Institute of Engineering and Technology, 257/1, Bangalore-Chennai Highway,Melvisharam, Vellore-632509. (1523)",CIVIL  ENGINEERING (CE),,,,,,,,Chennai
"Global Institute of Engineering and Technology, 257/1, Bangalore-Chennai Highway,Melvisharam, Vellore-632509. (1523)",COMPUTER SCIENCE AND ENGINEERING (CS),122.5,87.0,105.5,105.5,101.5,,,Chennai
"Global Institute of Engineering and Technology, 257/1, Bangalore-Chennai Highway,Melvisharam, Vellore-632509. (1523)",COMPUTER SCIENCE AND ENGINEERING (AI AND MACHINE LEARNING) (AM),119.0,110.5,108.5,113.0,,,,Chennai
"Global Institute of Engineering and Technology, 257/1, Bangalore-Chennai Highway,Melvisharam, Vellore-632509. (1523)",ELECTRICAL AND ELECTRONICS ENGINEERING (EE),91.0,,,,,,,Chennai
"Global Institute of Engineering and Technology, 257/1, Bangalore-Chennai Highway,Melvisharam, Vellore-632509. (1523)",ELECTRONICS AND COMMUNICATION ENGINEERING (EC),109.5,82.5,102.0,94.0,92.0,,,Chennai
"Global Institute of Engineering and Technology, 257/1, Bangalore-Chennai Highway,Melvisharam, Vellore-632509. (1523)",INFORMATION TECHNOLOGY (IT),123.0,106.5,120.5,104.0,110.5,114.5,,Chennai
"Global Institute of Engineering and Technology, 257/1, Bangalore-Chennai Highway,Melvisharam, Vellore-632509. (1523)",MECHANICAL ENGINEERING (ME),97.5,,,,,,,Chennai
"Gnanamani College of Technology (Autonomous), NH-7, A.K. Samuthiram, Pachal Post, Namakkal District-637018. (2624)",AGRICULTURAL ENGINEERING (AG),113.0,89.5,,85.0,81.5,,,Namakkal
"Gnanamani College of Technology (Autonomous), NH-7, A.K. Samuthiram, Pachal Post, Namakkal District-637018. (2624)",Artificial Intelligence and Data Science (AD),143.5,116.0,121.5,126.0,116.5,113.5,134.5,Namakkal
"Gnanamani College of Technology (Autonomous), NH-7, A.K. Samuthiram, Pachal Post, Namakkal District-637018. (2624)",BIO MEDICAL ENGINEERING (BM),126.5,85.5,,90.5,107.5,105.5,,Namakkal
"Gnanamani College of Technology (Autonomous), NH-7, A.K. Samuthiram, Pachal Post, Namakkal District-637018. (2624)",BIO TECHNOLOGY (BT),125.5,102.5,,87.5,110.5,116.0,,Namakkal
"Gnanamani College of Technology (Autonomous), NH-7, A.K. Samuthiram, Pachal Post, Namakkal District-637018. (2624)",CHEMICAL  ENGINEERING (CH),116.0,99.0,,96.5,82.5,89.5,88.5,Namakkal
"Gnanamani College of Technology (Autonomous), NH-7, A.K. Samuthiram, Pachal Post, Namakkal District-637018. (2624)",COMPUTER SCIENCE AND ENGINEERING (CS),130.5,83.5,107.5,104.5,101.5,125.5,116.0,Namakkal
"Gnanamani College of Technology (Autonomous), NH-7, A.K. Samuthiram, Pachal Post, Namakkal District-637018. (2624)",ELECTRICAL AND ELECTRONICS ENGINEERING (EE),112.0,90.5,,92.5,82.0,94.5,106.5,Namakkal
"Gnanamani College of Technology (Autonomous), NH-7, A.K. Samuthiram, Pachal Post, Namakkal District-637018. (2624)",ELECTRONICS AND COMMUNICATION ENGINEERING (EC),133.0,94.5,87.5,96.0,99.5,114.5,,Namakkal
"Gnanamani College of Technology (Autonomous), NH-7, A.K. Samuthiram, Pachal Post, Namakkal District-637018. (2624)",FOOD TECHNOLOGY (FD),105.5,84.0,,83.0,85.5,,,Namakkal
"Gnanamani College of Technology (Autonomous), NH-7, A.K. Samuthiram, Pachal Post, Namakkal District-637018. (2624)",INFORMATION TECHNOLOGY (IT),119.5,90.5,94.0,97.0,95.5,108.5,107.0,Namakkal
"Gnanamani College of Technology (Autonomous), NH-7, A.K. Samuthiram, Pachal Post, Namakkal District-637018. (2624)",MECHANICAL ENGINEERING (ME),98.5,84.5,,91.0,88.5,90.0,92.0,Namakkal
"Gnanamani College of Technology (Autonomous), NH-7, A.K. Samuthiram, Pachal Post, Namakkal District-637018. (2624)",PHARMACEUTICAL TECHNOLOGY (PH),121.5,89.5,,87.0,89.0,83.0,,Namakkal
"Gojan School of Business and Technology, 80-Feet Road, Edapalayam, Red Hills, Thiruvallur, Chennai-600052. (1123)",AERONAUTICAL ENGINEERING (AE),121.0,85.0,,86.5,98.0,,,Chennai
"Gojan School of Business and Technology, 80-Feet Road, Edapalayam, Red Hills, Thiruvallur, Chennai-600052. (1123)",Artificial Intelligence and Data Science (AD),126.0,108.0,,107.5,118.5,,,Chennai
"Gojan School of Business and Technology, 80-Feet Road, Edapalayam, Red Hills, Thiruvallur, Chennai-600052. (1123)",BIO TECHNOLOGY (BT),83.0,,,,,,,Chennai
"Gojan School of Business and Technology, 80-Feet Road, Edapalayam, Red Hills, Thiruvallur, Chennai-600052. (1123)",COMPUTER AND  COMMUNICATION ENGINEERING (CO),122.0,82.0,,82.5,89.0,,,Chennai
"Gojan School of Business and Technology, 80-Feet Road, Edapalayam, Red Hills, Thiruvallur, Chennai-600052. (1123)",COMPUTER SCIENCE AND BUSSINESS SYSTEM (CB),117.5,94.5,,86.5,95.5,,,Chennai
"Gojan School of Business and Technology, 80-Feet Road, Edapalayam, Red Hills, Thiruvallur, Chennai-600052. (1123)",COMPUTER SCIENCE AND ENGINEERING (CS),134.0,113.5,97.0,99.5,104.0,,,Chennai
"Gojan School of Business and Technology, 80-Feet Road, Edapalayam, Red Hills, Thiruvallur, Chennai-600052. (1123)",COMPUTER SCIENCE AND ENGINEERING (AI AND MACHINE LEARNING) (AM),120.5,118.0,97.5,101.5,116.0,,,Chennai
"Gojan School of Business and Technology, 80-Feet Road, Edapalayam, Red Hills, Thiruvallur, Chennai-600052. (1123)",Computer Science and Engineering (Cyber Security) (SC),125.5,83.5,,112.0,85.5,,,Chennai
"Gojan School of Business and Technology, 80-Feet Road, Edapalayam, Red Hills, Thiruvallur, Chennai-600052. (1123)",ELECTRONICS AND COMMUNICATION ENGINEERING (EC),131.5,118.0,117.0,93.0,107.0,,,Chennai
"Gojan School of Business and Technology, 80-Feet Road, Edapalayam, Red Hills, Thiruvallur, Chennai-600052. (1123)",INFORMATION TECHNOLOGY (IT),136.0,91.5,,117.0,114.0,,,Chennai
"Gojan School of Business and Technology, 80-Feet Road, Edapalayam, Red Hills, Thiruvallur, Chennai-600052. (1123)",MECHANICAL AND AUTOMATION ENGINEERING (MU),106.5,84.5,,,100.0,,,Chennai
"Gojan School of Business and Technology, 80-Feet Road, Edapalayam, Red Hills, Thiruvallur, Chennai-600052. (1123)",MEDICAL ELECTRONICS (MD),89.5,86.0,,,,,,Chennai
"Gojan School of Business and Technology, 80-Feet Road, Edapalayam, Red Hills, Thiruvallur, Chennai-600052. (1123)",PHARMACEUTICAL TECHNOLOGY (PH),127.5,96.0,81.0,,89.0,,,Chennai
"Gojan School of Business and Technology, 80-Feet Road, Edapalayam, Red Hills, Thiruvallur, Chennai-600052. (1123)",ROBOTICS AND AUTOMATION (RM),103.5,,,,,,,Chennai
"Good Shepherd College of Engineering and Technology, Maruthamparai, Kaliyal Village, Kaliyal, Kanyakumari-629151. (4686)",Artificial Intelligence and Data Science (AD),102.0,,,,,,,Other
"Good Shepherd College of Engineering and Technology, Maruthamparai, Kaliyal Village, Kaliyal, Kanyakumari-629151. (4686)",CIVIL  ENGINEERING (CE),,,,,,,,Other
"Good Shepherd College of Engineering and Technology, Maruthamparai, Kaliyal Village, Kaliyal, Kanyakumari-629151. (4686)",COMPUTER SCIENCE AND ENGINEERING (CS),119.5,96.5,,,106.5,,,Other
"Good Shepherd College of Engineering and Technology, Maruthamparai, Kaliyal Village, Kaliyal, Kanyakumari-629151. (4686)",ELECTRONICS AND COMMUNICATION ENGINEERING (EC),88.0,,,,,,,Other
"Good Shepherd College of Engineering and Technology, Maruthamparai, Kaliyal Village, Kaliyal, Kanyakumari-629151. (4686)",INFORMATION TECHNOLOGY (IT),113.0,,,,,,,Other
"Good Shepherd College of Engineering and Technology, Maruthamparai, Kaliyal Village, Kaliyal, Kanyakumari-629151. (4686)",MECHANICAL ENGINEERING (ME),95.5,,,,,,,Other
Government College of Engineering  Chettikkarai Post  Dharmapuri District 635704 (2369),CIVIL  ENGINEERING (CE),153.5,122.5,106.5,142.5,133.5,101.5,,Dharmapuri
Government College of Engineering  Chettikkarai Post  Dharmapuri District 635704 (2369),COMPUTER SCIENCE AND ENGINEERING (CS),179.5,171.5,162.5,173.5,156.0,150.0,,Dharmapuri
Government College of Engineering  Chettikkarai Post  Dharmapuri District 635704 (2369),ELECTRICAL AND ELECTRONICS ENGINEERING (EE),165.5,156.0,151.0,155.5,138.0,142.0,134.5,Dharmapuri
Government College of Engineering  Chettikkarai Post  Dharmapuri District 635704 (2369),ELECTRONICS AND COMMUNICATION ENGINEERING (EC),174.5,169.0,157.5,169.0,146.5,137.0,,Dharmapuri
Government College of Engineering  Chettikkarai Post  Dharmapuri District 635704 (2369),MECHANICAL ENGINEERING (ME),152.0,138.5,113.0,143.0,124.0,143.5,126.0,Dharmapuri
Government College of Engineering  Gandarvakottai Road  Sengipatti  Thanjavur District 613402 (3464),CIVIL  ENGINEERING (CE),146.0,125.0,141.5,129.0,132.0,,,Thanjavur
Government College of Engineering  Gandarvakottai Road  Sengipatti  Thanjavur District 613402 (3464),COMPUTER SCIENCE AND ENGINEERING (CS),178.5,172.5,173.5,170.5,160.5,157.5,152.5,Thanjavur
Government College of Engineering  Gandarvakottai Road  Sengipatti  Thanjavur District 613402 (3464),ELECTRICAL AND ELECTRONICS ENGINEERING (EE),161.0,155.0,157.5,152.0,143.0,106.5,122.5,Thanjavur
Government College of Engineering  Gandarvakottai Road  Sengipatti  Thanjavur District 613402 (3464),ELECTRONICS AND COMMUNICATION ENGINEERING (EC),172.5,167.0,168.0,165.5,151.0,,134.5,Thanjavur
Government College of Engineering  Gandarvakottai Road  Sengipatti  Thanjavur District 613402 (3464),MECHANICAL ENGINEERING (ME),150.5,131.5,138.5,130.5,133.5,119.5,,Thanjavur
Government College of Engineering  Melachokkanathapuram  Bodinayakkanur  Theni District 625582 (5009),CIVIL  ENGINEERING (CE),146.0,124.5,98.5,123.5,121.0,,124.0,Other
Government College of Engineering  Melachokkanathapuram  Bodinayakkanur  Theni District 625582 (5009),COMPUTER SCIENCE AND ENGINEERING (CS),177.0,171.0,174.5,169.0,155.0,122.5,149.85,Other
Government College of Engineering  Melachokkanathapuram  Bodinayakkanur  Theni District 625582 (5009),ELECTRICAL AND ELECTRONICS ENGINEERING (EE),163.5,155.0,131.0,152.5,133.5,120.0,152.5,Other
Government College of Engineering  Melachokkanathapuram  Bodinayakkanur  Theni District 625582 (5009),ELECTRONICS AND COMMUNICATION ENGINEERING (EC),171.0,165.0,156.0,162.5,154.5,122.5,,Other
Government College of Engineering  Melachokkanathapuram  Bodinayakkanur  Theni District 625582 (5009),MECHANICAL ENGINEERING (ME),143.5,133.0,121.5,125.5,121.5,128.0,,Other
Government College of Engineering  Srirangam  Sethurappatti  Tiruchirappalli District 620012 (3465),CIVIL  ENGINEERING (CE),161.5,137.5,119.5,139.0,143.0,119.5,142.5,Tiruchirappalli
Government College of Engineering  Srirangam  Sethurappatti  Tiruchirappalli District 620012 (3465),COMPUTER SCIENCE AND ENGINEERING (CS),185.0,177.5,177.5,178.5,164.5,146.5,,Tiruchirappalli
Government College of Engineering  Srirangam  Sethurappatti  Tiruchirappalli District 620012 (3465),ELECTRICAL AND ELECTRONICS ENGINEERING (EE),171.5,164.5,162.5,160.0,145.5,149.0,128.0,Tiruchirappalli
Government College of Engineering  Srirangam  Sethurappatti  Tiruchirappalli District 620012 (3465),ELECTRONICS AND COMMUNICATION ENGINEERING (EC),178.0,174.0,174.5,172.0,156.5,156.5,139.5,Tiruchirappalli
Government College of Engineering  Srirangam  Sethurappatti  Tiruchirappalli District 620012 (3465),MECHANICAL ENGINEERING (ME),159.5,146.5,159.5,144.0,138.5,116.0,,Tiruchirappalli
Government College of Engineering  Tirunelveli District 627007 (4974),CIVIL  ENGINEERING (CE),175.0,165.0,172.5,161.5,164.0,108.5,,Tirunelveli
Government College of Engineering  Tirunelveli District 627007 (4974),COMPUTER SCIENCE AND ENGINEERING (CS),192.0,188.0,191.5,186.0,183.0,153.5,154.5,Tirunelveli
Government College of Engineering  Tirunelveli District 627007 (4974),ELECTRICAL AND ELECTRONICS ENGINEERING (EE),182.5,179.5,180.5,177.5,163.0,134.5,,Tirunelveli
Government College of Engineering  Tirunelveli District 627007 (4974),ELECTRONICS AND COMMUNICATION ENGINEERING (EC),187.5,183.5,185.5,180.5,170.5,145.0,161.0,Tirunelveli
Government College of Engineering  Tirunelveli District 627007 (4974),MECHANICAL ENGINEERING (ME),170.5,163.5,166.5,157.0,142.5,127.5,119.5,Tirunelveli
Government College of Engineering (Autonomous)  Bargur  Krishnagiri District 635104 (2603),COMPUTER SCIENCE AND ENGINEERING (CS),187.0,181.5,182.5,184.0,167.0,147.0,,Krishnagiri
Government College of Engineering (Autonomous)  Bargur  Krishnagiri District 635104 (2603),ELECTRICAL AND ELECTRONICS ENGINEERING (EE),176.5,171.0,159.5,169.0,158.5,149.5,157.0,Krishnagiri
Government College of Engineering (Autonomous)  Bargur  Krishnagiri District 635104 (2603),ELECTRONICS AND COMMUNICATION ENGINEERING (EC),182.0,178.0,175.0,179.0,162.0,161.5,154.0,Krishnagiri
Government College of Engineering (Autonomous)  Bargur  Krishnagiri District 635104 (2603),MECHANICAL ENGINEERING (ME),165.5,153.0,159.5,157.5,142.0,129.0,,Krishnagiri
Government College of Engineering (Autonomous)  Karuppur  Salem District 636011 (2615),CIVIL  ENGINEERING (CE),174.0,165.5,168.5,168.0,156.5,146.0,155.0,Salem
Government College of Engineering (Autonomous)  Karuppur  Salem District 636011 (2615),COMPUTER SCIENCE AND ENGINEERING (CS),193.0,191.0,191.0,191.5,181.0,188.0,169.0,Salem
Government College of Engineering (Autonomous)  Karuppur  Salem District 636011 (2615),ELECTRICAL AND ELECTRONICS ENGINEERING (EE),188.5,186.0,183.5,186.0,173.0,164.0,,Salem
Government College of Engineering (Autonomous)  Karuppur  Salem District 636011 (2615),ELECTRONICS AND COMMUNICATION ENGINEERING (EC),191.5,190.0,189.5,190.5,177.5,163.0,169.0,Salem
Government College of Engineering (Autonomous)  Karuppur  Salem District 636011 (2615),MECHANICAL ENGINEERING (ME),179.0,170.0,171.0,167.5,157.5,151.5,144.5,Salem
Government College of Engineering (Autonomous)  Karuppur  Salem District 636011 (2615),METALLURGICAL ENGINEERING (MT),177.5,170.5,176.5,164.0,151.0,162.0,,Salem
Government College of Engineering (Formerly Institute of Road and Transport Technology)  Vasavi College Post  Erode District 638316 (2709),AUTOMOBILE ENGINEERING (AU),159.0,150.0,146.5,149.0,128.5,120.0,,Erode
Government College of Engineering (Formerly Institute of Road and Transport Technology)  Vasavi College Post  Erode District 638316 (2709),CIVIL  ENGINEERING (CE),167.0,158.5,158.0,158.5,151.0,156.0,137.5,Erode
Government College of Engineering (Formerly Institute of Road and Transport Technology)  Vasavi College Post  Erode District 638316 (2709),COMPUTER SCIENCE AND ENGINEERING (CS),188.5,185.0,,184.0,173.5,,154.0,Erode
Government College of Engineering (Formerly Institute of Road and Transport Technology)  Vasavi College Post  Erode District 638316 (2709),ELECTRICAL AND ELECTRONICS ENGINEERING (EE),179.5,172.5,177.0,171.5,153.0,148.0,,Erode
Government College of Engineering (Formerly Institute of Road and Transport Technology)  Vasavi College Post  Erode District 638316 (2709),ELECTRONICS AND COMMUNICATION ENGINEERING (EC),184.0,181.0,180.5,180.0,171.0,170.5,,Erode
Government College of Engineering (Formerly Institute of Road and Transport Technology)  Vasavi College Post  Erode District 638316 (2709),INFORMATION TECHNOLOGY (IT),187.5,181.0,179.0,182.0,176.0,157.5,,Erode
Government College of Engineering (Formerly Institute of Road and Transport Technology)  Vasavi College Post  Erode District 638316 (2709),MECHANICAL ENGINEERING (ME),165.5,162.5,163.0,158.0,143.5,129.0,147.0,Erode
Government College of Technology (Autonomous)  Thadagam Road  Coimbatore District 641013 (2005),CIVIL  ENGINEERING (CE),182.5,175.0,170.5,174.5,173.0,153.0,157.0,Coimbatore
Government College of Technology (Autonomous)  Thadagam Road  Coimbatore District 641013 (2005),COMPUTER SCIENCE AND ENGINEERING (CS),196.0,194.5,194.0,195.0,188.545,186.5,,Coimbatore
Government College of Technology (Autonomous)  Thadagam Road  Coimbatore District 641013 (2005),ELECTRICAL AND ELECTRONICS ENGINEERING (EE),192.5,191.0,191.5,191.0,180.57,176.5,,Coimbatore
Government College of Technology (Autonomous)  Thadagam Road  Coimbatore District 641013 (2005),ELECTRONICS AND COMMUNICATION ENGINEERING (EC),195.5,194.0,194.0,193.5,187.0,194.5,189.5,Coimbatore
Government College of Technology (Autonomous)  Thadagam Road  Coimbatore District 641013 (2005),ELECTRONICS AND INSTRUMENTATION ENGINEERING (EI),190.5,188.0,183.5,189.0,173.5,157.5,160.0,Coimbatore
Government College of Technology (Autonomous)  Thadagam Road  Coimbatore District 641013 (2005),INDUSTRIAL BIO TECHNOLOGY (IB),179.5,173.5,168.0,169.0,157.0,152.0,175.5,Coimbatore
Government College of Technology (Autonomous)  Thadagam Road  Coimbatore District 641013 (2005),INFORMATION TECHNOLOGY (IT),195.0,193.5,193.0,193.0,186.5,182.0,190.5,Coimbatore
Government College of Technology (Autonomous)  Thadagam Road  Coimbatore District 641013 (2005),MECHANICAL ENGINEERING (ME),186.0,182.0,179.0,179.0,168.5,158.0,,Coimbatore
Government College of Technology (Autonomous)  Thadagam Road  Coimbatore District 641013 (2005),PRODUCTION ENGINEERING (PR),178.5,172.0,172.5,168.5,157.5,155.5,176.0,Coimbatore
"Grace College of Engineering , Chandy Nagar, Mullakkadu, Thoothukudi -628005. (4931)",Artificial Intelligence and Data Science (AD),141.5,96.5,96.0,87.5,114.5,,112.5,Thoothukudi
"Grace College of Engineering , Chandy Nagar, Mullakkadu, Thoothukudi -628005. (4931)",CIVIL  ENGINEERING (CE),93.0,,,,,,,Thoothukudi
"Grace College of Engineering , Chandy Nagar, Mullakkadu, Thoothukudi -628005. (4931)",COMPUTER SCIENCE AND ENGINEERING (CS),145.5,103.0,138.0,98.5,125.0,,,Thoothukudi
"Grace College of Engineering , Chandy Nagar, Mullakkadu, Thoothukudi -628005. (4931)",ELECTRICAL AND ELECTRONICS ENGINEERING (EE),96.0,,,,,,,Thoothukudi
"Grace College of Engineering , Chandy Nagar, Mullakkadu, Thoothukudi -628005. (4931)",ELECTRONICS AND COMMUNICATION ENGINEERING (EC),126.0,101.5,,89.0,100.5,,,Thoothukudi
"Grace College of Engineering , Chandy Nagar, Mullakkadu, Thoothukudi -628005. (4931)",MECHANICAL ENGINEERING (ME),96.5,,,,,,,Thoothukudi
"GRT Institute of Engineering and Technology, GRT Mahalakshmi Nagar, Chennai-Tirupathi Highway, Tiruttani, Thiruvallur-631209. (1238)",Artificial Intelligence and Data Science (AD),143.5,106.0,118.5,121.5,89.5,,,Chennai
"GRT Institute of Engineering and Technology, GRT Mahalakshmi Nagar, Chennai-Tirupathi Highway, Tiruttani, Thiruvallur-631209. (1238)",BIO MEDICAL ENGINEERING (BM),137.5,115.5,89.0,103.5,,,,Chennai
"GRT Institute of Engineering and Technology, GRT Mahalakshmi Nagar, Chennai-Tirupathi Highway, Tiruttani, Thiruvallur-631209. (1238)",COMPUTER SCIENCE AND ENGINEERING (CS),144.5,106.5,128.0,125.0,109.0,114.0,,Chennai
"GRT Institute of Engineering and Technology, GRT Mahalakshmi Nagar, Chennai-Tirupathi Highway, Tiruttani, Thiruvallur-631209. (1238)",ELECTRICAL AND ELECTRONICS ENGINEERING (EE),114.5,,,101.5,88.0,,,Chennai
"GRT Institute of Engineering and Technology, GRT Mahalakshmi Nagar, Chennai-Tirupathi Highway, Tiruttani, Thiruvallur-631209. (1238)",ELECTRONICS AND COMMUNICATION ENGINEERING (EC),127.0,94.0,,116.5,104.0,,,Chennai
"GRT Institute of Engineering and Technology, GRT Mahalakshmi Nagar, Chennai-Tirupathi Highway, Tiruttani, Thiruvallur-631209. (1238)",INFORMATION TECHNOLOGY (IT),143.5,91.0,,117.5,96.5,,,Chennai
"GRT Institute of Engineering and Technology, GRT Mahalakshmi Nagar, Chennai-Tirupathi Highway, Tiruttani, Thiruvallur-631209. (1238)",MECHANICAL ENGINEERING (ME),96.5,,,90.5,,,,Chennai
"Hindusthan College of Engineering and Technology(Autonomous), Othakkalmandapam Village, Coimbatore South Taluk, Coimbatore District-641032. (2708)",AERONAUTICAL ENGINEERING (AE),167.5,156.0,149.0,142.5,121.0,154.5,118.0,Coimbatore
"Hindusthan College of Engineering and Technology(Autonomous), Othakkalmandapam Village, Coimbatore South Taluk, Coimbatore District-641032. (2708)",AGRICULTURAL ENGINEERING (AG),137.0,102.0,112.0,89.0,108.5,130.0,,Coimbatore
"Hindusthan College of Engineering and Technology(Autonomous), Othakkalmandapam Village, Coimbatore South Taluk, Coimbatore District-641032. (2708)",Artificial Intelligence and Machine Learning (AL),183.0,165.5,153.5,165.0,140.0,125.0,123.0,Coimbatore
"Hindusthan College of Engineering and Technology(Autonomous), Othakkalmandapam Village, Coimbatore South Taluk, Coimbatore District-641032. (2708)",AUTOMOBILE ENGINEERING (AU),130.0,91.5,83.5,100.5,102.0,124.0,,Coimbatore
"Hindusthan College of Engineering and Technology(Autonomous), Othakkalmandapam Village, Coimbatore South Taluk, Coimbatore District-641032. (2708)",BIO MEDICAL ENGINEERING (BM),154.5,138.5,143.0,114.5,105.5,105.5,,Coimbatore
"Hindusthan College of Engineering and Technology(Autonomous), Othakkalmandapam Village, Coimbatore South Taluk, Coimbatore District-641032. (2708)",CHEMICAL  ENGINEERING (CH),155.0,136.0,142.0,121.5,117.5,,,Coimbatore
"Hindusthan College of Engineering and Technology(Autonomous), Othakkalmandapam Village, Coimbatore South Taluk, Coimbatore District-641032. (2708)",CIVIL  ENGINEERING (CE),146.5,107.5,119.5,111.0,110.5,,,Coimbatore
"Hindusthan College of Engineering and Technology(Autonomous), Othakkalmandapam Village, Coimbatore South Taluk, Coimbatore District-641032. (2708)",COMPUTER SCIENCE AND ENGINEERING (CS),173.5,165.0,158.5,161.5,134.0,126.5,132.0,Coimbatore
"Hindusthan College of Engineering and Technology(Autonomous), Othakkalmandapam Village, Coimbatore South Taluk, Coimbatore District-641032. (2708)",Computer Science and Engineering (Cyber Security) (SC),168.5,162.75,151.5,158.0,132.5,146.5,,Coimbatore
"Hindusthan College of Engineering and Technology(Autonomous), Othakkalmandapam Village, Coimbatore South Taluk, Coimbatore District-641032. (2708)",ELECTRICAL AND ELECTRONICS ENGINEERING (EE),157.0,149.0,,145.5,111.0,,,Coimbatore
"Hindusthan College of Engineering and Technology(Autonomous), Othakkalmandapam Village, Coimbatore South Taluk, Coimbatore District-641032. (2708)",ELECTRONICS AND COMMUNICATION ENGINEERING (EC),166.5,158.0,155.5,158.5,131.5,130.5,117.5,Coimbatore
"Hindusthan College of Engineering and Technology(Autonomous), Othakkalmandapam Village, Coimbatore South Taluk, Coimbatore District-641032. (2708)",ELECTRONICS AND INSTRUMENTATION ENGINEERING (EI),152.0,149.5,,141.5,93.5,,,Coimbatore
"Hindusthan College of Engineering and Technology(Autonomous), Othakkalmandapam Village, Coimbatore South Taluk, Coimbatore District-641032. (2708)",FOOD TECHNOLOGY (FD),134.5,81.0,,90.5,125.5,,,Coimbatore
"Hindusthan College of Engineering and Technology(Autonomous), Othakkalmandapam Village, Coimbatore South Taluk, Coimbatore District-641032. (2708)",INFORMATION TECHNOLOGY (IT),180.0,164.0,157.5,159.5,125.5,104.5,,Coimbatore
"Hindusthan College of Engineering and Technology(Autonomous), Othakkalmandapam Village, Coimbatore South Taluk, Coimbatore District-641032. (2708)",MECHANICAL ENGINEERING (ME),142.0,124.5,117.5,105.5,107.5,108.0,,Coimbatore
"Hindusthan College of Engineering and Technology(Autonomous), Othakkalmandapam Village, Coimbatore South Taluk, Coimbatore District-641032. (2708)",Mechatronics Engineering (MZ),145.5,134.0,133.0,115.0,83.5,100.0,,Coimbatore
"Hindusthan Institute of Technology (Autonomous), Othakkalmandapam Post, Coimbatore-641032. (2740)",AERONAUTICAL ENGINEERING (AE),151.0,138.5,144.0,137.5,139.0,,126.5,Coimbatore
"Hindusthan Institute of Technology (Autonomous), Othakkalmandapam Post, Coimbatore-641032. (2740)",Artificial Intelligence and Data Science (AD),179.0,165.5,161.5,159.385,130.0,108.0,,Coimbatore
"Hindusthan Institute of Technology (Autonomous), Othakkalmandapam Post, Coimbatore-641032. (2740)",COMPUTER SCIENCE AND ENGINEERING (CS),177.5,161.5,176.0,157.5,120.5,123.5,,Coimbatore
"Hindusthan Institute of Technology (Autonomous), Othakkalmandapam Post, Coimbatore-641032. (2740)",ELECTRONICS AND COMMUNICATION ENGINEERING (EC),163.0,153.5,156.0,148.5,89.5,89.0,135.0,Coimbatore
"Hindusthan Institute of Technology (Autonomous), Othakkalmandapam Post, Coimbatore-641032. (2740)",INFORMATION TECHNOLOGY (IT),175.5,158.5,151.5,157.0,122.5,116.0,,Coimbatore
"Hindusthan Institute of Technology (Autonomous), Othakkalmandapam Post, Coimbatore-641032. (2740)",MECHANICAL ENGINEERING (ME),133.5,118.0,123.0,111.0,84.0,,105.5,Coimbatore
"Holy Cross Engineering College, 7/131, Vagaikulam Srivaikuntam Express Road, Sri Mulakarai, Thannoothu Village, Srivaikuntam Taluk, Thoothukudi-628851. (4934)",Artificial Intelligence and Data Science (AD),145.0,85.5,134.0,101.0,83.0,,,Thoothukudi
"Holy Cross Engineering College, 7/131, Vagaikulam Srivaikuntam Express Road, Sri Mulakarai, Thannoothu Village, Srivaikuntam Taluk, Thoothukudi-628851. (4934)",BIO MEDICAL ENGINEERING (BM),131.0,81.5,96.0,93.0,117.0,119.0,,Thoothukudi
"Holy Cross Engineering College, 7/131, Vagaikulam Srivaikuntam Express Road, Sri Mulakarai, Thannoothu Village, Srivaikuntam Taluk, Thoothukudi-628851. (4934)",COMPUTER SCIENCE AND ENGINEERING (CS),128.0,82.5,84.5,107.5,104.5,,,Thoothukudi
"Holy Cross Engineering College, 7/131, Vagaikulam Srivaikuntam Express Road, Sri Mulakarai, Thannoothu Village, Srivaikuntam Taluk, Thoothukudi-628851. (4934)",ELECTRICAL AND ELECTRONICS ENGINEERING (EE),84.5,,,,,,,Thoothukudi
"Holy Cross Engineering College, 7/131, Vagaikulam Srivaikuntam Express Road, Sri Mulakarai, Thannoothu Village, Srivaikuntam Taluk, Thoothukudi-628851. (4934)",ELECTRONICS AND COMMUNICATION ENGINEERING (EC),122.0,93.0,103.5,83.0,,94.0,,Thoothukudi
"Holy Cross Engineering College, 7/131, Vagaikulam Srivaikuntam Express Road, Sri Mulakarai, Thannoothu Village, Srivaikuntam Taluk, Thoothukudi-628851. (4934)",INFORMATION TECHNOLOGY (IT),105.5,88.0,,,96.0,,,Thoothukudi
"Holy Cross Engineering College, 7/131, Vagaikulam Srivaikuntam Express Road, Sri Mulakarai, Thannoothu Village, Srivaikuntam Taluk, Thoothukudi-628851. (4934)",MECHANICAL ENGINEERING (ME),86.5,82.0,,,,,,Thoothukudi
"Idhaya Engineering College for Women, Nainarpalayam Road,Chinna Salem, Villupuram District.-606201. (1605)",COMPUTER SCIENCE AND ENGINEERING (CS),123.5,88.0,113.5,90.5,96.0,119.0,,Villupuram
"Idhaya Engineering College for Women, Nainarpalayam Road,Chinna Salem, Villupuram District.-606201. (1605)",ELECTRICAL AND ELECTRONICS ENGINEERING (EE),135.0,,,,,,,Villupuram
"Idhaya Engineering College for Women, Nainarpalayam Road,Chinna Salem, Villupuram District.-606201. (1605)",ELECTRONICS AND COMMUNICATION ENGINEERING (EC),86.5,,,,85.5,,,Villupuram
"Idhaya Engineering College for Women, Nainarpalayam Road,Chinna Salem, Villupuram District.-606201. (1605)",INFORMATION TECHNOLOGY (IT),130.5,95.0,121.5,103.0,111.0,,,Villupuram
"IFET College of Engineering (Autonomous), IFET Nagar, Gangarampalayam, Valavanur Post, Villupuram District-605108. (1408)",Artificial Intelligence and Data Science (AD),158.5,131.0,128.5,144.0,112.5,,122.5,Villupuram
"IFET College of Engineering (Autonomous), IFET Nagar, Gangarampalayam, Valavanur Post, Villupuram District-605108. (1408)",Artificial Intelligence and Machine Learning (AL),152.0,125.5,136.0,138.0,104.5,,,Villupuram
"IFET College of Engineering (Autonomous), IFET Nagar, Gangarampalayam, Valavanur Post, Villupuram District-605108. (1408)",COMPUTER SCIENCE AND ENGINEERING (CS),167.0,139.0,144.5,144.5,107.0,,,Villupuram
"IFET College of Engineering (Autonomous), IFET Nagar, Gangarampalayam, Valavanur Post, Villupuram District-605108. (1408)",Computer Science and Engineering (Cyber Security) (SC),146.0,121.5,134.5,137.0,90.0,,,Villupuram
"IFET College of Engineering (Autonomous), IFET Nagar, Gangarampalayam, Valavanur Post, Villupuram District-605108. (1408)",ELECTRICAL AND ELECTRONICS ENGINEERING (EE),133.0,103.0,,124.5,96.5,,,Villupuram
"IFET College of Engineering (Autonomous), IFET Nagar, Gangarampalayam, Valavanur Post, Villupuram District-605108. (1408)",ELECTRONICS AND COMMUNICATION ENGINEERING (EC),147.0,113.0,99.0,139.0,107.0,,108.0,Villupuram
"IFET College of Engineering (Autonomous), IFET Nagar, Gangarampalayam, Valavanur Post, Villupuram District-605108. (1408)",INFORMATION TECHNOLOGY (IT),154.5,130.5,139.0,142.5,104.0,,,Villupuram
"IFET College of Engineering (Autonomous), IFET Nagar, Gangarampalayam, Valavanur Post, Villupuram District-605108. (1408)",MECHANICAL ENGINEERING (ME),118.0,87.0,87.0,101.0,101.5,,,Villupuram
"Imayam College of Engineering, Kannanur Post, Thuraiyur Taluk, Tiruchirappalli-621206. (3845)",Artificial Intelligence and Data Science (AD),114.0,91.5,109.0,106.5,,103.0,,Tiruchirappalli
"Imayam College of Engineering, Kannanur Post, Thuraiyur Taluk, Tiruchirappalli-621206. (3845)",COMPUTER SCIENCE AND ENGINEERING (CS),117.5,95.5,109.0,104.5,,97.5,,Tiruchirappalli
"Imayam College of Engineering, Kannanur Post, Thuraiyur Taluk, Tiruchirappalli-621206. (3845)",COMPUTER SCIENCE AND ENGINEERING (AI AND MACHINE LEARNING) (AM),92.5,,87.5,86.0,91.5,,,Tiruchirappalli
"Imayam College of Engineering, Kannanur Post, Thuraiyur Taluk, Tiruchirappalli-621206. (3845)",Computer Science and Engineering (Cyber Security) (SC),101.0,82.0,,,,,,Tiruchirappalli
"Imayam College of Engineering, Kannanur Post, Thuraiyur Taluk, Tiruchirappalli-621206. (3845)",ELECTRICAL AND ELECTRONICS ENGINEERING (EE),84.0,,,,,,,Tiruchirappalli
"Imayam College of Engineering, Kannanur Post, Thuraiyur Taluk, Tiruchirappalli-621206. (3845)",ELECTRONICS AND COMMUNICATION ENGINEERING (EC),83.0,,,,,,,Tiruchirappalli
"Imayam College of Engineering, Kannanur Post, Thuraiyur Taluk, Tiruchirappalli-621206. (3845)",MECHANICAL ENGINEERING (ME),80.0,,,,,,,Tiruchirappalli
"Immanuel Arasar JJ College of Engineering, Edavilagam, Nattalam, Marthandam, Kanyakumari-629195. (4932)",AERONAUTICAL ENGINEERING (AE),,,,,,,,Other
"Immanuel Arasar JJ College of Engineering, Edavilagam, Nattalam, Marthandam, Kanyakumari-629195. (4932)",AGRICULTURAL ENGINEERING (AG),,,,,,,,Other
"Immanuel Arasar JJ College of Engineering, Edavilagam, Nattalam, Marthandam, Kanyakumari-629195. (4932)",Artificial Intelligence and Data Science (AD),181.5,,,,,,,Other
"Immanuel Arasar JJ College of Engineering, Edavilagam, Nattalam, Marthandam, Kanyakumari-629195. (4932)",BIO MEDICAL ENGINEERING (BM),,,,,,,,Other
"Immanuel Arasar JJ College of Engineering, Edavilagam, Nattalam, Marthandam, Kanyakumari-629195. (4932)",CIVIL  ENGINEERING (CE),,,,,,,,Other
"Immanuel Arasar JJ College of Engineering, Edavilagam, Nattalam, Marthandam, Kanyakumari-629195. (4932)",COMPUTER SCIENCE AND ENGINEERING (CS),93.0,,,,,,,Other
"Immanuel Arasar JJ College of Engineering, Edavilagam, Nattalam, Marthandam, Kanyakumari-629195. (4932)",ELECTRICAL AND ELECTRONICS ENGINEERING (EE),,,,,,,,Other
"Immanuel Arasar JJ College of Engineering, Edavilagam, Nattalam, Marthandam, Kanyakumari-629195. (4932)",ELECTRONICS AND COMMUNICATION ENGINEERING (EC),,,,,,,,Other
"Immanuel Arasar JJ College of Engineering, Edavilagam, Nattalam, Marthandam, Kanyakumari-629195. (4932)",INFORMATION TECHNOLOGY (IT),109.5,,,,,,,Other
"Immanuel Arasar JJ College of Engineering, Edavilagam, Nattalam, Marthandam, Kanyakumari-629195. (4932)",MECHANICAL ENGINEERING (ME),,,,,,,,Other
"Immanuel Arasar JJ College of Engineering, Edavilagam, Nattalam, Marthandam, Kanyakumari-629195. (4932)",ROBOTICS AND AUTOMATION (RM),,,,,,,,Other
Indian Institute of Handloom Technology  Foulke's Compound  Thillai Nagar  Salem District 636001 (2343),HANDLOOM AND TEXTILE TECHNOLOGY (HT),163.5,157.0,158.0,152.5,139.0,135.0,116.5,Salem
"Indira Institute of Engineering and Technology, No.1, V.G.R Nagar, V.G.R Gardens, Pandur, Thiruvallur -631203. (1229)",Artificial Intelligence and Data Science (AD),97.0,,,,,,,Other
"Indira Institute of Engineering and Technology, No.1, V.G.R Nagar, V.G.R Gardens, Pandur, Thiruvallur -631203. (1229)",CIVIL  ENGINEERING (CE),,,,,,,,Other
"Indira Institute of Engineering and Technology, No.1, V.G.R Nagar, V.G.R Gardens, Pandur, Thiruvallur -631203. (1229)",COMPUTER SCIENCE AND ENGINEERING (CS),102.0,,,93.0,80.5,,,Other
"Indira Institute of Engineering and Technology, No.1, V.G.R Nagar, V.G.R Gardens, Pandur, Thiruvallur -631203. (1229)",ELECTRICAL AND ELECTRONICS ENGINEERING (EE),83.0,,,,,,,Other
"Indira Institute of Engineering and Technology, No.1, V.G.R Nagar, V.G.R Gardens, Pandur, Thiruvallur -631203. (1229)",ELECTRONICS AND COMMUNICATION ENGINEERING (EC),105.0,,,,,,,Other
"Indira Institute of Engineering and Technology, No.1, V.G.R Nagar, V.G.R Gardens, Pandur, Thiruvallur -631203. (1229)",MECHANICAL ENGINEERING (ME),,,,,,,,Other
"Indra Ganesan College of Engineering, Madurai Main Road, Manikandam, Tiruchirappalli-620012. (3831)",AGRICULTURAL ENGINEERING (AG),96.5,,,,,,,Tiruchirappalli
"Indra Ganesan College of Engineering, Madurai Main Road, Manikandam, Tiruchirappalli-620012. (3831)",Artificial Intelligence and Data Science (AD),129.5,103.5,114.0,97.0,101.0,,,Tiruchirappalli
"Indra Ganesan College of Engineering, Madurai Main Road, Manikandam, Tiruchirappalli-620012. (3831)",BIO MEDICAL ENGINEERING (BM),97.0,,,,,,,Tiruchirappalli
"Indra Ganesan College of Engineering, Madurai Main Road, Manikandam, Tiruchirappalli-620012. (3831)",COMPUTER SCIENCE AND ENGINEERING (CS),109.0,89.0,103.5,83.5,81.0,,,Tiruchirappalli
"Indra Ganesan College of Engineering, Madurai Main Road, Manikandam, Tiruchirappalli-620012. (3831)",ELECTRICAL AND ELECTRONICS ENGINEERING (EE),,,,,,,,Tiruchirappalli
"Indra Ganesan College of Engineering, Madurai Main Road, Manikandam, Tiruchirappalli-620012. (3831)",ELECTRONICS AND COMMUNICATION ENGINEERING (EC),89.0,,,,,,,Tiruchirappalli
"Indra Ganesan College of Engineering, Madurai Main Road, Manikandam, Tiruchirappalli-620012. (3831)",INFORMATION TECHNOLOGY (IT),81.5,,,,,,,Tiruchirappalli
"Indra Ganesan College of Engineering, Madurai Main Road, Manikandam, Tiruchirappalli-620012. (3831)",MECHANICAL ENGINEERING (ME),100.0,,,,,,,Tiruchirappalli
"Infant Jesus College of Engineering, Kamarajar Nagar, Tirunelveli-Thoothukudi Highway (NH-7A), Keelavallanadu Village, Ellanayakkan Patti Post, Srivaikundam Taluk, Thoothukudi District-628851. (4976)",AERONAUTICAL ENGINEERING (AE),94.0,,,,,,,Thoothukudi
"Infant Jesus College of Engineering, Kamarajar Nagar, Tirunelveli-Thoothukudi Highway (NH-7A), Keelavallanadu Village, Ellanayakkan Patti Post, Srivaikundam Taluk, Thoothukudi District-628851. (4976)",AGRICULTURAL ENGINEERING (AG),85.0,,,,,,,Thoothukudi
"Infant Jesus College of Engineering, Kamarajar Nagar, Tirunelveli-Thoothukudi Highway (NH-7A), Keelavallanadu Village, Ellanayakkan Patti Post, Srivaikundam Taluk, Thoothukudi District-628851. (4976)",COMPUTER SCIENCE AND ENGINEERING (CS),102.5,95.0,,85.0,89.5,,,Thoothukudi
"Infant Jesus College of Engineering, Kamarajar Nagar, Tirunelveli-Thoothukudi Highway (NH-7A), Keelavallanadu Village, Ellanayakkan Patti Post, Srivaikundam Taluk, Thoothukudi District-628851. (4976)",ELECTRONICS AND COMMUNICATION ENGINEERING (EC),113.0,,,,,,,Thoothukudi
"Infant Jesus College of Engineering, Kamarajar Nagar, Tirunelveli-Thoothukudi Highway (NH-7A), Keelavallanadu Village, Ellanayakkan Patti Post, Srivaikundam Taluk, Thoothukudi District-628851. (4976)",MECHANICAL ENGINEERING (ME),102.5,,,,,,,Thoothukudi
"Info Institute of Engineering, S F No.194-200, N.H.209, Sathy Road, Sarakarsamakulam, Kovilpalayam, Coimbatore-641107. (2732)",Artificial Intelligence and Data Science (AD),132.0,100.0,111.5,105.5,98.0,107.5,,Coimbatore
"Info Institute of Engineering, S F No.194-200, N.H.209, Sathy Road, Sarakarsamakulam, Kovilpalayam, Coimbatore-641107. (2732)",COMPUTER SCIENCE AND ENGINEERING (CS),111.0,91.0,89.0,81.5,,106.5,,Coimbatore
"Info Institute of Engineering, S F No.194-200, N.H.209, Sathy Road, Sarakarsamakulam, Kovilpalayam, Coimbatore-641107. (2732)",ELECTRICAL AND ELECTRONICS ENGINEERING (EE),100.0,95.5,,,90.5,,,Coimbatore
"Info Institute of Engineering, S F No.194-200, N.H.209, Sathy Road, Sarakarsamakulam, Kovilpalayam, Coimbatore-641107. (2732)",ELECTRONICS AND COMMUNICATION ENGINEERING (EC),107.5,83.5,,105.0,,101.0,,Coimbatore
"Info Institute of Engineering, S F No.194-200, N.H.209, Sathy Road, Sarakarsamakulam, Kovilpalayam, Coimbatore-641107. (2732)",INFORMATION TECHNOLOGY (IT),114.5,85.5,,93.0,104.0,94.0,,Coimbatore
"Info Institute of Engineering, S F No.194-200, N.H.209, Sathy Road, Sarakarsamakulam, Kovilpalayam, Coimbatore-641107. (2732)",MECHANICAL ENGINEERING (ME),100.0,,,,,,,Coimbatore
"J.J. College of Engineering and Technology, Ammapettai, Poolankulathupatti Post, Tiruchirappalli-620009. (3807)",AERONAUTICAL ENGINEERING (AE),110.5,,,101.5,,,,Tiruchirappalli
"J.J. College of Engineering and Technology, Ammapettai, Poolankulathupatti Post, Tiruchirappalli-620009. (3807)",Artificial Intelligence and Data Science (AD),142.5,127.0,121.5,96.5,100.5,,,Tiruchirappalli
"J.J. College of Engineering and Technology, Ammapettai, Poolankulathupatti Post, Tiruchirappalli-620009. (3807)",CIVIL  ENGINEERING (CE),106.5,94.5,,83.0,91.5,,,Tiruchirappalli
"J.J. College of Engineering and Technology, Ammapettai, Poolankulathupatti Post, Tiruchirappalli-620009. (3807)",COMPUTER SCIENCE AND ENGINEERING (CS),148.0,134.5,138.5,106.0,103.5,107.5,,Tiruchirappalli
"J.J. College of Engineering and Technology, Ammapettai, Poolankulathupatti Post, Tiruchirappalli-620009. (3807)",Computer Science and Engineering (Cyber Security) (SC),140.0,123.0,136.0,115.0,,,,Tiruchirappalli
"J.J. College of Engineering and Technology, Ammapettai, Poolankulathupatti Post, Tiruchirappalli-620009. (3807)",ELECTRICAL AND ELECTRONICS ENGINEERING (EE),129.5,92.0,124.0,92.0,112.0,,,Tiruchirappalli
"J.J. College of Engineering and Technology, Ammapettai, Poolankulathupatti Post, Tiruchirappalli-620009. (3807)",ELECTRONICS AND COMMUNICATION ENGINEERING (EC),154.5,127.5,139.0,123.5,112.5,110.5,,Tiruchirappalli
"J.J. College of Engineering and Technology, Ammapettai, Poolankulathupatti Post, Tiruchirappalli-620009. (3807)",INFORMATION TECHNOLOGY (IT),144.5,126.5,123.0,88.5,91.0,,,Tiruchirappalli
"J.J. College of Engineering and Technology, Ammapettai, Poolankulathupatti Post, Tiruchirappalli-620009. (3807)",MECHANICAL ENGINEERING (ME),116.5,90.5,89.5,89.0,98.0,,,Tiruchirappalli
"J.K.K.Nataraja College of Engineering and Technology, Sf No. 147/1,2,4 Komarapalayam Amani, Thattankuttai Panchayat, Tiruchengode, Namakkal-638183. (2647)",COMPUTER SCIENCE AND ENGINEERING (CS),122.0,115.0,,100.5,102.5,121.5,,Namakkal
"J.K.K.Nataraja College of Engineering and Technology, Sf No. 147/1,2,4 Komarapalayam Amani, Thattankuttai Panchayat, Tiruchengode, Namakkal-638183. (2647)",ELECTRICAL AND ELECTRONICS ENGINEERING (EE),87.5,,,,,,,Namakkal
"J.K.K.Nataraja College of Engineering and Technology, Sf No. 147/1,2,4 Komarapalayam Amani, Thattankuttai Panchayat, Tiruchengode, Namakkal-638183. (2647)",ELECTRONICS AND COMMUNICATION ENGINEERING (EC),101.0,86.5,,84.5,,85.0,,Namakkal
"J.K.K.Nataraja College of Engineering and Technology, Sf No. 147/1,2,4 Komarapalayam Amani, Thattankuttai Panchayat, Tiruchengode, Namakkal-638183. (2647)",INFORMATION TECHNOLOGY (IT),113.0,83.0,,103.5,102.5,84.0,,Namakkal
"J.K.K.Nataraja College of Engineering and Technology, Sf No. 147/1,2,4 Komarapalayam Amani, Thattankuttai Panchayat, Tiruchengode, Namakkal-638183. (2647)",MECHANICAL ENGINEERING (ME),80.0,,,,,,,Namakkal
"J.P. College of Engineering, College Road, Ayikudy, Tenkasi Taluk, Tirunelveli District-627852. (4994)",Artificial Intelligence and Data Science (AD),130.5,91.0,92.0,105.5,87.5,89.0,,Tirunelveli
"J.P. College of Engineering, College Road, Ayikudy, Tenkasi Taluk, Tirunelveli District-627852. (4994)",CIVIL  ENGINEERING (CE),124.0,116.0,,94.5,,,,Tirunelveli
"J.P. College of Engineering, College Road, Ayikudy, Tenkasi Taluk, Tirunelveli District-627852. (4994)",COMPUTER SCIENCE AND ENGINEERING (CS),128.5,88.5,116.5,88.5,91.0,118.5,,Tirunelveli
"J.P. College of Engineering, College Road, Ayikudy, Tenkasi Taluk, Tirunelveli District-627852. (4994)",ELECTRICAL AND ELECTRONICS ENGINEERING (EE),95.0,86.5,94.5,,,,,Tirunelveli
"J.P. College of Engineering, College Road, Ayikudy, Tenkasi Taluk, Tirunelveli District-627852. (4994)",ELECTRONICS AND COMMUNICATION ENGINEERING (EC),133.0,91.5,122.5,100.0,95.5,,,Tirunelveli
"J.P. College of Engineering, College Road, Ayikudy, Tenkasi Taluk, Tirunelveli District-627852. (4994)",INFORMATION TECHNOLOGY (IT),128.0,95.5,112.0,82.5,107.0,,,Tirunelveli
"J.P. College of Engineering, College Road, Ayikudy, Tenkasi Taluk, Tirunelveli District-627852. (4994)",MECHANICAL ENGINEERING (ME),105.0,91.5,,,,,,Tirunelveli
"Jai Shriram Engineering College , Dharapuram Road, Tirupur-638660. (2651)",Artificial Intelligence and Data Science (AD),146.0,133.5,97.0,94.5,129.0,123.5,,Other
"Jai Shriram Engineering College , Dharapuram Road, Tirupur-638660. (2651)",CIVIL  ENGINEERING (CE),112.0,86.5,,106.5,,,,Other
"Jai Shriram Engineering College , Dharapuram Road, Tirupur-638660. (2651)",COMPUTER SCIENCE AND ENGINEERING (CS),135.0,109.0,,114.5,97.0,123.0,,Other
"Jai Shriram Engineering College , Dharapuram Road, Tirupur-638660. (2651)",ELECTRICAL AND ELECTRONICS ENGINEERING (EE),106.5,86.0,,97.0,90.5,,,Other
"Jai Shriram Engineering College , Dharapuram Road, Tirupur-638660. (2651)",ELECTRONICS AND COMMUNICATION ENGINEERING (EC),132.0,116.5,,91.0,90.5,101.0,,Other
"Jai Shriram Engineering College , Dharapuram Road, Tirupur-638660. (2651)",FASHION TECHNOLOGY (FT),113.5,84.0,104.5,88.5,89.0,93.0,,Other
"Jai Shriram Engineering College , Dharapuram Road, Tirupur-638660. (2651)",INFORMATION TECHNOLOGY (IT),127.5,114.0,,100.0,83.0,119.5,,Other
"Jai Shriram Engineering College , Dharapuram Road, Tirupur-638660. (2651)",MECHANICAL ENGINEERING (ME),109.0,93.0,,83.0,83.5,101.5,,Other
"Jainee College of Engineering and Technology, Dindigul-Theni Main Road, (NHB Extn.), Aathupattiprivu, Veerakkal B.P.O.N. Panjampatti Post, Dindigul-624303. (5537)",Artificial Intelligence and Data Science (AD),,,,,,,,Dindigul
"Jainee College of Engineering and Technology, Dindigul-Theni Main Road, (NHB Extn.), Aathupattiprivu, Veerakkal B.P.O.N. Panjampatti Post, Dindigul-624303. (5537)",BIO MEDICAL ENGINEERING (BM),,,,,,,,Dindigul
"Jainee College of Engineering and Technology, Dindigul-Theni Main Road, (NHB Extn.), Aathupattiprivu, Veerakkal B.P.O.N. Panjampatti Post, Dindigul-624303. (5537)",CIVIL  ENGINEERING (CE),,,,,,,,Dindigul
"Jainee College of Engineering and Technology, Dindigul-Theni Main Road, (NHB Extn.), Aathupattiprivu, Veerakkal B.P.O.N. Panjampatti Post, Dindigul-624303. (5537)",COMPUTER SCIENCE AND ENGINEERING (CS),86.5,,,,,,,Dindigul
"Jainee College of Engineering and Technology, Dindigul-Theni Main Road, (NHB Extn.), Aathupattiprivu, Veerakkal B.P.O.N. Panjampatti Post, Dindigul-624303. (5537)",ELECTRICAL AND ELECTRONICS ENGINEERING (EE),,,,,,,,Dindigul
"Jainee College of Engineering and Technology, Dindigul-Theni Main Road, (NHB Extn.), Aathupattiprivu, Veerakkal B.P.O.N. Panjampatti Post, Dindigul-624303. (5537)",ELECTRONICS AND COMMUNICATION ENGINEERING (EC),,,,,,,,Dindigul
"Jainee College of Engineering and Technology, Dindigul-Theni Main Road, (NHB Extn.), Aathupattiprivu, Veerakkal B.P.O.N. Panjampatti Post, Dindigul-624303. (5537)",MECHANICAL ENGINEERING (ME),,,,,,,,Dindigul
"Jairupaa College of Engineering, Thottiapalayam, Kathankanni-Po, Kangayam-Tk, Tiruppur-641604. (2350)",CIVIL  ENGINEERING (CE),195.5,,,,,,,Tiruppur
"Jairupaa College of Engineering, Thottiapalayam, Kathankanni-Po, Kangayam-Tk, Tiruppur-641604. (2350)",COMPUTER SCIENCE AND ENGINEERING (CS),81.0,,,,,,,Tiruppur
"Jairupaa College of Engineering, Thottiapalayam, Kathankanni-Po, Kangayam-Tk, Tiruppur-641604. (2350)",ELECTRICAL AND ELECTRONICS ENGINEERING (EE),,,,,,,,Tiruppur
"Jairupaa College of Engineering, Thottiapalayam, Kathankanni-Po, Kangayam-Tk, Tiruppur-641604. (2350)",ELECTRONICS AND COMMUNICATION ENGINEERING (EC),,,,,,,,Tiruppur
"Jairupaa College of Engineering, Thottiapalayam, Kathankanni-Po, Kangayam-Tk, Tiruppur-641604. (2350)",MECHANICAL ENGINEERING (ME),,,,,,,,Tiruppur
"Jansons Institute of Technology (Autonomous), SF.NO.443/1,2, 442/1A & 442/1B Karumathampatty, Coimbatore-641659. (2762)",Artificial Intelligence and Data Science (AD),142.0,133.5,106.5,129.5,,90.5,,Coimbatore
"Jansons Institute of Technology (Autonomous), SF.NO.443/1,2, 442/1A & 442/1B Karumathampatty, Coimbatore-641659. (2762)",CIVIL  ENGINEERING (CE),89.5,,,,,,,Coimbatore
"Jansons Institute of Technology (Autonomous), SF.NO.443/1,2, 442/1A & 442/1B Karumathampatty, Coimbatore-641659. (2762)",COMPUTER SCIENCE AND BUSSINESS SYSTEM (CB),127.0,103.0,110.5,110.0,,,,Coimbatore
"Jansons Institute of Technology (Autonomous), SF.NO.443/1,2, 442/1A & 442/1B Karumathampatty, Coimbatore-641659. (2762)",COMPUTER SCIENCE AND ENGINEERING (CS),147.5,137.0,95.0,130.5,97.5,,,Coimbatore
"Jansons Institute of Technology (Autonomous), SF.NO.443/1,2, 442/1A & 442/1B Karumathampatty, Coimbatore-641659. (2762)",ELECTRONICS AND COMMUNICATION ENGINEERING (EC),134.5,110.5,99.0,106.0,113.0,,,Coimbatore
"Jansons Institute of Technology (Autonomous), SF.NO.443/1,2, 442/1A & 442/1B Karumathampatty, Coimbatore-641659. (2762)",MECHANICAL ENGINEERING (ME),98.5,89.5,88.5,89.5,84.5,,,Coimbatore
"Jaya College of Engineering and Technology, Poonamallee By Pass Road, Parivakkam, Chennai, Thiruvallur-600056. (1221)",COMPUTER SCIENCE AND ENGINEERING (CS),119.0,98.0,,102.0,,,,Chennai
"Jaya College of Engineering and Technology, Poonamallee By Pass Road, Parivakkam, Chennai, Thiruvallur-600056. (1221)",ELECTRONICS AND COMMUNICATION ENGINEERING (EC),137.5,,,,,,,Chennai
"Jaya College of Engineering and Technology, Poonamallee By Pass Road, Parivakkam, Chennai, Thiruvallur-600056. (1221)",MECHANICAL ENGINEERING (ME),,,,,,,,Chennai
"Jaya College of Engineering and Technology, Poonamallee By Pass Road, Parivakkam, Chennai, Thiruvallur-600056. (1221)",MEDICAL ELECTRONICS (MD),132.5,,,,,,,Chennai
"Jaya Engineering College, Prakash Nagar, Thiruninravur, Thiruvallur District, Chennai-602024. (1106)",AERONAUTICAL ENGINEERING (AE),123.5,87.5,,,93.0,,,Chennai
"Jaya Engineering College, Prakash Nagar, Thiruninravur, Thiruvallur District, Chennai-602024. (1106)",CIVIL  ENGINEERING (CE),,,,,,,,Chennai
"Jaya Engineering College, Prakash Nagar, Thiruninravur, Thiruvallur District, Chennai-602024. (1106)",COMPUTER AND  COMMUNICATION ENGINEERING (CO),107.0,,,,,,,Chennai
"Jaya Engineering College, Prakash Nagar, Thiruninravur, Thiruvallur District, Chennai-602024. (1106)",COMPUTER SCIENCE AND BUSSINESS SYSTEM (CB),108.5,,,101.0,95.5,,,Chennai
"Jaya Engineering College, Prakash Nagar, Thiruninravur, Thiruvallur District, Chennai-602024. (1106)",COMPUTER SCIENCE AND ENGINEERING (CS),130.0,104.5,112.0,114.0,87.0,94.5,,Chennai
"Jaya Engineering College, Prakash Nagar, Thiruninravur, Thiruvallur District, Chennai-602024. (1106)",COMPUTER SCIENCE AND ENGINEERING (AI AND MACHINE LEARNING) (AM),138.5,105.0,,103.5,106.0,,,Chennai
"Jaya Engineering College, Prakash Nagar, Thiruninravur, Thiruvallur District, Chennai-602024. (1106)",ELECTRICAL AND ELECTRONICS ENGINEERING (EE),80.0,,,,,,,Chennai
"Jaya Engineering College, Prakash Nagar, Thiruninravur, Thiruvallur District, Chennai-602024. (1106)",ELECTRONICS AND COMMUNICATION ENGINEERING (EC),133.5,103.0,,96.5,93.5,,,Chennai
"Jaya Engineering College, Prakash Nagar, Thiruninravur, Thiruvallur District, Chennai-602024. (1106)",ELECTRONICS AND INSTRUMENTATION ENGINEERING (EI),101.5,,,,87.5,,,Chennai
"Jaya Engineering College, Prakash Nagar, Thiruninravur, Thiruvallur District, Chennai-602024. (1106)",INFORMATION TECHNOLOGY (IT),121.5,90.0,116.0,83.5,107.0,101.0,,Chennai
"Jaya Engineering College, Prakash Nagar, Thiruninravur, Thiruvallur District, Chennai-602024. (1106)",MECHANICAL ENGINEERING (ME),85.5,,,,,,,Chennai
"Jaya Engineering College, Prakash Nagar, Thiruninravur, Thiruvallur District, Chennai-602024. (1106)",ROBOTICS AND AUTOMATION (RM),91.0,,,,,,,Chennai
"Jaya Engineering College, Prakash Nagar, Thiruninravur, Thiruvallur District, Chennai-602024. (1106)",TEXTILE TECHNOLOGY (TX),120.5,,,,,,,Chennai
"Jaya Institute of Technology, Kanchipadi, Thiruvallur-Thiruthani NH Road, Thiruvallur Taluk & District-631204. (1107)",COMPUTER SCIENCE AND ENGINEERING (CS),85.5,,,,83.0,,,Other
"Jaya Institute of Technology, Kanchipadi, Thiruvallur-Thiruthani NH Road, Thiruvallur Taluk & District-631204. (1107)",ELECTRICAL AND ELECTRONICS ENGINEERING (EE),,,,,,,,Other
"Jaya Institute of Technology, Kanchipadi, Thiruvallur-Thiruthani NH Road, Thiruvallur Taluk & District-631204. (1107)",ELECTRONICS AND COMMUNICATION ENGINEERING (EC),103.5,,,,,,,Other
"Jaya Institute of Technology, Kanchipadi, Thiruvallur-Thiruthani NH Road, Thiruvallur Taluk & District-631204. (1107)",FOOD TECHNOLOGY (FD),143.0,,,,,,,Other
"Jaya Institute of Technology, Kanchipadi, Thiruvallur-Thiruthani NH Road, Thiruvallur Taluk & District-631204. (1107)",MECHANICAL ENGINEERING (ME),,,,,,,,Other
"Jaya Sakthi Engineering College, St.Mary's Nagar, Thiruninravur,(Near Avadi), Thiruvallur, Chennai-602024. (1416)",Artificial Intelligence and Data Science (AD),113.5,86.0,99.5,83.5,99.0,,,Chennai
"Jaya Sakthi Engineering College, St.Mary's Nagar, Thiruninravur,(Near Avadi), Thiruvallur, Chennai-602024. (1416)",BIO MEDICAL ENGINEERING (BM),84.0,,,,,,,Chennai
"Jaya Sakthi Engineering College, St.Mary's Nagar, Thiruninravur,(Near Avadi), Thiruvallur, Chennai-602024. (1416)",BIO TECHNOLOGY (BT),122.5,,,,,,,Chennai
"Jaya Sakthi Engineering College, St.Mary's Nagar, Thiruninravur,(Near Avadi), Thiruvallur, Chennai-602024. (1416)",COMPUTER SCIENCE AND ENGINEERING (CS),105.0,87.5,,83.0,89.0,,,Chennai
"Jaya Sakthi Engineering College, St.Mary's Nagar, Thiruninravur,(Near Avadi), Thiruvallur, Chennai-602024. (1416)",Computer Science and Engineering (Cyber Security) (SC),81.0,,,,,,,Chennai
"Jaya Sakthi Engineering College, St.Mary's Nagar, Thiruninravur,(Near Avadi), Thiruvallur, Chennai-602024. (1416)",MECHANICAL ENGINEERING (ME),87.5,,,,,,,Chennai
"Jaya Sakthi Engineering College, St.Mary's Nagar, Thiruninravur,(Near Avadi), Thiruvallur, Chennai-602024. (1416)",PHARMACEUTICAL TECHNOLOGY (PH),97.5,,,,,,,Chennai
"Jayalakshmi Institute of Technology, Thoppur, Dharmapuri District-636352. (2640)",AGRICULTURAL ENGINEERING (AG),102.5,,,,,,,Dharmapuri
"Jayalakshmi Institute of Technology, Thoppur, Dharmapuri District-636352. (2640)",Artificial Intelligence and Data Science (AD),120.0,99.0,109.0,91.5,104.5,,,Dharmapuri
"Jayalakshmi Institute of Technology, Thoppur, Dharmapuri District-636352. (2640)",CIVIL  ENGINEERING (CE),89.0,,,,,,,Dharmapuri
"Jayalakshmi Institute of Technology, Thoppur, Dharmapuri District-636352. (2640)",COMPUTER SCIENCE AND ENGINEERING (CS),108.0,91.0,,85.5,84.5,93.5,93.0,Dharmapuri
"Jayalakshmi Institute of Technology, Thoppur, Dharmapuri District-636352. (2640)",ELECTRICAL AND ELECTRONICS ENGINEERING (EE),80.5,,,,,,,Dharmapuri
"Jayalakshmi Institute of Technology, Thoppur, Dharmapuri District-636352. (2640)",ELECTRONICS AND COMMUNICATION ENGINEERING (EC),115.5,115.0,,84.5,92.5,,,Dharmapuri
"Jayalakshmi Institute of Technology, Thoppur, Dharmapuri District-636352. (2640)",INFORMATION TECHNOLOGY (IT),129.0,117.5,,86.0,121.5,,,Dharmapuri
"Jayalakshmi Institute of Technology, Thoppur, Dharmapuri District-636352. (2640)",MECHANICAL ENGINEERING (ME),85.0,,,,,,,Dharmapuri
"Jayamatha Engineering College, Thirurajapuram Muppandal, Aralvaimozhi, Kanyakumari-629301. (4956)",CIVIL  ENGINEERING (CE),,,,,,,,Other
"Jayamatha Engineering College, Thirurajapuram Muppandal, Aralvaimozhi, Kanyakumari-629301. (4956)",COMPUTER SCIENCE AND ENGINEERING (CS),113.5,,,,,,,Other
"Jayamatha Engineering College, Thirurajapuram Muppandal, Aralvaimozhi, Kanyakumari-629301. (4956)",ELECTRICAL AND ELECTRONICS ENGINEERING (EE),,,,,,,,Other
"Jayamatha Engineering College, Thirurajapuram Muppandal, Aralvaimozhi, Kanyakumari-629301. (4956)",ELECTRONICS AND COMMUNICATION ENGINEERING (EC),,,,,,,,Other
"Jayamatha Engineering College, Thirurajapuram Muppandal, Aralvaimozhi, Kanyakumari-629301. (4956)",INSTRUMENTATION AND CONTROL ENGINEERING (IC),111.0,,,,,,,Other
"Jayamatha Engineering College, Thirurajapuram Muppandal, Aralvaimozhi, Kanyakumari-629301. (4956)",MECHANICAL ENGINEERING (ME),,,,,,,,Other
"Jayaraj Annapackiam CSI College of Engineering, Margoschis Nagar, Nazareth, Thoothukudi District-628617. (4957)",Artificial Intelligence and Data Science (AD),130.0,103.5,,,83.5,,,Thoothukudi
"Jayaraj Annapackiam CSI College of Engineering, Margoschis Nagar, Nazareth, Thoothukudi District-628617. (4957)",COMPUTER SCIENCE AND ENGINEERING (CS),142.5,124.0,116.0,93.5,116.5,127.5,,Thoothukudi
"Jayaraj Annapackiam CSI College of Engineering, Margoschis Nagar, Nazareth, Thoothukudi District-628617. (4957)",ELECTRONICS AND COMMUNICATION ENGINEERING (EC),113.5,97.5,,99.5,,,,Thoothukudi
"Jayaraj Annapackiam CSI College of Engineering, Margoschis Nagar, Nazareth, Thoothukudi District-628617. (4957)",INFORMATION TECHNOLOGY (IT),127.0,104.5,,107.0,93.0,,,Thoothukudi
"Jayaraj Annapackiam CSI College of Engineering, Margoschis Nagar, Nazareth, Thoothukudi District-628617. (4957)",MECHANICAL ENGINEERING (ME),89.5,,,,83.0,,,Thoothukudi
"Jayaram College of Engineering and Technology, Karattampatty, Pagalavadi, Thuraiyur Taluk, Tiruchirappalli-621014. (3808)",CIVIL  ENGINEERING (CE),,,,,,,,Tiruchirappalli
"Jayaram College of Engineering and Technology, Karattampatty, Pagalavadi, Thuraiyur Taluk, Tiruchirappalli-621014. (3808)",COMPUTER SCIENCE AND ENGINEERING (CS),,,,,,,,Tiruchirappalli
"Jayaram College of Engineering and Technology, Karattampatty, Pagalavadi, Thuraiyur Taluk, Tiruchirappalli-621014. (3808)",ELECTRICAL AND ELECTRONICS ENGINEERING (EE),,,,,,,,Tiruchirappalli
"Jayaram College of Engineering and Technology, Karattampatty, Pagalavadi, Thuraiyur Taluk, Tiruchirappalli-621014. (3808)",ELECTRONICS AND COMMUNICATION ENGINEERING (EC),,,,,,,,Tiruchirappalli
"Jayaram College of Engineering and Technology, Karattampatty, Pagalavadi, Thuraiyur Taluk, Tiruchirappalli-621014. (3808)",INFORMATION TECHNOLOGY (IT),,,,,,,,Tiruchirappalli
"Jayaram College of Engineering and Technology, Karattampatty, Pagalavadi, Thuraiyur Taluk, Tiruchirappalli-621014. (3808)",MECHANICAL ENGINEERING (ME),,,,,,,,Tiruchirappalli
"JCT College of Engineering and Technology (Autonomous), Pichanur, Coimbatore South Taluk, Coimbatore-641105. (2769)",Artificial Intelligence and Data Science (AD),142.0,114.5,122.5,121.5,90.5,100.5,,Coimbatore
"JCT College of Engineering and Technology (Autonomous), Pichanur, Coimbatore South Taluk, Coimbatore-641105. (2769)",Bio Technology and Bio Chemical Engineering (BC),131.0,99.5,101.5,103.0,98.5,,127.5,Coimbatore
"JCT College of Engineering and Technology (Autonomous), Pichanur, Coimbatore South Taluk, Coimbatore-641105. (2769)",CIVIL  ENGINEERING (CE),112.5,92.5,,90.5,91.0,,,Coimbatore
"JCT College of Engineering and Technology (Autonomous), Pichanur, Coimbatore South Taluk, Coimbatore-641105. (2769)",COMPUTER SCIENCE AND BUSSINESS SYSTEM (CB),128.5,106.0,128.5,103.0,106.0,105.5,,Coimbatore
"JCT College of Engineering and Technology (Autonomous), Pichanur, Coimbatore South Taluk, Coimbatore-641105. (2769)",COMPUTER SCIENCE AND ENGINEERING (CS),138.0,113.5,122.0,110.5,87.5,106.5,,Coimbatore
"JCT College of Engineering and Technology (Autonomous), Pichanur, Coimbatore South Taluk, Coimbatore-641105. (2769)",ELECTRICAL AND ELECTRONICS ENGINEERING (EE),127.0,114.0,99.0,102.0,116.5,,,Coimbatore
"JCT College of Engineering and Technology (Autonomous), Pichanur, Coimbatore South Taluk, Coimbatore-641105. (2769)",ELECTRONICS AND COMMUNICATION ENGINEERING (EC),140.0,118.0,132.5,121.0,96.0,,,Coimbatore
"JCT College of Engineering and Technology (Autonomous), Pichanur, Coimbatore South Taluk, Coimbatore-641105. (2769)",FOOD TECHNOLOGY (FD),140.5,101.0,133.0,95.5,82.0,101.0,,Coimbatore
"JCT College of Engineering and Technology (Autonomous), Pichanur, Coimbatore South Taluk, Coimbatore-641105. (2769)",MECHANICAL ENGINEERING (ME),123.5,100.5,123.0,100.5,97.0,,,Coimbatore
"JCT College of Engineering and Technology (Autonomous), Pichanur, Coimbatore South Taluk, Coimbatore-641105. (2769)",PETRO CHEMICAL TECHNOLOGY (PC),136.5,121.5,122.5,117.0,127.5,124.5,,Coimbatore
"JCT College of Engineering and Technology (Autonomous), Pichanur, Coimbatore South Taluk, Coimbatore-641105. (2769)",PETROLEUM ENGINEERING (PE),154.5,117.0,,110.5,136.0,,,Coimbatore
"Jei Mathaajee College of Engineering, No.124, Vishakandikuppam Village, Siruvakkam Post, Kanchipuram-631552. (1235)",CIVIL  ENGINEERING (CE),,,,,,,,Other
"Jei Mathaajee College of Engineering, No.124, Vishakandikuppam Village, Siruvakkam Post, Kanchipuram-631552. (1235)",COMPUTER SCIENCE AND ENGINEERING (CS),96.5,,,,,,,Other
"Jei Mathaajee College of Engineering, No.124, Vishakandikuppam Village, Siruvakkam Post, Kanchipuram-631552. (1235)",ELECTRICAL AND ELECTRONICS ENGINEERING (EE),85.0,,,,,,,Other
"Jei Mathaajee College of Engineering, No.124, Vishakandikuppam Village, Siruvakkam Post, Kanchipuram-631552. (1235)",ELECTRONICS AND COMMUNICATION ENGINEERING (EC),128.5,,,,,,,Other
"Jei Mathaajee College of Engineering, No.124, Vishakandikuppam Village, Siruvakkam Post, Kanchipuram-631552. (1235)",INFORMATION TECHNOLOGY (IT),94.0,,,,,,,Other
"Jei Mathaajee College of Engineering, No.124, Vishakandikuppam Village, Siruvakkam Post, Kanchipuram-631552. (1235)",MECHANICAL ENGINEERING (ME),82.5,,,,,,,Other
"Jeppiaar Engineering College, Jeppiaar Nagar, Old Mammallapuram Road, Kanchipuram, Chennai-600119. (1306)",AEROSPACE ENGINEERING (AO),168.5,150.5,,96.5,111.5,,,Chennai
"Jeppiaar Engineering College, Jeppiaar Nagar, Old Mammallapuram Road, Kanchipuram, Chennai-600119. (1306)",Artificial Intelligence and Data Science (AD),166.0,160.0,148.5,154.0,129.0,,,Chennai
"Jeppiaar Engineering College, Jeppiaar Nagar, Old Mammallapuram Road, Kanchipuram, Chennai-600119. (1306)",BIO TECHNOLOGY (BT),149.5,144.5,,127.5,122.0,,,Chennai
"Jeppiaar Engineering College, Jeppiaar Nagar, Old Mammallapuram Road, Kanchipuram, Chennai-600119. (1306)",COMPUTER SCIENCE AND ENGINEERING (CS),167.0,161.0,152.0,159.0,132.0,,,Chennai
"Jeppiaar Engineering College, Jeppiaar Nagar, Old Mammallapuram Road, Kanchipuram, Chennai-600119. (1306)",COMPUTER SCIENCE AND ENGINEERING (AI AND MACHINE LEARNING) (AM),161.5,157.0,152.5,152.0,122.5,,,Chennai
"Jeppiaar Engineering College, Jeppiaar Nagar, Old Mammallapuram Road, Kanchipuram, Chennai-600119. (1306)",ELECTRICAL AND ELECTRONICS ENGINEERING (EE),155.0,150.0,138.5,140.0,108.5,,,Chennai
"Jeppiaar Engineering College, Jeppiaar Nagar, Old Mammallapuram Road, Kanchipuram, Chennai-600119. (1306)",ELECTRONICS AND COMMUNICATION ENGINEERING (EC),161.5,155.5,144.5,152.0,113.5,,,Chennai
"Jeppiaar Engineering College, Jeppiaar Nagar, Old Mammallapuram Road, Kanchipuram, Chennai-600119. (1306)",INFORMATION TECHNOLOGY (IT),163.0,157.0,148.0,154.5,125.0,,,Chennai
"Jeppiaar Engineering College, Jeppiaar Nagar, Old Mammallapuram Road, Kanchipuram, Chennai-600119. (1306)",MECHANICAL ENGINEERING (ME),139.0,94.5,,115.0,108.5,,,Chennai
"Jeppiaar Institute of Technology (Autonomous), Jeppiaar Nagar, Kunnam Village,Sriperumbudur Taluk, Kanchipuram-631604. (1140)",Artificial Intelligence and Data Science (AD),165.5,153.5,139.0,148.5,114.0,101.5,,Other
"Jeppiaar Institute of Technology (Autonomous), Jeppiaar Nagar, Kunnam Village,Sriperumbudur Taluk, Kanchipuram-631604. (1140)",COMPUTER SCIENCE AND BUSSINESS SYSTEM (CB),160.0,149.5,,146.0,117.5,,,Other
"Jeppiaar Institute of Technology (Autonomous), Jeppiaar Nagar, Kunnam Village,Sriperumbudur Taluk, Kanchipuram-631604. (1140)",COMPUTER SCIENCE AND ENGINEERING (CS),166.0,153.5,151.0,146.0,115.5,,,Other
"Jeppiaar Institute of Technology (Autonomous), Jeppiaar Nagar, Kunnam Village,Sriperumbudur Taluk, Kanchipuram-631604. (1140)",ELECTRONICS AND COMMUNICATION ENGINEERING (EC),171.5,155.5,158.0,156.5,94.5,,,Other
"Jeppiaar Institute of Technology (Autonomous), Jeppiaar Nagar, Kunnam Village,Sriperumbudur Taluk, Kanchipuram-631604. (1140)",INFORMATION TECHNOLOGY (IT),154.5,147.0,120.5,142.5,98.0,,,Other
"Jeppiaar Institute of Technology (Autonomous), Jeppiaar Nagar, Kunnam Village,Sriperumbudur Taluk, Kanchipuram-631604. (1140)",MECHANICAL ENGINEERING (ME),146.5,130.5,128.0,109.0,86.5,,,Other
"Jerusalem College of Engineering (Autonomous), Velachery-Tambaram Main Road,Narayanapuram, Pallikkaranai,Chennai-600100. (1307)",Artificial Intelligence and Data Science (AD),165.0,149.5,157.5,151.5,118.5,141.0,,Chennai
"Jerusalem College of Engineering (Autonomous), Velachery-Tambaram Main Road,Narayanapuram, Pallikkaranai,Chennai-600100. (1307)",BIO MEDICAL ENGINEERING (BM),136.5,99.0,,106.0,106.0,,,Chennai
"Jerusalem College of Engineering (Autonomous), Velachery-Tambaram Main Road,Narayanapuram, Pallikkaranai,Chennai-600100. (1307)",COMPUTER SCIENCE AND BUSSINESS SYSTEM (CB),155.0,143.5,137.5,141.0,128.0,,,Chennai
"Jerusalem College of Engineering (Autonomous), Velachery-Tambaram Main Road,Narayanapuram, Pallikkaranai,Chennai-600100. (1307)",COMPUTER SCIENCE AND ENGINEERING (CS),159.5,150.0,154.5,146.5,132.0,121.5,,Chennai
"Jerusalem College of Engineering (Autonomous), Velachery-Tambaram Main Road,Narayanapuram, Pallikkaranai,Chennai-600100. (1307)",COMPUTER SCIENCE AND ENGINEERING (AI AND MACHINE LEARNING) (AM),155.0,144.0,154.5,143.5,122.5,,,Chennai
"Jerusalem College of Engineering (Autonomous), Velachery-Tambaram Main Road,Narayanapuram, Pallikkaranai,Chennai-600100. (1307)",Computer Science and Engineering (Cyber Security) (SC),152.0,142.0,146.5,139.0,112.0,,,Chennai
"Jerusalem College of Engineering (Autonomous), Velachery-Tambaram Main Road,Narayanapuram, Pallikkaranai,Chennai-600100. (1307)",ELECTRICAL AND ELECTRONICS ENGINEERING (EE),152.5,139.0,,126.0,114.5,,,Chennai
"Jerusalem College of Engineering (Autonomous), Velachery-Tambaram Main Road,Narayanapuram, Pallikkaranai,Chennai-600100. (1307)",ELECTRONICS AND COMMUNICATION ENGINEERING (EC),156.0,143.0,,142.0,123.0,,,Chennai
"Jerusalem College of Engineering (Autonomous), Velachery-Tambaram Main Road,Narayanapuram, Pallikkaranai,Chennai-600100. (1307)",INFORMATION TECHNOLOGY (IT),156.0,146.5,152.5,144.5,127.5,,,Chennai
"JKK Munirajah College of Technology (Autonomous), 377/1A, Punjai Thurayampalayam, Thookkanickenpalayam (Post), Thookkanickenpalayam, Gobi (Tk), Erode-638506. (2758)",Artificial Intelligence and Data Science (AD),95.0,,,,,,,Erode
"JKK Munirajah College of Technology (Autonomous), 377/1A, Punjai Thurayampalayam, Thookkanickenpalayam (Post), Thookkanickenpalayam, Gobi (Tk), Erode-638506. (2758)",AUTOMOBILE ENGINEERING (AU),98.5,,,,,,,Erode
"JKK Munirajah College of Technology (Autonomous), 377/1A, Punjai Thurayampalayam, Thookkanickenpalayam (Post), Thookkanickenpalayam, Gobi (Tk), Erode-638506. (2758)",CIVIL  ENGINEERING (CE),126.5,,,,,,,Erode
"JKK Munirajah College of Technology (Autonomous), 377/1A, Punjai Thurayampalayam, Thookkanickenpalayam (Post), Thookkanickenpalayam, Gobi (Tk), Erode-638506. (2758)",COMPUTER SCIENCE AND ENGINEERING (CS),82.5,,,,,,,Erode
"JKK Munirajah College of Technology (Autonomous), 377/1A, Punjai Thurayampalayam, Thookkanickenpalayam (Post), Thookkanickenpalayam, Gobi (Tk), Erode-638506. (2758)",Computer Science and Engineering (Cyber Security) (SC),86.0,,,,,,,Erode
"JKK Munirajah College of Technology (Autonomous), 377/1A, Punjai Thurayampalayam, Thookkanickenpalayam (Post), Thookkanickenpalayam, Gobi (Tk), Erode-638506. (2758)",ELECTRICAL AND ELECTRONICS ENGINEERING (EE),94.0,,,,,,,Erode
"JKK Munirajah College of Technology (Autonomous), 377/1A, Punjai Thurayampalayam, Thookkanickenpalayam (Post), Thookkanickenpalayam, Gobi (Tk), Erode-638506. (2758)",ELECTRONICS AND COMMUNICATION ENGINEERING (EC),86.0,,,,,,,Erode
"JKK Munirajah College of Technology (Autonomous), 377/1A, Punjai Thurayampalayam, Thookkanickenpalayam (Post), Thookkanickenpalayam, Gobi (Tk), Erode-638506. (2758)",INFORMATION TECHNOLOGY (IT),96.0,,,,,,,Erode
"JKK Munirajah College of Technology (Autonomous), 377/1A, Punjai Thurayampalayam, Thookkanickenpalayam (Post), Thookkanickenpalayam, Gobi (Tk), Erode-638506. (2758)",MECHANICAL ENGINEERING (ME),89.0,,,,,,,Erode
"JNN Institute of Engineering (Autonomous), Ushaa Garden, 90, Kannigaipair Village, Uthukottai Taluk, Thiruvallur-601102. (1126)",AGRICULTURAL ENGINEERING (AG),122.5,102.0,,,88.0,,,Other
"JNN Institute of Engineering (Autonomous), Ushaa Garden, 90, Kannigaipair Village, Uthukottai Taluk, Thiruvallur-601102. (1126)",Artificial Intelligence and Data Science (AD),159.5,137.5,155.5,142.5,105.5,,,Other
"JNN Institute of Engineering (Autonomous), Ushaa Garden, 90, Kannigaipair Village, Uthukottai Taluk, Thiruvallur-601102. (1126)",BIO MEDICAL ENGINEERING (BM),165.5,129.0,,80.5,141.0,,,Other
"JNN Institute of Engineering (Autonomous), Ushaa Garden, 90, Kannigaipair Village, Uthukottai Taluk, Thiruvallur-601102. (1126)",COMPUTER SCIENCE AND ENGINEERING (CS),155.5,134.5,135.0,132.5,101.5,122.0,,Other
"JNN Institute of Engineering (Autonomous), Ushaa Garden, 90, Kannigaipair Village, Uthukottai Taluk, Thiruvallur-601102. (1126)",Computer Science and Engineering (Cyber Security) (SC),152.5,132.0,151.0,136.5,89.5,110.5,,Other
"JNN Institute of Engineering (Autonomous), Ushaa Garden, 90, Kannigaipair Village, Uthukottai Taluk, Thiruvallur-601102. (1126)",ELECTRONICS AND COMMUNICATION ENGINEERING (EC),167.0,142.5,142.0,129.5,83.0,,,Other
"JNN Institute of Engineering (Autonomous), Ushaa Garden, 90, Kannigaipair Village, Uthukottai Taluk, Thiruvallur-601102. (1126)",Electronics Engineering (VLSI Design and Technology) (EV),144.0,113.0,109.0,107.5,125.0,,,Other
"JNN Institute of Engineering (Autonomous), Ushaa Garden, 90, Kannigaipair Village, Uthukottai Taluk, Thiruvallur-601102. (1126)",ROBOTICS AND AUTOMATION (RM),163.0,128.5,160.0,132.0,101.0,,,Other
"K Ramakrishnan College of Technology (Autonomous), Kariyamanickam Road, Mannachanallur Taluk, Tiruchirappalli-621112. (3701)",Artificial Intelligence and Data Science (AD),159.5,150.5,153.0,141.5,110.5,151.5,,Tiruchirappalli
"K Ramakrishnan College of Technology (Autonomous), Kariyamanickam Road, Mannachanallur Taluk, Tiruchirappalli-621112. (3701)",CIVIL  ENGINEERING (CE),124.0,90.5,115.5,106.5,103.0,,,Tiruchirappalli
"K Ramakrishnan College of Technology (Autonomous), Kariyamanickam Road, Mannachanallur Taluk, Tiruchirappalli-621112. (3701)",COMPUTER SCIENCE AND ENGINEERING (CS),164.5,155.5,150.0,146.0,121.0,,,Tiruchirappalli
"K Ramakrishnan College of Technology (Autonomous), Kariyamanickam Road, Mannachanallur Taluk, Tiruchirappalli-621112. (3701)",COMPUTER SCIENCE AND ENGINEERING (AI AND MACHINE LEARNING) (AM),157.5,149.0,154.5,142.5,106.0,,,Tiruchirappalli
"K Ramakrishnan College of Technology (Autonomous), Kariyamanickam Road, Mannachanallur Taluk, Tiruchirappalli-621112. (3701)",ELECTRICAL AND ELECTRONICS ENGINEERING (EE),145.5,142.5,146.0,126.5,92.0,,,Tiruchirappalli
"K Ramakrishnan College of Technology (Autonomous), Kariyamanickam Road, Mannachanallur Taluk, Tiruchirappalli-621112. (3701)",ELECTRONICS AND COMMUNICATION ENGINEERING (EC),158.5,150.0,155.0,140.5,113.0,106.0,,Tiruchirappalli
"K Ramakrishnan College of Technology (Autonomous), Kariyamanickam Road, Mannachanallur Taluk, Tiruchirappalli-621112. (3701)",INFORMATION TECHNOLOGY (IT),161.5,151.0,,142.5,111.0,,,Tiruchirappalli
"K Ramakrishnan College of Technology (Autonomous), Kariyamanickam Road, Mannachanallur Taluk, Tiruchirappalli-621112. (3701)",MECHANICAL ENGINEERING (ME),132.0,114.0,119.5,89.5,107.5,,,Tiruchirappalli
"K S R College of Engineering (Autonomous), K S R Kalvi Nagar, Thokkavadi, Tiruchengode, Namakkal Dist-637215. (2613)",AUTOMOBILE ENGINEERING (AU),108.0,90.0,,83.0,,96.5,,Namakkal
"K S R College of Engineering (Autonomous), K S R Kalvi Nagar, Thokkavadi, Tiruchengode, Namakkal Dist-637215. (2613)",BIO MEDICAL ENGINEERING (BM),136.5,114.5,115.5,97.0,85.0,105.5,,Namakkal
"K S R College of Engineering (Autonomous), K S R Kalvi Nagar, Thokkavadi, Tiruchengode, Namakkal Dist-637215. (2613)",CIVIL  ENGINEERING (CE),127.0,93.5,,110.0,89.5,,,Namakkal
"K S R College of Engineering (Autonomous), K S R Kalvi Nagar, Thokkavadi, Tiruchengode, Namakkal Dist-637215. (2613)",COMPUTER SCIENCE AND DESIGN (CD),143.5,141.5,,141.0,108.5,,,Namakkal
"K S R College of Engineering (Autonomous), K S R Kalvi Nagar, Thokkavadi, Tiruchengode, Namakkal Dist-637215. (2613)",COMPUTER SCIENCE AND ENGINEERING (CS),160.5,148.0,132.0,142.0,91.0,125.0,,Namakkal
"K S R College of Engineering (Autonomous), K S R Kalvi Nagar, Thokkavadi, Tiruchengode, Namakkal Dist-637215. (2613)",Computer Science and Engineering (Cyber Security) (SC),160.0,144.5,141.0,143.0,83.0,115.0,,Namakkal
"K S R College of Engineering (Autonomous), K S R Kalvi Nagar, Thokkavadi, Tiruchengode, Namakkal Dist-637215. (2613)",Computer Science and Engineering (Internet of Things) (CI),145.5,142.0,,139.0,,,,Namakkal
"K S R College of Engineering (Autonomous), K S R Kalvi Nagar, Thokkavadi, Tiruchengode, Namakkal Dist-637215. (2613)",ELECTRICAL AND ELECTRONICS ENGINEERING (EE),139.5,125.5,112.5,126.0,91.0,109.5,,Namakkal
"K S R College of Engineering (Autonomous), K S R Kalvi Nagar, Thokkavadi, Tiruchengode, Namakkal Dist-637215. (2613)",ELECTRONICS AND COMMUNICATION ENGINEERING (EC),155.5,146.0,142.5,142.0,92.5,137.0,,Namakkal
"K S R College of Engineering (Autonomous), K S R Kalvi Nagar, Thokkavadi, Tiruchengode, Namakkal Dist-637215. (2613)",INFORMATION TECHNOLOGY (IT),152.5,145.0,119.5,142.0,81.5,101.0,101.0,Namakkal
"K S R College of Engineering (Autonomous), K S R Kalvi Nagar, Thokkavadi, Tiruchengode, Namakkal Dist-637215. (2613)",MECHANICAL ENGINEERING (ME),116.5,91.0,90.5,90.5,102.5,98.0,,Namakkal
"K S R College of Engineering (Autonomous), K S R Kalvi Nagar, Thokkavadi, Tiruchengode, Namakkal Dist-637215. (2613)",Safety and Fire Engineering (SF),124.5,85.0,,104.5,106.5,,,Namakkal
"K S Rangasamy College of Technology (Autonomous), K.S.R Kalvi Nagar, Thokkavadi, Tiruchengode Tk, Namakkal-637215. (2607)",Artificial Intelligence and Data Science (AD),169.5,155.0,143.0,155.0,106.5,123.0,,Namakkal
"K S Rangasamy College of Technology (Autonomous), K.S.R Kalvi Nagar, Thokkavadi, Tiruchengode Tk, Namakkal-637215. (2607)",BIO TECHNOLOGY (BT),156.5,132.0,,126.0,104.5,111.5,,Namakkal
"K S Rangasamy College of Technology (Autonomous), K.S.R Kalvi Nagar, Thokkavadi, Tiruchengode Tk, Namakkal-637215. (2607)",CIVIL  ENGINEERING (CE),154.0,81.5,,138.0,108.0,150.5,,Namakkal
"K S Rangasamy College of Technology (Autonomous), K.S.R Kalvi Nagar, Thokkavadi, Tiruchengode Tk, Namakkal-637215. (2607)",COMPUTER SCIENCE AND BUSSINESS SYSTEM (CB),149.0,143.0,125.5,143.0,90.0,109.5,,Namakkal
"K S Rangasamy College of Technology (Autonomous), K.S.R Kalvi Nagar, Thokkavadi, Tiruchengode Tk, Namakkal-637215. (2607)",COMPUTER SCIENCE AND ENGINEERING (CS),170.5,159.5,139.5,160.5,121.5,129.5,,Namakkal
"K S Rangasamy College of Technology (Autonomous), K.S.R Kalvi Nagar, Thokkavadi, Tiruchengode Tk, Namakkal-637215. (2607)",COMPUTER SCIENCE AND ENGINEERING (AI AND MACHINE LEARNING) (AM),155.5,148.0,144.0,142.0,110.5,146.5,,Namakkal
"K S Rangasamy College of Technology (Autonomous), K.S.R Kalvi Nagar, Thokkavadi, Tiruchengode Tk, Namakkal-637215. (2607)",ELECTRICAL AND ELECTRONICS ENGINEERING (EE),150.0,142.0,106.0,141.5,87.0,133.0,,Namakkal
"K S Rangasamy College of Technology (Autonomous), K.S.R Kalvi Nagar, Thokkavadi, Tiruchengode Tk, Namakkal-637215. (2607)",ELECTRONICS AND COMMUNICATION ENGINEERING (EC),161.5,151.0,127.5,147.0,91.0,107.0,,Namakkal
"K S Rangasamy College of Technology (Autonomous), K.S.R Kalvi Nagar, Thokkavadi, Tiruchengode Tk, Namakkal-637215. (2607)",Electronics Engineering (VLSI Design and Technology) (EV),145.0,139.0,102.0,140.5,,,,Namakkal
"K S Rangasamy College of Technology (Autonomous), K.S.R Kalvi Nagar, Thokkavadi, Tiruchengode Tk, Namakkal-637215. (2607)",FOOD TECHNOLOGY (FD),131.0,109.5,128.5,86.5,,,,Namakkal
"K S Rangasamy College of Technology (Autonomous), K.S.R Kalvi Nagar, Thokkavadi, Tiruchengode Tk, Namakkal-637215. (2607)",INFORMATION TECHNOLOGY (IT),162.5,151.5,119.5,145.5,89.5,143.5,114.0,Namakkal
"K S Rangasamy College of Technology (Autonomous), K.S.R Kalvi Nagar, Thokkavadi, Tiruchengode Tk, Namakkal-637215. (2607)",MECHANICAL ENGINEERING (ME),133.5,115.5,111.5,125.0,85.5,100.5,,Namakkal
"K S Rangasamy College of Technology (Autonomous), K.S.R Kalvi Nagar, Thokkavadi, Tiruchengode Tk, Namakkal-637215. (2607)",Mechatronics Engineering (MZ),140.5,124.5,,118.5,110.0,126.5,85.5,Namakkal
"K S Rangasamy College of Technology (Autonomous), K.S.R Kalvi Nagar, Thokkavadi, Tiruchengode Tk, Namakkal-637215. (2607)",TEXTILE TECHNOLOGY (TX),115.0,92.0,83.0,104.5,,113.5,,Namakkal
"K. Ramakrishnan College of Engineering (Autonomous), Kariyamanickam Road, Samayapuram, Tiruchirappalli-621112. (3830)",Artificial Intelligence and Data Science (AD),167.5,162.0,159.5,149.5,121.0,115.0,,Tiruchirappalli
"K. Ramakrishnan College of Engineering (Autonomous), Kariyamanickam Road, Samayapuram, Tiruchirappalli-621112. (3830)",COMPUTER SCIENCE AND BUSSINESS SYSTEM (CB),160.0,152.0,157.5,139.0,90.0,,,Tiruchirappalli
"K. Ramakrishnan College of Engineering (Autonomous), Kariyamanickam Road, Samayapuram, Tiruchirappalli-621112. (3830)",COMPUTER SCIENCE AND ENGINEERING (CS),179.0,169.5,170.0,160.0,144.5,121.5,,Tiruchirappalli
"K. Ramakrishnan College of Engineering (Autonomous), Kariyamanickam Road, Samayapuram, Tiruchirappalli-621112. (3830)",COMPUTER SCIENCE AND ENGINEERING (AI AND MACHINE LEARNING) (AM),164.0,156.5,158.5,146.0,132.0,,116.0,Tiruchirappalli
"K. Ramakrishnan College of Engineering (Autonomous), Kariyamanickam Road, Samayapuram, Tiruchirappalli-621112. (3830)",ELECTRICAL AND ELECTRONICS ENGINEERING (EE),151.5,145.5,143.5,129.0,102.0,,,Tiruchirappalli
"K. Ramakrishnan College of Engineering (Autonomous), Kariyamanickam Road, Samayapuram, Tiruchirappalli-621112. (3830)",ELECTRONICS AND COMMUNICATION ENGINEERING (EC),166.5,159.0,158.5,145.0,130.0,151.5,,Tiruchirappalli
"K. Ramakrishnan College of Engineering (Autonomous), Kariyamanickam Road, Samayapuram, Tiruchirappalli-621112. (3830)",INFORMATION TECHNOLOGY (IT),169.5,159.5,151.5,149.5,116.5,,,Tiruchirappalli
"K. Ramakrishnan College of Engineering (Autonomous), Kariyamanickam Road, Samayapuram, Tiruchirappalli-621112. (3830)",MECHANICAL ENGINEERING (ME),136.0,122.0,132.5,119.0,111.5,,,Tiruchirappalli
"K.L.N.College of Engineering (Autonomous), Madurai - Nedunkulam Road, Pottapalayam, Sivagangai District-630611. (5904)",Artificial Intelligence and Data Science (AD),162.0,156.5,149.0,124.5,91.0,,,Sivaganga
"K.L.N.College of Engineering (Autonomous), Madurai - Nedunkulam Road, Pottapalayam, Sivagangai District-630611. (5904)",COMPUTER SCIENCE AND ENGINEERING (CS),169.0,166.0,156.0,138.5,101.0,112.5,,Sivaganga
"K.L.N.College of Engineering (Autonomous), Madurai - Nedunkulam Road, Pottapalayam, Sivagangai District-630611. (5904)",Computer Science and Engineering (Cyber Security) (SC),156.0,150.0,150.5,123.5,105.5,,,Sivaganga
"K.L.N.College of Engineering (Autonomous), Madurai - Nedunkulam Road, Pottapalayam, Sivagangai District-630611. (5904)",Computer Science and Engineering (Internet of Things) (CI),149.0,142.0,126.5,123.5,,,,Sivaganga
"K.L.N.College of Engineering (Autonomous), Madurai - Nedunkulam Road, Pottapalayam, Sivagangai District-630611. (5904)",ELECTRICAL AND ELECTRONICS ENGINEERING (EE),141.0,121.5,100.5,102.0,,,,Sivaganga
"K.L.N.College of Engineering (Autonomous), Madurai - Nedunkulam Road, Pottapalayam, Sivagangai District-630611. (5904)",ELECTRONICS AND COMMUNICATION ENGINEERING (EC),158.5,153.0,130.5,132.0,113.5,114.5,,Sivaganga
"K.L.N.College of Engineering (Autonomous), Madurai - Nedunkulam Road, Pottapalayam, Sivagangai District-630611. (5904)",INFORMATION TECHNOLOGY (IT),164.0,154.5,135.5,126.0,95.0,115.0,,Sivaganga
"K.L.N.College of Engineering (Autonomous), Madurai - Nedunkulam Road, Pottapalayam, Sivagangai District-630611. (5904)",MECHANICAL ENGINEERING (ME),117.0,96.0,,102.0,,,,Sivaganga
"Kamaraj College of Engineering and Technology (Autonomous), S.P.G.C.Nagar Post Box12, K.Vellakulam, Virudhunagar-626001. (4959)",Artificial Intelligence and Data Science (AD),160.0,151.0,151.5,136.0,112.0,101.0,,Virudhunagar
"Kamaraj College of Engineering and Technology (Autonomous), S.P.G.C.Nagar Post Box12, K.Vellakulam, Virudhunagar-626001. (4959)",BIO TECHNOLOGY (BT),157.5,139.5,139.0,102.0,151.5,,,Virudhunagar
"Kamaraj College of Engineering and Technology (Autonomous), S.P.G.C.Nagar Post Box12, K.Vellakulam, Virudhunagar-626001. (4959)",CIVIL  ENGINEERING (CE),132.5,107.0,,112.5,,,,Virudhunagar
"Kamaraj College of Engineering and Technology (Autonomous), S.P.G.C.Nagar Post Box12, K.Vellakulam, Virudhunagar-626001. (4959)",COMPUTER SCIENCE AND ENGINEERING (CS),169.0,157.5,145.5,140.0,91.0,109.5,,Virudhunagar
"Kamaraj College of Engineering and Technology (Autonomous), S.P.G.C.Nagar Post Box12, K.Vellakulam, Virudhunagar-626001. (4959)",ELECTRICAL AND ELECTRONICS ENGINEERING (EE),145.5,143.0,139.0,120.0,133.5,,,Virudhunagar
"Kamaraj College of Engineering and Technology (Autonomous), S.P.G.C.Nagar Post Box12, K.Vellakulam, Virudhunagar-626001. (4959)",ELECTRONICS AND COMMUNICATION ENGINEERING (EC),161.5,151.0,152.5,135.0,,122.5,,Virudhunagar
"Kamaraj College of Engineering and Technology (Autonomous), S.P.G.C.Nagar Post Box12, K.Vellakulam, Virudhunagar-626001. (4959)",INFORMATION TECHNOLOGY (IT),162.0,151.0,93.5,133.5,89.5,,,Virudhunagar
"Kamaraj College of Engineering and Technology (Autonomous), S.P.G.C.Nagar Post Box12, K.Vellakulam, Virudhunagar-626001. (4959)",MECHANICAL ENGINEERING (ME),135.5,125.5,,101.0,131.0,,,Virudhunagar
"Kamaraj College of Engineering and Technology (Autonomous), S.P.G.C.Nagar Post Box12, K.Vellakulam, Virudhunagar-626001. (4959)",Mechatronics Engineering (MZ),138.5,123.5,125.0,111.0,,,,Virudhunagar
"Karaikudi Institute of Technology & Karaikudi Institute of Management, Keeranipatti Village, Thalakkavur Panchayat, Karaikudi, Sivaganga-630307. (5533)",CIVIL  ENGINEERING (CE),124.0,,,,,,,Sivaganga
"Karaikudi Institute of Technology & Karaikudi Institute of Management, Keeranipatti Village, Thalakkavur Panchayat, Karaikudi, Sivaganga-630307. (5533)",COMPUTER SCIENCE AND ENGINEERING (CS),88.5,,,,82.5,,,Sivaganga
"Karaikudi Institute of Technology & Karaikudi Institute of Management, Keeranipatti Village, Thalakkavur Panchayat, Karaikudi, Sivaganga-630307. (5533)",ELECTRICAL AND ELECTRONICS ENGINEERING (EE),153.5,,,,,,,Sivaganga
"Karaikudi Institute of Technology & Karaikudi Institute of Management, Keeranipatti Village, Thalakkavur Panchayat, Karaikudi, Sivaganga-630307. (5533)",ELECTRONICS AND COMMUNICATION ENGINEERING (EC),151.0,,,,,,,Sivaganga
"Karaikudi Institute of Technology & Karaikudi Institute of Management, Keeranipatti Village, Thalakkavur Panchayat, Karaikudi, Sivaganga-630307. (5533)",MECHANICAL ENGINEERING (ME),96.0,,,,,,,Sivaganga
"Karpaga Vinayaga College of Engineering and Technology, G.S.T. Road, Chinna Kolambakkam, Palayanoor Post, Madurantagam Taluk, Kancheepuram Dist-603308. (1409)",Artificial Intelligence and Data Science (AD),148.0,128.5,,124.5,101.0,,,Kancheepuram
"Karpaga Vinayaga College of Engineering and Technology, G.S.T. Road, Chinna Kolambakkam, Palayanoor Post, Madurantagam Taluk, Kancheepuram Dist-603308. (1409)",AUTOMOBILE ENGINEERING (AU),,,,,,,,Kancheepuram
"Karpaga Vinayaga College of Engineering and Technology, G.S.T. Road, Chinna Kolambakkam, Palayanoor Post, Madurantagam Taluk, Kancheepuram Dist-603308. (1409)",BIO MEDICAL ENGINEERING (BM),117.0,97.0,85.0,103.0,102.0,,,Kancheepuram
"Karpaga Vinayaga College of Engineering and Technology, G.S.T. Road, Chinna Kolambakkam, Palayanoor Post, Madurantagam Taluk, Kancheepuram Dist-603308. (1409)",BIO TECHNOLOGY (BT),125.5,100.0,111.0,99.0,89.5,,120.5,Kancheepuram
"Karpaga Vinayaga College of Engineering and Technology, G.S.T. Road, Chinna Kolambakkam, Palayanoor Post, Madurantagam Taluk, Kancheepuram Dist-603308. (1409)",CIVIL  ENGINEERING (CE),89.0,,,,,,,Kancheepuram
"Karpaga Vinayaga College of Engineering and Technology, G.S.T. Road, Chinna Kolambakkam, Palayanoor Post, Madurantagam Taluk, Kancheepuram Dist-603308. (1409)",COMPUTER SCIENCE AND ENGINEERING (CS),143.0,130.5,115.0,118.5,118.5,130.0,101.0,Kancheepuram
"Karpaga Vinayaga College of Engineering and Technology, G.S.T. Road, Chinna Kolambakkam, Palayanoor Post, Madurantagam Taluk, Kancheepuram Dist-603308. (1409)",ELECTRICAL AND ELECTRONICS ENGINEERING (EE),90.0,,,80.0,,,,Kancheepuram
"Karpaga Vinayaga College of Engineering and Technology, G.S.T. Road, Chinna Kolambakkam, Palayanoor Post, Madurantagam Taluk, Kancheepuram Dist-603308. (1409)",ELECTRONICS AND COMMUNICATION ENGINEERING (EC),147.0,129.0,131.0,106.0,108.0,,,Kancheepuram
"Karpaga Vinayaga College of Engineering and Technology, G.S.T. Road, Chinna Kolambakkam, Palayanoor Post, Madurantagam Taluk, Kancheepuram Dist-603308. (1409)",MECHANICAL ENGINEERING (ME),89.5,,,,,,,Kancheepuram
"Karpaga Vinayaga College of Engineering and Technology, G.S.T. Road, Chinna Kolambakkam, Palayanoor Post, Madurantagam Taluk, Kancheepuram Dist-603308. (1409)",ROBOTICS AND AUTOMATION (RM),112.0,91.5,,99.0,,,,Kancheepuram
"Karpagam College of Engineering (Autonomous), S.F.No.758,759,760 Othakkal Mandapam, Coimbatore -641032. (2710)",Artificial Intelligence and Data Science (AD),190.5,186.0,177.0,186.5,160.5,163.0,158.5,Coimbatore
"Karpagam College of Engineering (Autonomous), S.F.No.758,759,760 Othakkal Mandapam, Coimbatore -641032. (2710)",CIVIL  ENGINEERING (CE),167.0,154.0,147.5,150.5,130.5,156.5,,Coimbatore
"Karpagam College of Engineering (Autonomous), S.F.No.758,759,760 Othakkal Mandapam, Coimbatore -641032. (2710)",COMPUTER SCIENCE AND ENGINEERING (CS),189.0,185.5,185.0,184.0,160.0,172.0,,Coimbatore
"Karpagam College of Engineering (Autonomous), S.F.No.758,759,760 Othakkal Mandapam, Coimbatore -641032. (2710)",Computer Science and Engineering (Cyber Security) (SC),184.0,182.5,179.0,182.0,152.5,,129.0,Coimbatore
"Karpagam College of Engineering (Autonomous), S.F.No.758,759,760 Othakkal Mandapam, Coimbatore -641032. (2710)",ELECTRICAL AND ELECTRONICS ENGINEERING (EE),179.0,172.0,162.5,169.5,137.0,88.0,150.0,Coimbatore
"Karpagam College of Engineering (Autonomous), S.F.No.758,759,760 Othakkal Mandapam, Coimbatore -641032. (2710)",ELECTRONICS AND COMMUNICATION ENGINEERING (EC),183.0,181.0,178.5,180.0,151.0,137.5,124.5,Coimbatore
"Karpagam College of Engineering (Autonomous), S.F.No.758,759,760 Othakkal Mandapam, Coimbatore -641032. (2710)",Electronics Engineering (VLSI Design and Technology) (EV),181.5,172.0,166.5,173.0,126.5,137.0,,Coimbatore
"Karpagam College of Engineering (Autonomous), S.F.No.758,759,760 Othakkal Mandapam, Coimbatore -641032. (2710)",INFORMATION TECHNOLOGY (IT),185.0,182.5,175.0,182.0,144.0,167.0,138.5,Coimbatore
"Karpagam College of Engineering (Autonomous), S.F.No.758,759,760 Othakkal Mandapam, Coimbatore -641032. (2710)",MECHANICAL ENGINEERING (ME),168.5,157.5,143.5,143.0,127.5,109.0,109.5,Coimbatore
"Karpagam Institute of Technology (Autonomous), S.F. NO. 247,248, L&T Bypass Road, Seerapalayam Village, Bodipalayam Post, Coimbatore-641105. (2735)",Artificial Intelligence and Data Science (AD),184.0,182.5,174.5,182.5,157.5,158.0,,Coimbatore
"Karpagam Institute of Technology (Autonomous), S.F. NO. 247,248, L&T Bypass Road, Seerapalayam Village, Bodipalayam Post, Coimbatore-641105. (2735)",COMPUTER SCIENCE AND ENGINEERING (CS),182.0,179.5,172.5,177.5,145.0,133.0,158.0,Coimbatore
"Karpagam Institute of Technology (Autonomous), S.F. NO. 247,248, L&T Bypass Road, Seerapalayam Village, Bodipalayam Post, Coimbatore-641105. (2735)",ELECTRICAL AND ELECTRONICS ENGINEERING (EE),170.0,166.0,167.5,162.5,134.5,126.5,,Coimbatore
"Karpagam Institute of Technology (Autonomous), S.F. NO. 247,248, L&T Bypass Road, Seerapalayam Village, Bodipalayam Post, Coimbatore-641105. (2735)",ELECTRONICS AND COMMUNICATION ENGINEERING (EC),176.0,173.0,164.5,170.5,133.0,130.0,100.0,Coimbatore
"Karpagam Institute of Technology (Autonomous), S.F. NO. 247,248, L&T Bypass Road, Seerapalayam Village, Bodipalayam Post, Coimbatore-641105. (2735)",INFORMATION TECHNOLOGY (IT),180.5,178.5,,176.5,142.5,132.5,,Coimbatore
"Karpagam Institute of Technology (Autonomous), S.F. NO. 247,248, L&T Bypass Road, Seerapalayam Village, Bodipalayam Post, Coimbatore-641105. (2735)",MECHANICAL ENGINEERING (ME),156.5,150.0,167.0,136.0,117.5,115.0,,Coimbatore
"Kathir College of Engineering (Autonomous), WISDOM TREE, Avinashi Road, Neelambur, Coimbatore-641062. (2745)",Artificial Intelligence and Data Science (AD),151.0,141.0,127.5,136.0,138.0,110.0,129.5,Coimbatore
"Kathir College of Engineering (Autonomous), WISDOM TREE, Avinashi Road, Neelambur, Coimbatore-641062. (2745)",COMPUTER AND  COMMUNICATION ENGINEERING (CO),136.0,126.5,112.5,131.0,112.5,,,Coimbatore
"Kathir College of Engineering (Autonomous), WISDOM TREE, Avinashi Road, Neelambur, Coimbatore-641062. (2745)",COMPUTER SCIENCE AND ENGINEERING (CS),152.5,143.5,136.0,142.5,104.5,126.0,,Coimbatore
"Kathir College of Engineering (Autonomous), WISDOM TREE, Avinashi Road, Neelambur, Coimbatore-641062. (2745)",COMPUTER SCIENCE AND ENGINEERING (AI AND MACHINE LEARNING) (AM),143.5,137.5,124.5,133.0,116.0,89.5,122.0,Coimbatore
"Kathir College of Engineering (Autonomous), WISDOM TREE, Avinashi Road, Neelambur, Coimbatore-641062. (2745)",ELECTRICAL AND ELECTRONICS ENGINEERING (EE),127.5,112.0,93.0,117.0,85.0,102.5,,Coimbatore
"Kathir College of Engineering (Autonomous), WISDOM TREE, Avinashi Road, Neelambur, Coimbatore-641062. (2745)",ELECTRONICS AND COMMUNICATION ENGINEERING (EC),147.5,127.0,128.5,140.5,110.0,120.0,,Coimbatore
"Kathir College of Engineering (Autonomous), WISDOM TREE, Avinashi Road, Neelambur, Coimbatore-641062. (2745)",MECHANICAL ENGINEERING (ME),117.5,99.5,,102.0,96.5,111.5,,Coimbatore
"KCG college of Technology (Autonomous), Rajiv Gandhi Salai, Karapakkam, Chennai-600097. (1311)",AERONAUTICAL ENGINEERING (AE),165.5,158.0,159.0,149.0,123.5,,,Chennai
"KCG college of Technology (Autonomous), Rajiv Gandhi Salai, Karapakkam, Chennai-600097. (1311)",AEROSPACE ENGINEERING (AO),178.5,164.0,148.0,167.5,150.5,,,Chennai
"KCG college of Technology (Autonomous), Rajiv Gandhi Salai, Karapakkam, Chennai-600097. (1311)",Artificial Intelligence and Data Science (AD),168.0,164.0,162.5,159.5,138.0,,,Chennai
"KCG college of Technology (Autonomous), Rajiv Gandhi Salai, Karapakkam, Chennai-600097. (1311)",AUTOMOBILE ENGINEERING (AU),135.0,122.0,,103.0,98.0,,,Chennai
"KCG college of Technology (Autonomous), Rajiv Gandhi Salai, Karapakkam, Chennai-600097. (1311)",CIVIL  ENGINEERING (CE),111.5,98.0,,,,,103.0,Chennai
"KCG college of Technology (Autonomous), Rajiv Gandhi Salai, Karapakkam, Chennai-600097. (1311)",COMPUTER SCIENCE AND ENGINEERING (CS),169.5,162.5,160.5,157.5,133.5,,133.5,Chennai
"KCG college of Technology (Autonomous), Rajiv Gandhi Salai, Karapakkam, Chennai-600097. (1311)",Computer Science and Engineering (Cyber Security) (SC),167.0,160.5,162.5,156.0,142.5,,,Chennai
"KCG college of Technology (Autonomous), Rajiv Gandhi Salai, Karapakkam, Chennai-600097. (1311)",ELECTRICAL AND ELECTRONICS ENGINEERING (EE),160.0,153.5,137.5,142.5,115.0,,,Chennai
"KCG college of Technology (Autonomous), Rajiv Gandhi Salai, Karapakkam, Chennai-600097. (1311)",ELECTRONICS AND COMMUNICATION ENGINEERING (EC),165.5,158.0,163.0,155.0,124.5,,,Chennai
"KCG college of Technology (Autonomous), Rajiv Gandhi Salai, Karapakkam, Chennai-600097. (1311)",FASHION TECHNOLOGY (FT),134.0,119.5,,109.5,,,,Chennai
"KCG college of Technology (Autonomous), Rajiv Gandhi Salai, Karapakkam, Chennai-600097. (1311)",INFORMATION TECHNOLOGY (IT),165.5,160.0,164.0,155.5,137.0,,,Chennai
"KCG college of Technology (Autonomous), Rajiv Gandhi Salai, Karapakkam, Chennai-600097. (1311)",MECHANICAL ENGINEERING (ME),152.5,146.0,123.0,129.0,106.5,,,Chennai
"KCG college of Technology (Autonomous), Rajiv Gandhi Salai, Karapakkam, Chennai-600097. (1311)",Mechatronics Engineering (MZ),155.5,152.5,144.5,148.0,114.5,,,Chennai
"KGISL Institute of Technology, 365, KGISL Campus, Thudiyalur Road, Saravanampatti, Coimbatore-641035. (2751)",Artificial Intelligence and Data Science (AD),181.5,173.0,171.5,166.5,102.5,116.5,,Coimbatore
"KGISL Institute of Technology, 365, KGISL Campus, Thudiyalur Road, Saravanampatti, Coimbatore-641035. (2751)",COMPUTER SCIENCE AND BUSSINESS SYSTEM (CB),174.5,170.0,154.5,158.0,116.0,110.5,,Coimbatore
"KGISL Institute of Technology, 365, KGISL Campus, Thudiyalur Road, Saravanampatti, Coimbatore-641035. (2751)",COMPUTER SCIENCE AND ENGINEERING (CS),180.5,172.5,173.5,165.5,126.0,127.0,122.0,Coimbatore
"KGISL Institute of Technology, 365, KGISL Campus, Thudiyalur Road, Saravanampatti, Coimbatore-641035. (2751)",COMPUTER SCIENCE AND ENGINEERING (AI AND MACHINE LEARNING) (AM),177.5,171.5,161.0,161.5,107.5,,,Coimbatore
"KGISL Institute of Technology, 365, KGISL Campus, Thudiyalur Road, Saravanampatti, Coimbatore-641035. (2751)",Computer Science and Engineering (Cyber Security) (SC),176.5,171.0,168.5,160.0,121.5,89.0,,Coimbatore
"KGISL Institute of Technology, 365, KGISL Campus, Thudiyalur Road, Saravanampatti, Coimbatore-641035. (2751)",ELECTRONICS AND COMMUNICATION ENGINEERING (EC),176.5,169.5,164.0,159.0,110.0,151.5,,Coimbatore
"KGISL Institute of Technology, 365, KGISL Campus, Thudiyalur Road, Saravanampatti, Coimbatore-641035. (2751)",INFORMATION TECHNOLOGY (IT),180.0,171.5,175.0,163.5,121.0,161.0,,Coimbatore
"KGISL Institute of Technology, 365, KGISL Campus, Thudiyalur Road, Saravanampatti, Coimbatore-641035. (2751)",MECHANICAL ENGINEERING (ME),161.5,147.0,120.5,129.0,94.0,,,Coimbatore
"Kings College of Engineering (Autonomous), Punalkulam Village, Gandarvakkottai Taluk, Pudukkottai District-613303. (3905)",Artificial Intelligence and Data Science (AD),145.5,130.0,122.5,117.0,89.0,,,Pudukkottai
"Kings College of Engineering (Autonomous), Punalkulam Village, Gandarvakkottai Taluk, Pudukkottai District-613303. (3905)",CIVIL  ENGINEERING (CE),92.5,85.0,,,91.5,,,Pudukkottai
"Kings College of Engineering (Autonomous), Punalkulam Village, Gandarvakkottai Taluk, Pudukkottai District-613303. (3905)",COMPUTER SCIENCE AND ENGINEERING (CS),143.0,125.0,127.5,110.0,96.0,,,Pudukkottai
"Kings College of Engineering (Autonomous), Punalkulam Village, Gandarvakkottai Taluk, Pudukkottai District-613303. (3905)",ELECTRICAL AND ELECTRONICS ENGINEERING (EE),92.0,90.5,,,90.0,86.0,,Pudukkottai
"Kings College of Engineering (Autonomous), Punalkulam Village, Gandarvakkottai Taluk, Pudukkottai District-613303. (3905)",ELECTRONICS AND COMMUNICATION ENGINEERING (EC),116.0,81.5,107.5,86.5,90.0,,,Pudukkottai
"Kings College of Engineering (Autonomous), Punalkulam Village, Gandarvakkottai Taluk, Pudukkottai District-613303. (3905)",INFORMATION TECHNOLOGY (IT),137.5,118.0,,106.0,105.0,,,Pudukkottai
"Kings College of Engineering (Autonomous), Punalkulam Village, Gandarvakkottai Taluk, Pudukkottai District-613303. (3905)",MECHANICAL ENGINEERING (ME),92.5,83.0,,,80.0,,,Pudukkottai
"Kings Engineering College, Irungattukottai, Opp. Hyundai Car Company, Sriperumbudur, Kanchipuram-602117. (1207)",Artificial Intelligence and Data Science (AD),144.5,112.0,160.5,126.5,108.5,,,Other
"Kings Engineering College, Irungattukottai, Opp. Hyundai Car Company, Sriperumbudur, Kanchipuram-602117. (1207)",BIO MEDICAL ENGINEERING (BM),96.5,,,,89.0,,,Other
"Kings Engineering College, Irungattukottai, Opp. Hyundai Car Company, Sriperumbudur, Kanchipuram-602117. (1207)",COMPUTER SCIENCE AND ENGINEERING (CS),138.5,99.5,122.0,91.0,100.0,,,Other
"Kings Engineering College, Irungattukottai, Opp. Hyundai Car Company, Sriperumbudur, Kanchipuram-602117. (1207)",COMPUTER SCIENCE AND ENGINEERING (AI AND MACHINE LEARNING) (AM),123.5,89.5,99.5,85.0,84.0,,,Other
"Kings Engineering College, Irungattukottai, Opp. Hyundai Car Company, Sriperumbudur, Kanchipuram-602117. (1207)",ELECTRONICS AND COMMUNICATION ENGINEERING (EC),134.0,114.0,,89.0,89.0,,,Other
"Kings Engineering College, Irungattukottai, Opp. Hyundai Car Company, Sriperumbudur, Kanchipuram-602117. (1207)",INFORMATION TECHNOLOGY (IT),112.5,86.5,,91.5,85.5,,,Other
"Kings Engineering College, Irungattukottai, Opp. Hyundai Car Company, Sriperumbudur, Kanchipuram-602117. (1207)",MECHANICAL ENGINEERING (ME),93.5,,,,88.5,,,Other
"Kings Engineering College, Irungattukottai, Opp. Hyundai Car Company, Sriperumbudur, Kanchipuram-602117. (1207)",ROBOTICS AND AUTOMATION (RM),85.0,83.5,,,,,,Other
"Kingston Engineering College, Chittoor Main Road, Chiristianpet Village, Mettukulam Panchayat, Katpadi Taluk, Vellore District-632059. (1520)",Artificial Intelligence and Data Science (AD),163.0,143.0,139.5,144.5,111.0,115.5,,Vellore
"Kingston Engineering College, Chittoor Main Road, Chiristianpet Village, Mettukulam Panchayat, Katpadi Taluk, Vellore District-632059. (1520)",COMPUTER SCIENCE AND BUSSINESS SYSTEM (CB),130.5,108.5,,110.0,,,,Vellore
"Kingston Engineering College, Chittoor Main Road, Chiristianpet Village, Mettukulam Panchayat, Katpadi Taluk, Vellore District-632059. (1520)",COMPUTER SCIENCE AND ENGINEERING (CS),153.5,137.0,117.0,138.5,84.5,97.0,,Vellore
"Kingston Engineering College, Chittoor Main Road, Chiristianpet Village, Mettukulam Panchayat, Katpadi Taluk, Vellore District-632059. (1520)",ELECTRONICS AND COMMUNICATION ENGINEERING (EC),148.5,124.5,139.0,123.5,108.0,,,Vellore
"Kingston Engineering College, Chittoor Main Road, Chiristianpet Village, Mettukulam Panchayat, Katpadi Taluk, Vellore District-632059. (1520)",INFORMATION TECHNOLOGY (IT),151.0,135.5,,135.5,100.0,,,Vellore
"Kingston Engineering College, Chittoor Main Road, Chiristianpet Village, Mettukulam Panchayat, Katpadi Taluk, Vellore District-632059. (1520)",MECHANICAL ENGINEERING (ME),93.0,,,,,,,Vellore
"KIT - Kalaignarkarunanidhi Institute of Technology (Autonomous), S.F.No. 282,S.F.No. 283 Kannampalayam Post, Coimbatore-641402. (2750)",AERONAUTICAL ENGINEERING (AE),139.5,126.5,133.0,123.5,109.5,90.5,104.0,Coimbatore
"KIT - Kalaignarkarunanidhi Institute of Technology (Autonomous), S.F.No. 282,S.F.No. 283 Kannampalayam Post, Coimbatore-641402. (2750)",AGRICULTURAL ENGINEERING (AG),148.0,118.0,117.0,106.5,111.5,124.5,,Coimbatore
"KIT - Kalaignarkarunanidhi Institute of Technology (Autonomous), S.F.No. 282,S.F.No. 283 Kannampalayam Post, Coimbatore-641402. (2750)",Artificial Intelligence and Data Science (AD),165.5,156.5,152.0,154.0,131.5,138.5,107.0,Coimbatore
"KIT - Kalaignarkarunanidhi Institute of Technology (Autonomous), S.F.No. 282,S.F.No. 283 Kannampalayam Post, Coimbatore-641402. (2750)",BIO MEDICAL ENGINEERING (BM),142.0,132.0,122.0,128.0,106.5,125.5,,Coimbatore
"KIT - Kalaignarkarunanidhi Institute of Technology (Autonomous), S.F.No. 282,S.F.No. 283 Kannampalayam Post, Coimbatore-641402. (2750)",BIO TECHNOLOGY (BT),148.5,135.5,156.0,120.5,110.5,108.0,,Coimbatore
"KIT - Kalaignarkarunanidhi Institute of Technology (Autonomous), S.F.No. 282,S.F.No. 283 Kannampalayam Post, Coimbatore-641402. (2750)",COMPUTER SCIENCE AND BUSSINESS SYSTEM (CB),160.5,151.5,140.0,151.0,119.0,111.5,,Coimbatore
"KIT - Kalaignarkarunanidhi Institute of Technology (Autonomous), S.F.No. 282,S.F.No. 283 Kannampalayam Post, Coimbatore-641402. (2750)",COMPUTER SCIENCE AND ENGINEERING (CS),170.5,161.5,145.5,154.5,135.0,140.5,116.5,Coimbatore
"KIT - Kalaignarkarunanidhi Institute of Technology (Autonomous), S.F.No. 282,S.F.No. 283 Kannampalayam Post, Coimbatore-641402. (2750)",COMPUTER SCIENCE AND ENGINEERING (AI AND MACHINE LEARNING) (AM),163.0,153.0,145.0,152.5,120.0,140.5,,Coimbatore
"KIT - Kalaignarkarunanidhi Institute of Technology (Autonomous), S.F.No. 282,S.F.No. 283 Kannampalayam Post, Coimbatore-641402. (2750)",ELECTRICAL AND ELECTRONICS ENGINEERING (EE),147.0,142.0,,121.5,104.5,104.0,,Coimbatore
"KIT - Kalaignarkarunanidhi Institute of Technology (Autonomous), S.F.No. 282,S.F.No. 283 Kannampalayam Post, Coimbatore-641402. (2750)",ELECTRONICS AND COMMUNICATION ENGINEERING (EC),164.5,154.0,159.0,151.0,117.0,112.0,,Coimbatore
"KIT - Kalaignarkarunanidhi Institute of Technology (Autonomous), S.F.No. 282,S.F.No. 283 Kannampalayam Post, Coimbatore-641402. (2750)",Electronics Engineering (VLSI Design and Technology) (EV),151.0,145.5,149.0,144.5,112.0,117.5,,Coimbatore
"KIT - Kalaignarkarunanidhi Institute of Technology (Autonomous), S.F.No. 282,S.F.No. 283 Kannampalayam Post, Coimbatore-641402. (2750)",MECHANICAL ENGINEERING (ME),132.0,122.5,121.0,106.5,98.5,117.0,,Coimbatore
"Knowledge Institute of Technology (Autonomous), KIOT Campus, Kakapalayam (PO), Salem-637504. (2653)",Artificial Intelligence and Data Science (AD),163.5,150.5,143.5,147.0,98.0,102.0,109.5,Salem
"Knowledge Institute of Technology (Autonomous), KIOT Campus, Kakapalayam (PO), Salem-637504. (2653)",CIVIL  ENGINEERING (CE),134.5,101.5,,130.0,95.0,,,Salem
"Knowledge Institute of Technology (Autonomous), KIOT Campus, Kakapalayam (PO), Salem-637504. (2653)",COMPUTER SCIENCE AND BUSSINESS SYSTEM (CB),157.5,147.5,142.0,143.0,89.0,,,Salem
"Knowledge Institute of Technology (Autonomous), KIOT Campus, Kakapalayam (PO), Salem-637504. (2653)",COMPUTER SCIENCE AND ENGINEERING (CS),170.0,159.0,131.5,154.5,90.0,166.0,165.5,Salem
"Knowledge Institute of Technology (Autonomous), KIOT Campus, Kakapalayam (PO), Salem-637504. (2653)",ELECTRICAL AND ELECTRONICS ENGINEERING (EE),153.5,146.5,132.0,143.5,96.5,151.5,,Salem
"Knowledge Institute of Technology (Autonomous), KIOT Campus, Kakapalayam (PO), Salem-637504. (2653)",ELECTRONICS AND COMMUNICATION ENGINEERING (EC),163.0,151.0,133.0,150.0,106.0,,94.5,Salem
"Knowledge Institute of Technology (Autonomous), KIOT Campus, Kakapalayam (PO), Salem-637504. (2653)",INFORMATION TECHNOLOGY (IT),160.5,149.0,128.5,149.0,86.0,102.0,129.0,Salem
"Knowledge Institute of Technology (Autonomous), KIOT Campus, Kakapalayam (PO), Salem-637504. (2653)",MECHANICAL ENGINEERING (ME),136.0,112.0,86.5,110.5,104.5,110.0,,Salem
"Kongu Engineering College (Autonomous), Perundurai Railway Station Road,Thoppupalayam,Perundurai, Erode-638052. (2711)",Artificial Intelligence and Data Science (AD),181.5,178.0,173.5,174.0,129.0,117.5,,Erode
"Kongu Engineering College (Autonomous), Perundurai Railway Station Road,Thoppupalayam,Perundurai, Erode-638052. (2711)",Artificial Intelligence and Machine Learning (AL),178.5,177.5,,173.0,125.5,100.5,,Erode
"Kongu Engineering College (Autonomous), Perundurai Railway Station Road,Thoppupalayam,Perundurai, Erode-638052. (2711)",AUTOMOBILE ENGINEERING (AU),158.0,153.0,,150.0,,,,Erode
"Kongu Engineering College (Autonomous), Perundurai Railway Station Road,Thoppupalayam,Perundurai, Erode-638052. (2711)",CHEMICAL  ENGINEERING (CH),167.5,152.5,154.0,147.0,102.0,,,Erode
"Kongu Engineering College (Autonomous), Perundurai Railway Station Road,Thoppupalayam,Perundurai, Erode-638052. (2711)",CIVIL  ENGINEERING (CE),168.0,151.5,160.5,147.0,118.5,,,Erode
"Kongu Engineering College (Autonomous), Perundurai Railway Station Road,Thoppupalayam,Perundurai, Erode-638052. (2711)",COMPUTER SCIENCE AND DESIGN (CD),177.5,175.5,169.5,169.5,108.5,115.0,,Erode
"Kongu Engineering College (Autonomous), Perundurai Railway Station Road,Thoppupalayam,Perundurai, Erode-638052. (2711)",COMPUTER SCIENCE AND ENGINEERING (CS),185.0,180.5,172.5,176.5,135.5,117.5,,Erode
"Kongu Engineering College (Autonomous), Perundurai Railway Station Road,Thoppupalayam,Perundurai, Erode-638052. (2711)",ELECTRICAL AND ELECTRONICS ENGINEERING (EE),176.5,174.0,160.5,165.5,106.5,149.0,,Erode
"Kongu Engineering College (Autonomous), Perundurai Railway Station Road,Thoppupalayam,Perundurai, Erode-638052. (2711)",ELECTRONICS AND COMMUNICATION ENGINEERING (EC),182.0,179.0,173.0,173.5,128.5,119.5,133.5,Erode
"Kongu Engineering College (Autonomous), Perundurai Railway Station Road,Thoppupalayam,Perundurai, Erode-638052. (2711)",ELECTRONICS AND INSTRUMENTATION ENGINEERING (EI),172.5,170.0,158.5,162.0,106.0,,,Erode
"Kongu Engineering College (Autonomous), Perundurai Railway Station Road,Thoppupalayam,Perundurai, Erode-638052. (2711)",FOOD TECHNOLOGY (FD),165.5,155.0,155.5,139.0,106.0,,,Erode
"Kongu Engineering College (Autonomous), Perundurai Railway Station Road,Thoppupalayam,Perundurai, Erode-638052. (2711)",INFORMATION TECHNOLOGY (IT),180.0,178.0,172.5,174.5,130.0,104.5,136.0,Erode
"Kongu Engineering College (Autonomous), Perundurai Railway Station Road,Thoppupalayam,Perundurai, Erode-638052. (2711)",MECHANICAL ENGINEERING (ME),167.5,161.0,162.5,159.0,109.0,86.5,,Erode
"Kongu Engineering College (Autonomous), Perundurai Railway Station Road,Thoppupalayam,Perundurai, Erode-638052. (2711)",Mechatronics Engineering (MZ),166.5,161.0,142.0,153.5,82.5,135.5,,Erode
"Kongunadu College of Engineering and Technology (Autonomous), Tholurpatti, Thottiam, Tiruchirappalli-621215. (3826)",AGRICULTURAL ENGINEERING (AG),137.5,111.5,114.0,112.5,113.0,133.5,113.5,Tiruchirappalli
"Kongunadu College of Engineering and Technology (Autonomous), Tholurpatti, Thottiam, Tiruchirappalli-621215. (3826)",Artificial Intelligence and Data Science (AD),165.0,150.0,149.0,150.0,128.5,130.5,181.0,Tiruchirappalli
"Kongunadu College of Engineering and Technology (Autonomous), Tholurpatti, Thottiam, Tiruchirappalli-621215. (3826)",BIO MEDICAL ENGINEERING (BM),144.0,124.0,136.0,134.0,114.5,108.5,,Tiruchirappalli
"Kongunadu College of Engineering and Technology (Autonomous), Tholurpatti, Thottiam, Tiruchirappalli-621215. (3826)",CIVIL  ENGINEERING (CE),135.0,111.0,,111.5,100.5,129.5,,Tiruchirappalli
"Kongunadu College of Engineering and Technology (Autonomous), Tholurpatti, Thottiam, Tiruchirappalli-621215. (3826)",COMPUTER SCIENCE AND ENGINEERING (CS),163.5,152.5,142.0,150.0,114.5,121.0,126.0,Tiruchirappalli
"Kongunadu College of Engineering and Technology (Autonomous), Tholurpatti, Thottiam, Tiruchirappalli-621215. (3826)",ELECTRICAL AND ELECTRONICS ENGINEERING (EE),149.0,142.0,124.5,141.5,108.5,121.0,,Tiruchirappalli
"Kongunadu College of Engineering and Technology (Autonomous), Tholurpatti, Thottiam, Tiruchirappalli-621215. (3826)",ELECTRONICS AND COMMUNICATION ENGINEERING (EC),160.5,150.0,138.5,146.5,116.5,118.5,121.5,Tiruchirappalli
"Kongunadu College of Engineering and Technology (Autonomous), Tholurpatti, Thottiam, Tiruchirappalli-621215. (3826)",INFORMATION TECHNOLOGY (IT),162.0,151.5,142.5,147.5,134.0,125.5,,Tiruchirappalli
"Kongunadu College of Engineering and Technology (Autonomous), Tholurpatti, Thottiam, Tiruchirappalli-621215. (3826)",MECHANICAL ENGINEERING (ME),135.0,116.5,114.0,122.5,119.0,126.0,89.5,Tiruchirappalli
"KPR Institute of Engineering and Technology (Autonomous), SF:204/2 & 204/4, Kollupalayam Village, Arasur Panchayat, Coimbatore-641407. (2764)",Artificial Intelligence and Data Science (AD),187.0,184.5,182.5,180.5,163.5,143.0,157.0,Coimbatore
"KPR Institute of Engineering and Technology (Autonomous), SF:204/2 & 204/4, Kollupalayam Village, Arasur Panchayat, Coimbatore-641407. (2764)",BIO MEDICAL ENGINEERING (BM),179.0,170.5,175.5,164.0,136.0,,149.5,Coimbatore
"KPR Institute of Engineering and Technology (Autonomous), SF:204/2 & 204/4, Kollupalayam Village, Arasur Panchayat, Coimbatore-641407. (2764)",CHEMICAL  ENGINEERING (CH),174.0,164.5,,157.5,130.0,,,Coimbatore
"KPR Institute of Engineering and Technology (Autonomous), SF:204/2 & 204/4, Kollupalayam Village, Arasur Panchayat, Coimbatore-641407. (2764)",CIVIL  ENGINEERING (CE),173.0,165.5,156.5,154.5,132.5,128.0,,Coimbatore
"KPR Institute of Engineering and Technology (Autonomous), SF:204/2 & 204/4, Kollupalayam Village, Arasur Panchayat, Coimbatore-641407. (2764)",COMPUTER SCIENCE AND BUSSINESS SYSTEM (CB),183.0,181.5,181.0,178.0,152.5,147.0,,Coimbatore
"KPR Institute of Engineering and Technology (Autonomous), SF:204/2 & 204/4, Kollupalayam Village, Arasur Panchayat, Coimbatore-641407. (2764)",COMPUTER SCIENCE AND ENGINEERING (CS),190.0,186.5,182.0,183.0,163.0,162.0,148.0,Coimbatore
"KPR Institute of Engineering and Technology (Autonomous), SF:204/2 & 204/4, Kollupalayam Village, Arasur Panchayat, Coimbatore-641407. (2764)",COMPUTER SCIENCE AND ENGINEERING (AI AND MACHINE LEARNING) (AM),187.5,185.5,186.0,180.0,155.5,149.5,158.0,Coimbatore
"KPR Institute of Engineering and Technology (Autonomous), SF:204/2 & 204/4, Kollupalayam Village, Arasur Panchayat, Coimbatore-641407. (2764)",ELECTRICAL AND ELECTRONICS ENGINEERING (EE),182.0,181.0,176.5,177.0,147.5,140.0,,Coimbatore
"KPR Institute of Engineering and Technology (Autonomous), SF:204/2 & 204/4, Kollupalayam Village, Arasur Panchayat, Coimbatore-641407. (2764)",ELECTRONICS AND COMMUNICATION ENGINEERING (EC),186.5,184.5,176.5,179.0,158.0,154.0,,Coimbatore
"KPR Institute of Engineering and Technology (Autonomous), SF:204/2 & 204/4, Kollupalayam Village, Arasur Panchayat, Coimbatore-641407. (2764)",INFORMATION TECHNOLOGY (IT),186.0,184.0,180.5,179.0,155.5,143.0,178.5,Coimbatore
"KPR Institute of Engineering and Technology (Autonomous), SF:204/2 & 204/4, Kollupalayam Village, Arasur Panchayat, Coimbatore-641407. (2764)",MECHANICAL ENGINEERING (ME),174.0,169.5,168.0,162.5,130.5,114.5,141.5,Coimbatore
"KPR Institute of Engineering and Technology (Autonomous), SF:204/2 & 204/4, Kollupalayam Village, Arasur Panchayat, Coimbatore-641407. (2764)",Mechatronics Engineering (MZ),177.5,172.5,166.0,165.0,136.0,117.0,,Coimbatore
"Krishnasamy College of Engineering and Technology, Nellikuppam Main Road, S.Kumarapuram, Cuddalore-607109. (3410)",Artificial Intelligence and Data Science (AD),134.5,105.0,,123.0,118.5,,132.0,Cuddalore
"Krishnasamy College of Engineering and Technology, Nellikuppam Main Road, S.Kumarapuram, Cuddalore-607109. (3410)",CIVIL  ENGINEERING (CE),96.0,,,,,,,Cuddalore
"Krishnasamy College of Engineering and Technology, Nellikuppam Main Road, S.Kumarapuram, Cuddalore-607109. (3410)",COMPUTER SCIENCE AND ENGINEERING (CS),149.0,127.5,166.5,128.0,125.0,,,Cuddalore
"Krishnasamy College of Engineering and Technology, Nellikuppam Main Road, S.Kumarapuram, Cuddalore-607109. (3410)",ELECTRICAL AND ELECTRONICS ENGINEERING (EE),112.0,95.0,,92.5,93.0,,,Cuddalore
"Krishnasamy College of Engineering and Technology, Nellikuppam Main Road, S.Kumarapuram, Cuddalore-607109. (3410)",ELECTRONICS AND COMMUNICATION ENGINEERING (EC),135.5,93.0,98.5,124.0,111.5,,,Cuddalore
"Krishnasamy College of Engineering and Technology, Nellikuppam Main Road, S.Kumarapuram, Cuddalore-607109. (3410)",INFORMATION TECHNOLOGY (IT),151.0,122.0,112.5,130.0,111.5,,,Cuddalore
"Krishnasamy College of Engineering and Technology, Nellikuppam Main Road, S.Kumarapuram, Cuddalore-607109. (3410)",MECHANICAL ENGINEERING (ME),100.0,86.5,,83.0,90.0,,,Cuddalore
"KSK College of Engineering and Technology, Thanjavur Main Road, Ammapet (Village), Dharasuram Post, Kumbakonam Taluk, Thanjavur District-612702. (3456)",AGRICULTURAL ENGINEERING (AG),92.5,,,,,,,Thanjavur
"KSK College of Engineering and Technology, Thanjavur Main Road, Ammapet (Village), Dharasuram Post, Kumbakonam Taluk, Thanjavur District-612702. (3456)",Artificial Intelligence and Data Science (AD),102.0,89.5,,94.0,93.5,,,Thanjavur
"KSK College of Engineering and Technology, Thanjavur Main Road, Ammapet (Village), Dharasuram Post, Kumbakonam Taluk, Thanjavur District-612702. (3456)",BIO MEDICAL ENGINEERING (BM),96.0,85.0,90.0,,85.5,,,Thanjavur
"KSK College of Engineering and Technology, Thanjavur Main Road, Ammapet (Village), Dharasuram Post, Kumbakonam Taluk, Thanjavur District-612702. (3456)",COMPUTER SCIENCE AND ENGINEERING (CS),100.5,82.5,,89.0,85.5,,,Thanjavur
"KSK College of Engineering and Technology, Thanjavur Main Road, Ammapet (Village), Dharasuram Post, Kumbakonam Taluk, Thanjavur District-612702. (3456)",COMPUTER SCIENCE AND ENGINEERING (AI AND MACHINE LEARNING) (AM),84.0,,,,,,,Thanjavur
"KSK College of Engineering and Technology, Thanjavur Main Road, Ammapet (Village), Dharasuram Post, Kumbakonam Taluk, Thanjavur District-612702. (3456)",ELECTRICAL AND ELECTRONICS ENGINEERING (EE),98.5,,,,,,,Thanjavur
"KSK College of Engineering and Technology, Thanjavur Main Road, Ammapet (Village), Dharasuram Post, Kumbakonam Taluk, Thanjavur District-612702. (3456)",ELECTRONICS AND COMMUNICATION ENGINEERING (EC),92.0,,,,,,,Thanjavur
"KSK College of Engineering and Technology, Thanjavur Main Road, Ammapet (Village), Dharasuram Post, Kumbakonam Taluk, Thanjavur District-612702. (3456)",MECHANICAL ENGINEERING (ME),86.0,,,,,,,Thanjavur
"Kumaraguru College of Technology (Autonomous), Chinnavedampatti, Coimbatore-641049. (2712)",AERONAUTICAL ENGINEERING (AE),186.5,180.0,186.0,173.5,145.5,185.0,,Coimbatore
"Kumaraguru College of Technology (Autonomous), Chinnavedampatti, Coimbatore-641049. (2712)",Artificial Intelligence and Data Science (AD),192.5,191.5,188.0,189.5,176.5,174.5,,Coimbatore
"Kumaraguru College of Technology (Autonomous), Chinnavedampatti, Coimbatore-641049. (2712)",AUTOMOBILE ENGINEERING (AU),176.5,173.0,164.5,166.5,133.0,143.0,,Coimbatore
"Kumaraguru College of Technology (Autonomous), Chinnavedampatti, Coimbatore-641049. (2712)",BIO TECHNOLOGY (BT),186.0,181.5,180.0,176.0,151.0,162.5,143.5,Coimbatore
"Kumaraguru College of Technology (Autonomous), Chinnavedampatti, Coimbatore-641049. (2712)",CIVIL  ENGINEERING (CE),177.0,174.5,161.5,164.5,141.5,149.0,154.5,Coimbatore
"Kumaraguru College of Technology (Autonomous), Chinnavedampatti, Coimbatore-641049. (2712)",COMPUTER SCIENCE AND ENGINEERING (CS),194.0,192.5,192.0,191.0,177.5,176.0,171.0,Coimbatore
"Kumaraguru College of Technology (Autonomous), Chinnavedampatti, Coimbatore-641049. (2712)",ELECTRICAL AND ELECTRONICS ENGINEERING (EE),190.0,188.0,186.0,185.5,162.0,151.5,144.0,Coimbatore
"Kumaraguru College of Technology (Autonomous), Chinnavedampatti, Coimbatore-641049. (2712)",ELECTRONICS AND COMMUNICATION ENGINEERING (EC),193.0,191.5,190.0,190.0,172.0,167.5,140.0,Coimbatore
"Kumaraguru College of Technology (Autonomous), Chinnavedampatti, Coimbatore-641049. (2712)",ELECTRONICS AND INSTRUMENTATION ENGINEERING (EI),188.0,184.5,182.0,179.5,160.5,135.0,,Coimbatore
"Kumaraguru College of Technology (Autonomous), Chinnavedampatti, Coimbatore-641049. (2712)",FASHION TECHNOLOGY (FT),168.0,162.0,145.0,149.0,123.0,95.5,,Coimbatore
"Kumaraguru College of Technology (Autonomous), Chinnavedampatti, Coimbatore-641049. (2712)",INFORMATION TECHNOLOGY (IT),192.5,191.5,191.5,189.5,175.0,158.0,168.5,Coimbatore
"Kumaraguru College of Technology (Autonomous), Chinnavedampatti, Coimbatore-641049. (2712)",MECHANICAL ENGINEERING (ME),181.0,178.0,175.5,174.0,154.0,124.5,134.5,Coimbatore
"Kumaraguru College of Technology (Autonomous), Chinnavedampatti, Coimbatore-641049. (2712)",Mechatronics Engineering (MZ),184.5,179.5,176.0,173.5,145.0,119.0,,Coimbatore
"Kumaraguru College of Technology (Autonomous), Chinnavedampatti, Coimbatore-641049. (2712)",TEXTILE TECHNOLOGY (TX),168.0,161.0,,151.0,125.0,,,Coimbatore
"Latha Mathavan Engineering College, Latha Mathavan Nagar, Kidaripatti, Melur Taluk, Madurai-625301. (5990)",CIVIL  ENGINEERING (CE),,,,,,,,Madurai
"Latha Mathavan Engineering College, Latha Mathavan Nagar, Kidaripatti, Melur Taluk, Madurai-625301. (5990)",COMPUTER SCIENCE AND ENGINEERING (CS),115.0,86.5,99.5,98.0,86.0,89.0,,Madurai
"Latha Mathavan Engineering College, Latha Mathavan Nagar, Kidaripatti, Melur Taluk, Madurai-625301. (5990)",ELECTRICAL AND ELECTRONICS ENGINEERING (EE),102.0,,,,,,,Madurai
"Latha Mathavan Engineering College, Latha Mathavan Nagar, Kidaripatti, Melur Taluk, Madurai-625301. (5990)",ELECTRONICS AND COMMUNICATION ENGINEERING (EC),85.5,,,,,,,Madurai
"Latha Mathavan Engineering College, Latha Mathavan Nagar, Kidaripatti, Melur Taluk, Madurai-625301. (5990)",MECHANICAL ENGINEERING (ME),98.5,,,,,,,Madurai
"Lord Jegannath College of Engineering and Technology, PSN Nagar, Ramanathichanputhur, Marungoor, Kanyakumari District, Nagercoil-629402. (4983)",AERONAUTICAL ENGINEERING (AE),,,,,,,,Other
"Lord Jegannath College of Engineering and Technology, PSN Nagar, Ramanathichanputhur, Marungoor, Kanyakumari District, Nagercoil-629402. (4983)",AGRICULTURAL ENGINEERING (AG),,,,,,,,Other
"Lord Jegannath College of Engineering and Technology, PSN Nagar, Ramanathichanputhur, Marungoor, Kanyakumari District, Nagercoil-629402. (4983)",CIVIL  ENGINEERING (CE),,,,,,,,Other
"Lord Jegannath College of Engineering and Technology, PSN Nagar, Ramanathichanputhur, Marungoor, Kanyakumari District, Nagercoil-629402. (4983)",COMPUTER SCIENCE AND ENGINEERING (CS),91.5,,,,,,,Other
"Lord Jegannath College of Engineering and Technology, PSN Nagar, Ramanathichanputhur, Marungoor, Kanyakumari District, Nagercoil-629402. (4983)",ELECTRICAL AND ELECTRONICS ENGINEERING (EE),,,,,,,,Other
"Lord Jegannath College of Engineering and Technology, PSN Nagar, Ramanathichanputhur, Marungoor, Kanyakumari District, Nagercoil-629402. (4983)",ELECTRONICS AND COMMUNICATION ENGINEERING (EC),,,,,,,,Other
"Lord Jegannath College of Engineering and Technology, PSN Nagar, Ramanathichanputhur, Marungoor, Kanyakumari District, Nagercoil-629402. (4983)",MECHANICAL ENGINEERING (ME),93.0,,,,,,,Other
"Lord Jegannath College of Engineering and Technology, PSN Nagar, Ramanathichanputhur, Marungoor, Kanyakumari District, Nagercoil-629402. (4983)",ROBOTICS AND AUTOMATION (RM),137.5,,,,,,,Other
"Loyola Institute of Technology and Science, P.Bo. No.2, Thovalai - Rajavoor Road, Loyola Nagar, Theroor Village, Thovalai, Kanyakumari District-629302. (4993)",AGRICULTURAL ENGINEERING (AG),90.0,,,,,,,Other
"Loyola Institute of Technology and Science, P.Bo. No.2, Thovalai - Rajavoor Road, Loyola Nagar, Theroor Village, Thovalai, Kanyakumari District-629302. (4993)",Artificial Intelligence and Data Science (AD),134.0,100.5,,103.0,,,,Other
"Loyola Institute of Technology and Science, P.Bo. No.2, Thovalai - Rajavoor Road, Loyola Nagar, Theroor Village, Thovalai, Kanyakumari District-629302. (4993)",BIO MEDICAL ENGINEERING (BM),104.0,85.5,,85.0,,,,Other
"Loyola Institute of Technology and Science, P.Bo. No.2, Thovalai - Rajavoor Road, Loyola Nagar, Theroor Village, Thovalai, Kanyakumari District-629302. (4993)",COMPUTER SCIENCE AND ENGINEERING (CS),91.5,81.5,,83.5,,,,Other
"Loyola Institute of Technology and Science, P.Bo. No.2, Thovalai - Rajavoor Road, Loyola Nagar, Theroor Village, Thovalai, Kanyakumari District-629302. (4993)",COMPUTER SCIENCE AND ENGINEERING (AI AND MACHINE LEARNING) (AM),101.0,98.0,,84.0,,,,Other
"Loyola Institute of Technology and Science, P.Bo. No.2, Thovalai - Rajavoor Road, Loyola Nagar, Theroor Village, Thovalai, Kanyakumari District-629302. (4993)",ELECTRICAL AND ELECTRONICS ENGINEERING (EE),80.0,,,,,,,Other
"Loyola Institute of Technology and Science, P.Bo. No.2, Thovalai - Rajavoor Road, Loyola Nagar, Theroor Village, Thovalai, Kanyakumari District-629302. (4993)",ELECTRONICS AND COMMUNICATION ENGINEERING (EC),105.5,97.5,,99.5,,,,Other
"Loyola Institute of Technology and Science, P.Bo. No.2, Thovalai - Rajavoor Road, Loyola Nagar, Theroor Village, Thovalai, Kanyakumari District-629302. (4993)",INFORMATION TECHNOLOGY (IT),104.0,88.0,,,,,,Other
"Loyola Institute of Technology and Science, P.Bo. No.2, Thovalai - Rajavoor Road, Loyola Nagar, Theroor Village, Thovalai, Kanyakumari District-629302. (4993)",MECHANICAL ENGINEERING (ME),85.5,,,,,,,Other
"Loyola Institute of Technology, Palanchur, Mevalurkuppam, B village, Nazarathpet Post, Sriperumpudur Taluk, Kanchipuram District, Chennai-600123. (1225)",Artificial Intelligence and Data Science (AD),157.0,143.5,142.5,143.5,118.0,,,Chennai
"Loyola Institute of Technology, Palanchur, Mevalurkuppam, B village, Nazarathpet Post, Sriperumpudur Taluk, Kanchipuram District, Chennai-600123. (1225)",COMPUTER SCIENCE AND ENGINEERING (CS),165.5,156.5,145.0,150.5,128.5,,,Chennai
"Loyola Institute of Technology, Palanchur, Mevalurkuppam, B village, Nazarathpet Post, Sriperumpudur Taluk, Kanchipuram District, Chennai-600123. (1225)",Computer Science and Engineering (Cyber Security) (SC),155.0,144.0,151.5,135.0,126.0,,,Chennai
"Loyola Institute of Technology, Palanchur, Mevalurkuppam, B village, Nazarathpet Post, Sriperumpudur Taluk, Kanchipuram District, Chennai-600123. (1225)",ELECTRICAL AND ELECTRONICS ENGINEERING (EE),143.5,126.5,,113.0,,,,Chennai
"Loyola Institute of Technology, Palanchur, Mevalurkuppam, B village, Nazarathpet Post, Sriperumpudur Taluk, Kanchipuram District, Chennai-600123. (1225)",ELECTRONICS AND COMMUNICATION ENGINEERING (EC),148.5,142.0,144.0,136.5,97.5,,,Chennai
"Loyola Institute of Technology, Palanchur, Mevalurkuppam, B village, Nazarathpet Post, Sriperumpudur Taluk, Kanchipuram District, Chennai-600123. (1225)",INFORMATION TECHNOLOGY (IT),155.0,144.5,,139.0,125.0,,,Chennai
"Loyola Institute of Technology, Palanchur, Mevalurkuppam, B village, Nazarathpet Post, Sriperumpudur Taluk, Kanchipuram District, Chennai-600123. (1225)",MECHANICAL ENGINEERING (ME),131.0,108.0,124.5,118.5,,,,Chennai
"Loyola-ICAM College of Engineering and Technology, Loyola College Campus, Chennai-600034. (1450)",Artificial Intelligence and Data Science (AD),185.5,182.0,,182.0,176.5,,136.0,Chennai
"Loyola-ICAM College of Engineering and Technology, Loyola College Campus, Chennai-600034. (1450)",COMPUTER SCIENCE AND ENGINEERING (CS),189.0,184.5,184.5,184.5,173.5,141.0,108.0,Chennai
"Loyola-ICAM College of Engineering and Technology, Loyola College Campus, Chennai-600034. (1450)",ELECTRICAL AND ELECTRONICS ENGINEERING (EE),179.0,173.5,174.0,168.5,145.5,142.0,,Chennai
"Loyola-ICAM College of Engineering and Technology, Loyola College Campus, Chennai-600034. (1450)",ELECTRONICS AND COMMUNICATION ENGINEERING (EC),186.0,183.0,184.5,182.5,170.5,146.0,,Chennai
"Loyola-ICAM College of Engineering and Technology, Loyola College Campus, Chennai-600034. (1450)",INFORMATION TECHNOLOGY (IT),184.5,182.0,184.0,181.0,171.0,170.5,,Chennai
"Loyola-ICAM College of Engineering and Technology, Loyola College Campus, Chennai-600034. (1450)",MECHANICAL ENGINEERING (ME),174.0,171.5,157.0,162.5,163.5,,,Chennai
"M A M College of Engineering, Trichy-Chennai Trunk Road, Siruganur, Tiruchirappalli-621105. (3810)",AGRICULTURAL ENGINEERING (AG),84.0,,,,,,,Tiruchirappalli
"M A M College of Engineering, Trichy-Chennai Trunk Road, Siruganur, Tiruchirappalli-621105. (3810)",Artificial Intelligence and Data Science (AD),155.0,115.5,173.0,137.0,134.5,101.0,,Tiruchirappalli
"M A M College of Engineering, Trichy-Chennai Trunk Road, Siruganur, Tiruchirappalli-621105. (3810)",BIO MEDICAL ENGINEERING (BM),124.5,89.0,,99.0,95.0,,,Tiruchirappalli
"M A M College of Engineering, Trichy-Chennai Trunk Road, Siruganur, Tiruchirappalli-621105. (3810)",BIO TECHNOLOGY (BT),99.5,,,,,,,Tiruchirappalli
"M A M College of Engineering, Trichy-Chennai Trunk Road, Siruganur, Tiruchirappalli-621105. (3810)",CIVIL  ENGINEERING (CE),96.0,,,,94.0,,,Tiruchirappalli
"M A M College of Engineering, Trichy-Chennai Trunk Road, Siruganur, Tiruchirappalli-621105. (3810)",COMPUTER SCIENCE AND ENGINEERING (CS),125.0,91.0,103.5,115.0,88.0,121.0,,Tiruchirappalli
"M A M College of Engineering, Trichy-Chennai Trunk Road, Siruganur, Tiruchirappalli-621105. (3810)",COMPUTER SCIENCE AND ENGINEERING (AI AND MACHINE LEARNING) (AM),115.5,100.5,113.0,95.0,102.5,,,Tiruchirappalli
"M A M College of Engineering, Trichy-Chennai Trunk Road, Siruganur, Tiruchirappalli-621105. (3810)",Computer Science and Engineering (Cyber Security) (SC),111.5,101.0,,102.5,107.5,,,Tiruchirappalli
"M A M College of Engineering, Trichy-Chennai Trunk Road, Siruganur, Tiruchirappalli-621105. (3810)",ELECTRICAL AND ELECTRONICS ENGINEERING (EE),95.0,85.5,,90.0,,,,Tiruchirappalli
"M A M College of Engineering, Trichy-Chennai Trunk Road, Siruganur, Tiruchirappalli-621105. (3810)",ELECTRONICS AND COMMUNICATION ENGINEERING (EC),121.0,94.5,89.0,97.5,87.0,,,Tiruchirappalli
"M A M College of Engineering, Trichy-Chennai Trunk Road, Siruganur, Tiruchirappalli-621105. (3810)",ELECTRONICS AND INSTRUMENTATION ENGINEERING (EI),98.5,94.5,,93.0,,,,Tiruchirappalli
"M A M College of Engineering, Trichy-Chennai Trunk Road, Siruganur, Tiruchirappalli-621105. (3810)",FOOD TECHNOLOGY (FD),90.0,,,,,,,Tiruchirappalli
"M A M College of Engineering, Trichy-Chennai Trunk Road, Siruganur, Tiruchirappalli-621105. (3810)",INFORMATION TECHNOLOGY (IT),127.5,97.5,113.5,110.0,95.5,,,Tiruchirappalli
"M A M College of Engineering, Trichy-Chennai Trunk Road, Siruganur, Tiruchirappalli-621105. (3810)",MECHANICAL ENGINEERING (ME),111.0,82.5,,87.0,85.0,87.0,,Tiruchirappalli
"M.A.M. College of Engineering and Technology, Trichy-Chennai Trunk Road, Siruganur, Manachanallur Taluk, Tiruchirappalli-621105. (3829)",Artificial Intelligence and Data Science (AD),158.0,138.0,142.5,120.5,125.5,116.5,,Tiruchirappalli
"M.A.M. College of Engineering and Technology, Trichy-Chennai Trunk Road, Siruganur, Manachanallur Taluk, Tiruchirappalli-621105. (3829)",CIVIL  ENGINEERING (CE),155.0,85.5,,95.5,96.0,,,Tiruchirappalli
"M.A.M. College of Engineering and Technology, Trichy-Chennai Trunk Road, Siruganur, Manachanallur Taluk, Tiruchirappalli-621105. (3829)",COMPUTER SCIENCE AND ENGINEERING (CS),137.5,116.5,132.0,111.5,100.0,,,Tiruchirappalli
"M.A.M. College of Engineering and Technology, Trichy-Chennai Trunk Road, Siruganur, Manachanallur Taluk, Tiruchirappalli-621105. (3829)",ELECTRICAL AND ELECTRONICS ENGINEERING (EE),122.0,80.0,,107.0,89.0,,,Tiruchirappalli
"M.A.M. College of Engineering and Technology, Trichy-Chennai Trunk Road, Siruganur, Manachanallur Taluk, Tiruchirappalli-621105. (3829)",ELECTRONICS AND COMMUNICATION ENGINEERING (EC),144.0,113.0,86.0,103.5,104.0,,,Tiruchirappalli
"M.A.M. College of Engineering and Technology, Trichy-Chennai Trunk Road, Siruganur, Manachanallur Taluk, Tiruchirappalli-621105. (3829)",INFORMATION TECHNOLOGY (IT),145.5,116.0,129.5,92.0,93.5,140.0,,Tiruchirappalli
"M.A.M. College of Engineering and Technology, Trichy-Chennai Trunk Road, Siruganur, Manachanallur Taluk, Tiruchirappalli-621105. (3829)",MECHANICAL ENGINEERING (ME),107.0,92.0,,100.0,82.5,,,Tiruchirappalli
"M.A.M. School of Engineering (Autonomous), Trichy-Chennai Trunk Road, Siruganur, Tiruchirappalli-621105. (3786)",AERONAUTICAL ENGINEERING (AE),96.5,,96.0,87.0,,,,Tiruchirappalli
"M.A.M. School of Engineering (Autonomous), Trichy-Chennai Trunk Road, Siruganur, Tiruchirappalli-621105. (3786)",Artificial Intelligence and Data Science (AD),152.0,102.0,,127.0,117.0,141.5,,Tiruchirappalli
"M.A.M. School of Engineering (Autonomous), Trichy-Chennai Trunk Road, Siruganur, Tiruchirappalli-621105. (3786)",BIO MEDICAL ENGINEERING (BM),135.5,96.0,,117.0,109.0,100.5,,Tiruchirappalli
"M.A.M. School of Engineering (Autonomous), Trichy-Chennai Trunk Road, Siruganur, Tiruchirappalli-621105. (3786)",COMPUTER SCIENCE AND ENGINEERING (CS),144.5,116.5,137.0,118.0,124.0,,,Tiruchirappalli
"M.A.M. School of Engineering (Autonomous), Trichy-Chennai Trunk Road, Siruganur, Tiruchirappalli-621105. (3786)",ELECTRICAL AND ELECTRONICS ENGINEERING (EE),96.0,,,,,,,Tiruchirappalli
"M.A.M. School of Engineering (Autonomous), Trichy-Chennai Trunk Road, Siruganur, Tiruchirappalli-621105. (3786)",ELECTRONICS AND COMMUNICATION ENGINEERING (EC),125.0,110.0,122.5,106.5,104.0,,,Tiruchirappalli
"M.A.M. School of Engineering (Autonomous), Trichy-Chennai Trunk Road, Siruganur, Tiruchirappalli-621105. (3786)",INFORMATION TECHNOLOGY (IT),154.5,118.5,,118.5,88.0,126.5,,Tiruchirappalli
"M.A.M. School of Engineering (Autonomous), Trichy-Chennai Trunk Road, Siruganur, Tiruchirappalli-621105. (3786)",MECHANICAL ENGINEERING (ME),96.0,90.0,,,,,,Tiruchirappalli
"M.A.M. School of Engineering (Autonomous), Trichy-Chennai Trunk Road, Siruganur, Tiruchirappalli-621105. (3786)",Mechatronics Engineering (MZ),88.0,,,,,,,Tiruchirappalli
"M.E.T. Engineering College, No.13/142A9/9,Mogals Garden, Chenbagaramanputhur, Thovalai Taluk, Kanyakumari district, Nagercoil-629304. (4929)",Artificial Intelligence and Data Science (AD),86.0,,,,,,,Other
"M.E.T. Engineering College, No.13/142A9/9,Mogals Garden, Chenbagaramanputhur, Thovalai Taluk, Kanyakumari district, Nagercoil-629304. (4929)",CIVIL  ENGINEERING (CE),,,,,,,,Other
"M.E.T. Engineering College, No.13/142A9/9,Mogals Garden, Chenbagaramanputhur, Thovalai Taluk, Kanyakumari district, Nagercoil-629304. (4929)",COMPUTER SCIENCE AND ENGINEERING (CS),89.5,,,,,,,Other
"M.E.T. Engineering College, No.13/142A9/9,Mogals Garden, Chenbagaramanputhur, Thovalai Taluk, Kanyakumari district, Nagercoil-629304. (4929)",ELECTRICAL AND ELECTRONICS ENGINEERING (EE),,,,,,,,Other
"M.E.T. Engineering College, No.13/142A9/9,Mogals Garden, Chenbagaramanputhur, Thovalai Taluk, Kanyakumari district, Nagercoil-629304. (4929)",ELECTRONICS AND COMMUNICATION ENGINEERING (EC),104.0,,,,,,,Other
"M.E.T. Engineering College, No.13/142A9/9,Mogals Garden, Chenbagaramanputhur, Thovalai Taluk, Kanyakumari district, Nagercoil-629304. (4929)",MECHANICAL ENGINEERING (ME),,,,,,,,Other
"M.I.E.T. Engineering College (Autonomous), Trichy - Pudukkottai Road, Gundur, Tiruchirappalli-620007. (3811)",Artificial Intelligence and Data Science (AD),146.5,112.0,145.0,110.0,100.0,,,Tiruchirappalli
"M.I.E.T. Engineering College (Autonomous), Trichy - Pudukkottai Road, Gundur, Tiruchirappalli-620007. (3811)",BIO MEDICAL ENGINEERING (BM),97.5,,,,,,,Tiruchirappalli
"M.I.E.T. Engineering College (Autonomous), Trichy - Pudukkottai Road, Gundur, Tiruchirappalli-620007. (3811)",CIVIL  ENGINEERING (CE),87.5,,,,,,,Tiruchirappalli
"M.I.E.T. Engineering College (Autonomous), Trichy - Pudukkottai Road, Gundur, Tiruchirappalli-620007. (3811)",COMPUTER SCIENCE AND ENGINEERING (CS),125.5,89.0,95.0,99.5,84.5,111.0,113.5,Tiruchirappalli
"M.I.E.T. Engineering College (Autonomous), Trichy - Pudukkottai Road, Gundur, Tiruchirappalli-620007. (3811)",ELECTRICAL AND ELECTRONICS ENGINEERING (EE),86.5,,,,,,,Tiruchirappalli
"M.I.E.T. Engineering College (Autonomous), Trichy - Pudukkottai Road, Gundur, Tiruchirappalli-620007. (3811)",ELECTRONICS AND COMMUNICATION ENGINEERING (EC),117.5,96.5,117.0,103.0,,,,Tiruchirappalli
"M.I.E.T. Engineering College (Autonomous), Trichy - Pudukkottai Road, Gundur, Tiruchirappalli-620007. (3811)",INFORMATION TECHNOLOGY (IT),122.5,88.5,94.5,95.5,89.5,,,Tiruchirappalli
"M.I.E.T. Engineering College (Autonomous), Trichy - Pudukkottai Road, Gundur, Tiruchirappalli-620007. (3811)",MECHANICAL ENGINEERING (ME),87.0,,,,,,,Tiruchirappalli
"M.Kumarasamy College of Engineering (Autonomous), Thalavapalayam Post,Punjai Thottakkurichi Village, Karur Tk, Karur-639113. (2608)",Artificial Intelligence and Data Science (AD),168.5,159.0,148.5,148.5,101.5,108.0,,Karur
"M.Kumarasamy College of Engineering (Autonomous), Thalavapalayam Post,Punjai Thottakkurichi Village, Karur Tk, Karur-639113. (2608)",CIVIL  ENGINEERING (CE),143.5,107.0,,124.0,112.0,110.0,,Karur
"M.Kumarasamy College of Engineering (Autonomous), Thalavapalayam Post,Punjai Thottakkurichi Village, Karur Tk, Karur-639113. (2608)",COMPUTER SCIENCE AND BUSSINESS SYSTEM (CB),160.5,151.0,140.0,141.5,102.0,,,Karur
"M.Kumarasamy College of Engineering (Autonomous), Thalavapalayam Post,Punjai Thottakkurichi Village, Karur Tk, Karur-639113. (2608)",COMPUTER SCIENCE AND ENGINEERING (CS),174.5,169.0,130.5,155.5,95.5,108.5,,Karur
"M.Kumarasamy College of Engineering (Autonomous), Thalavapalayam Post,Punjai Thottakkurichi Village, Karur Tk, Karur-639113. (2608)",COMPUTER SCIENCE AND ENGINEERING (AI AND MACHINE LEARNING) (AM),165.0,156.5,150.0,143.5,118.5,,,Karur
"M.Kumarasamy College of Engineering (Autonomous), Thalavapalayam Post,Punjai Thottakkurichi Village, Karur Tk, Karur-639113. (2608)",ELECTRICAL AND ELECTRONICS ENGINEERING (EE),145.0,136.5,100.5,120.5,,,,Karur
"M.Kumarasamy College of Engineering (Autonomous), Thalavapalayam Post,Punjai Thottakkurichi Village, Karur Tk, Karur-639113. (2608)",ELECTRONICS AND COMMUNICATION ENGINEERING (EC),163.5,152.5,113.0,142.0,86.0,127.0,,Karur
"M.Kumarasamy College of Engineering (Autonomous), Thalavapalayam Post,Punjai Thottakkurichi Village, Karur Tk, Karur-639113. (2608)",Electronics Engineering (VLSI Design and Technology) (EV),152.0,137.5,,118.5,,,,Karur
"M.Kumarasamy College of Engineering (Autonomous), Thalavapalayam Post,Punjai Thottakkurichi Village, Karur Tk, Karur-639113. (2608)",INFORMATION TECHNOLOGY (IT),167.5,160.5,133.5,147.5,111.5,116.5,,Karur
"M.Kumarasamy College of Engineering (Autonomous), Thalavapalayam Post,Punjai Thottakkurichi Village, Karur Tk, Karur-639113. (2608)",MECHANICAL ENGINEERING (ME),129.5,99.0,,95.0,,,,Karur
"M.P.Nachimuthu M.Jaganathan Engineering College, Chennimalai, Erode-638112. (2713)",CIVIL  ENGINEERING (CE),105.0,,,,,,,Erode
"M.P.Nachimuthu M.Jaganathan Engineering College, Chennimalai, Erode-638112. (2713)",COMPUTER SCIENCE AND ENGINEERING (CS),132.0,86.5,,86.5,93.0,89.0,108.0,Erode
"M.P.Nachimuthu M.Jaganathan Engineering College, Chennimalai, Erode-638112. (2713)",ELECTRICAL AND ELECTRONICS ENGINEERING (EE),83.5,,,,,,,Erode
"M.P.Nachimuthu M.Jaganathan Engineering College, Chennimalai, Erode-638112. (2713)",ELECTRONICS AND COMMUNICATION ENGINEERING (EC),116.5,102.5,,97.0,85.0,96.5,,Erode
"M.P.Nachimuthu M.Jaganathan Engineering College, Chennimalai, Erode-638112. (2713)",INFORMATION TECHNOLOGY (IT),125.5,84.5,,80.5,90.0,106.0,106.5,Erode
"M.P.Nachimuthu M.Jaganathan Engineering College, Chennimalai, Erode-638112. (2713)",MECHANICAL ENGINEERING (ME),88.5,,,,80.0,,,Erode
"Madha Engineering College, Madha Nagar,Somangalam Road, Kundrathur, Kanchipuram, Chennai-600069. (1411)",AERONAUTICAL ENGINEERING (AE),110.5,,,,,,,Chennai
"Madha Engineering College, Madha Nagar,Somangalam Road, Kundrathur, Kanchipuram, Chennai-600069. (1411)",Artificial Intelligence and Data Science (AD),150.5,129.5,,118.5,113.0,,,Chennai
"Madha Engineering College, Madha Nagar,Somangalam Road, Kundrathur, Kanchipuram, Chennai-600069. (1411)",BIO MEDICAL ENGINEERING (BM),124.5,,,86.0,104.0,,,Chennai
"Madha Engineering College, Madha Nagar,Somangalam Road, Kundrathur, Kanchipuram, Chennai-600069. (1411)",BIO TECHNOLOGY (BT),125.0,121.0,,107.5,115.5,,,Chennai
"Madha Engineering College, Madha Nagar,Somangalam Road, Kundrathur, Kanchipuram, Chennai-600069. (1411)",COMPUTER SCIENCE AND BUSSINESS SYSTEM (CB),98.0,,,,,,,Chennai
"Madha Engineering College, Madha Nagar,Somangalam Road, Kundrathur, Kanchipuram, Chennai-600069. (1411)",COMPUTER SCIENCE AND ENGINEERING (CS),141.0,93.0,124.0,98.5,119.0,,,Chennai
"Madha Engineering College, Madha Nagar,Somangalam Road, Kundrathur, Kanchipuram, Chennai-600069. (1411)",COMPUTER SCIENCE AND ENGINEERING (AI AND MACHINE LEARNING) (AM),125.0,100.5,,,,,,Chennai
"Madha Engineering College, Madha Nagar,Somangalam Road, Kundrathur, Kanchipuram, Chennai-600069. (1411)",ELECTRICAL AND ELECTRONICS ENGINEERING (EE),90.5,,,,,,,Chennai
"Madha Engineering College, Madha Nagar,Somangalam Road, Kundrathur, Kanchipuram, Chennai-600069. (1411)",ELECTRONICS AND COMMUNICATION ENGINEERING (EC),118.0,94.5,,105.0,,,,Chennai
"Madha Engineering College, Madha Nagar,Somangalam Road, Kundrathur, Kanchipuram, Chennai-600069. (1411)",INFORMATION TECHNOLOGY (IT),134.5,118.0,,117.5,100.5,,,Chennai
"Madha Engineering College, Madha Nagar,Somangalam Road, Kundrathur, Kanchipuram, Chennai-600069. (1411)",MECHANICAL ENGINEERING (ME),92.0,,,,,,,Chennai
"Madha Institute of Engineering and Technology, Irandaam Kattalai, Sadhananthapuram, Thandalam post, Chennai-600122. (1243)",Artificial Intelligence and Data Science (AD),111.5,84.5,,94.0,83.5,,,Chennai
"Madha Institute of Engineering and Technology, Irandaam Kattalai, Sadhananthapuram, Thandalam post, Chennai-600122. (1243)",CIVIL  ENGINEERING (CE),,,,,,,,Chennai
"Madha Institute of Engineering and Technology, Irandaam Kattalai, Sadhananthapuram, Thandalam post, Chennai-600122. (1243)",COMPUTER SCIENCE AND ENGINEERING (CS),103.5,102.5,,,100.5,,,Chennai
"Madha Institute of Engineering and Technology, Irandaam Kattalai, Sadhananthapuram, Thandalam post, Chennai-600122. (1243)",Computer Science and Engineering (Cyber Security) (SC),103.5,,,,,,,Chennai
"Madha Institute of Engineering and Technology, Irandaam Kattalai, Sadhananthapuram, Thandalam post, Chennai-600122. (1243)",ELECTRICAL AND ELECTRONICS ENGINEERING (EE),,,,,,,,Chennai
"Madha Institute of Engineering and Technology, Irandaam Kattalai, Sadhananthapuram, Thandalam post, Chennai-600122. (1243)",ELECTRONICS AND COMMUNICATION ENGINEERING (EC),97.0,,,,,,,Chennai
"Madha Institute of Engineering and Technology, Irandaam Kattalai, Sadhananthapuram, Thandalam post, Chennai-600122. (1243)",INFORMATION TECHNOLOGY (IT),84.0,,,,,,,Chennai
"Madha Institute of Engineering and Technology, Irandaam Kattalai, Sadhananthapuram, Thandalam post, Chennai-600122. (1243)",MECHANICAL ENGINEERING (ME),,,,,,,,Chennai
"Maha Barathi Engineering College, A. Vasudevanur (post), Chinnasalem, Kallakurichi (Taluk), Villupuram-606201. (1430)",Artificial Intelligence and Data Science (AD),108.5,99.0,,97.5,80.5,101.0,,Kallakurichi
"Maha Barathi Engineering College, A. Vasudevanur (post), Chinnasalem, Kallakurichi (Taluk), Villupuram-606201. (1430)",CIVIL  ENGINEERING (CE),86.0,,,,,,,Kallakurichi
"Maha Barathi Engineering College, A. Vasudevanur (post), Chinnasalem, Kallakurichi (Taluk), Villupuram-606201. (1430)",COMPUTER SCIENCE AND ENGINEERING (CS),99.5,89.5,92.5,87.5,84.5,92.0,,Kallakurichi
"Maha Barathi Engineering College, A. Vasudevanur (post), Chinnasalem, Kallakurichi (Taluk), Villupuram-606201. (1430)",ELECTRICAL AND ELECTRONICS ENGINEERING (EE),107.0,,,99.0,98.5,87.0,,Kallakurichi
"Maha Barathi Engineering College, A. Vasudevanur (post), Chinnasalem, Kallakurichi (Taluk), Villupuram-606201. (1430)",ELECTRONICS AND COMMUNICATION ENGINEERING (EC),122.5,87.0,,86.5,99.5,105.0,,Kallakurichi
"Maha Barathi Engineering College, A. Vasudevanur (post), Chinnasalem, Kallakurichi (Taluk), Villupuram-606201. (1430)",MECHANICAL ENGINEERING (ME),104.5,,,88.0,86.0,84.0,,Kallakurichi
"Mahakavi Bharathiyar College of Engineering and Technology, Kovil Nagar, Vasudevanallur, Sivagiri Taluk, Tirunelveli District -627758. (4998)",CIVIL  ENGINEERING (CE),,,,,,,,Tirunelveli
"Mahakavi Bharathiyar College of Engineering and Technology, Kovil Nagar, Vasudevanallur, Sivagiri Taluk, Tirunelveli District -627758. (4998)",COMPUTER SCIENCE AND ENGINEERING (CS),87.5,,,,,,,Tirunelveli
"Mahakavi Bharathiyar College of Engineering and Technology, Kovil Nagar, Vasudevanallur, Sivagiri Taluk, Tirunelveli District -627758. (4998)",ELECTRICAL AND ELECTRONICS ENGINEERING (EE),,,,,,,,Tirunelveli
"Mahakavi Bharathiyar College of Engineering and Technology, Kovil Nagar, Vasudevanallur, Sivagiri Taluk, Tirunelveli District -627758. (4998)",ELECTRONICS AND COMMUNICATION ENGINEERING (EC),,,,,,,,Tirunelveli
"Mahakavi Bharathiyar College of Engineering and Technology, Kovil Nagar, Vasudevanallur, Sivagiri Taluk, Tirunelveli District -627758. (4998)",MECHANICAL ENGINEERING (ME),,,,,,,,Tirunelveli
"Mahalakshmi Tech Campus (formerly Mahalakshmi Engineering College), No.1 Bharathiyar Street, Prashanthi Nagar, Chromepet,Chennai-600044. (1339)",Artificial Intelligence and Data Science (AD),107.0,,,,,,,Chennai
"Mahalakshmi Tech Campus (formerly Mahalakshmi Engineering College), No.1 Bharathiyar Street, Prashanthi Nagar, Chromepet,Chennai-600044. (1339)",CIVIL  ENGINEERING (CE),,,,,,,,Chennai
"Mahalakshmi Tech Campus (formerly Mahalakshmi Engineering College), No.1 Bharathiyar Street, Prashanthi Nagar, Chromepet,Chennai-600044. (1339)",COMPUTER SCIENCE AND ENGINEERING (CS),85.0,,,,,,,Chennai
"Mahalakshmi Tech Campus (formerly Mahalakshmi Engineering College), No.1 Bharathiyar Street, Prashanthi Nagar, Chromepet,Chennai-600044. (1339)",ELECTRICAL AND ELECTRONICS ENGINEERING (EE),,,,,,,,Chennai
"Mahalakshmi Tech Campus (formerly Mahalakshmi Engineering College), No.1 Bharathiyar Street, Prashanthi Nagar, Chromepet,Chennai-600044. (1339)",ELECTRONICS AND COMMUNICATION ENGINEERING (EC),162.0,,,,,,,Chennai
"Mahalakshmi Tech Campus (formerly Mahalakshmi Engineering College), No.1 Bharathiyar Street, Prashanthi Nagar, Chromepet,Chennai-600044. (1339)",MECHANICAL ENGINEERING (ME),,,,,,,,Chennai
"Mahath Amma Institute of Engineering and Technology, Ariyur, Mathiyanaloor-Post, Annavasal Road, Illupur Taluk, Pudukkottai-622101. (3854)",AGRICULTURAL ENGINEERING (AG),87.5,,,,,,,Pudukkottai
"Mahath Amma Institute of Engineering and Technology, Ariyur, Mathiyanaloor-Post, Annavasal Road, Illupur Taluk, Pudukkottai-622101. (3854)",Artificial Intelligence and Data Science (AD),101.0,88.5,,,,,,Pudukkottai
"Mahath Amma Institute of Engineering and Technology, Ariyur, Mathiyanaloor-Post, Annavasal Road, Illupur Taluk, Pudukkottai-622101. (3854)",CIVIL  ENGINEERING (CE),,,,,,,,Pudukkottai
"Mahath Amma Institute of Engineering and Technology, Ariyur, Mathiyanaloor-Post, Annavasal Road, Illupur Taluk, Pudukkottai-622101. (3854)",COMPUTER SCIENCE AND ENGINEERING (CS),80.0,,,,,,,Pudukkottai
"Mahath Amma Institute of Engineering and Technology, Ariyur, Mathiyanaloor-Post, Annavasal Road, Illupur Taluk, Pudukkottai-622101. (3854)",Computer Science and Engineering (Cyber Security) (SC),93.5,,,,,,,Pudukkottai
"Mahath Amma Institute of Engineering and Technology, Ariyur, Mathiyanaloor-Post, Annavasal Road, Illupur Taluk, Pudukkottai-622101. (3854)",ELECTRICAL AND ELECTRONICS ENGINEERING (EE),97.0,,,,,,,Pudukkottai
"Mahath Amma Institute of Engineering and Technology, Ariyur, Mathiyanaloor-Post, Annavasal Road, Illupur Taluk, Pudukkottai-622101. (3854)",INFORMATION TECHNOLOGY (IT),89.0,,,,,,,Pudukkottai
"Mahath Amma Institute of Engineering and Technology, Ariyur, Mathiyanaloor-Post, Annavasal Road, Illupur Taluk, Pudukkottai-622101. (3854)",MECHANICAL ENGINEERING (ME),90.5,,,,,,,Pudukkottai
"Mahendra College of Engineering, 12th KM Attur Main Road, Minnampalli, Salem-636106. (2623)",Artificial Intelligence and Data Science (AD),132.5,92.0,106.0,103.0,105.5,,,Salem
"Mahendra College of Engineering, 12th KM Attur Main Road, Minnampalli, Salem-636106. (2623)",BIO MEDICAL ENGINEERING (BM),110.5,89.0,108.0,99.0,105.0,107.5,,Salem
"Mahendra College of Engineering, 12th KM Attur Main Road, Minnampalli, Salem-636106. (2623)",COMPUTER SCIENCE AND ENGINEERING (CS),130.0,93.0,92.0,108.0,92.5,,95.0,Salem
"Mahendra College of Engineering, 12th KM Attur Main Road, Minnampalli, Salem-636106. (2623)",ELECTRONICS AND COMMUNICATION ENGINEERING (EC),138.5,105.5,112.5,127.5,91.0,115.5,,Salem
"Mahendra College of Engineering, 12th KM Attur Main Road, Minnampalli, Salem-636106. (2623)",INFORMATION TECHNOLOGY (IT),124.5,80.5,100.0,107.5,89.0,,,Salem
"Mahendra Engineering College (Autonomous), Mahendhirapuri, Mallasamudram West, Vadugapalayam Post,Tiruchengodu Taluk, Namakkal District-637503. (2609)",AERONAUTICAL ENGINEERING (AE),116.0,89.0,115.5,100.0,103.5,,104.5,Namakkal
"Mahendra Engineering College (Autonomous), Mahendhirapuri, Mallasamudram West, Vadugapalayam Post,Tiruchengodu Taluk, Namakkal District-637503. (2609)",AGRICULTURAL ENGINEERING (AG),121.0,80.0,,96.0,,,,Namakkal
"Mahendra Engineering College (Autonomous), Mahendhirapuri, Mallasamudram West, Vadugapalayam Post,Tiruchengodu Taluk, Namakkal District-637503. (2609)",Artificial Intelligence and Data Science (AD),145.5,117.5,116.5,122.0,94.5,116.0,99.0,Namakkal
"Mahendra Engineering College (Autonomous), Mahendhirapuri, Mallasamudram West, Vadugapalayam Post,Tiruchengodu Taluk, Namakkal District-637503. (2609)",CIVIL  ENGINEERING (CE),96.5,87.5,,86.0,,,,Namakkal
"Mahendra Engineering College (Autonomous), Mahendhirapuri, Mallasamudram West, Vadugapalayam Post,Tiruchengodu Taluk, Namakkal District-637503. (2609)",COMPUTER SCIENCE AND ENGINEERING (CS),147.0,131.5,83.0,132.5,90.5,104.5,108.5,Namakkal
"Mahendra Engineering College (Autonomous), Mahendhirapuri, Mallasamudram West, Vadugapalayam Post,Tiruchengodu Taluk, Namakkal District-637503. (2609)",Cyber Security (CY),130.0,115.5,87.0,116.0,80.5,98.0,83.0,Namakkal
"Mahendra Engineering College (Autonomous), Mahendhirapuri, Mallasamudram West, Vadugapalayam Post,Tiruchengodu Taluk, Namakkal District-637503. (2609)",ELECTRICAL AND ELECTRONICS ENGINEERING (EE),115.0,92.5,82.0,101.5,83.0,95.0,,Namakkal
"Mahendra Engineering College (Autonomous), Mahendhirapuri, Mallasamudram West, Vadugapalayam Post,Tiruchengodu Taluk, Namakkal District-637503. (2609)",ELECTRONICS AND COMMUNICATION ENGINEERING (EC),136.5,118.5,100.0,116.0,82.5,103.5,,Namakkal
"Mahendra Engineering College (Autonomous), Mahendhirapuri, Mallasamudram West, Vadugapalayam Post,Tiruchengodu Taluk, Namakkal District-637503. (2609)",INFORMATION TECHNOLOGY (IT),144.5,116.5,101.0,135.5,115.0,112.5,,Namakkal
"Mahendra Engineering College (Autonomous), Mahendhirapuri, Mallasamudram West, Vadugapalayam Post,Tiruchengodu Taluk, Namakkal District-637503. (2609)",MECHANICAL ENGINEERING (ME),122.0,93.0,95.5,100.5,94.0,97.5,,Namakkal
"Mahendra Engineering College (Autonomous), Mahendhirapuri, Mallasamudram West, Vadugapalayam Post,Tiruchengodu Taluk, Namakkal District-637503. (2609)",Mechatronics Engineering (MZ),111.0,91.5,,98.0,89.5,,,Namakkal
"Mahendra Engineering College (Autonomous), Mahendhirapuri, Mallasamudram West, Vadugapalayam Post,Tiruchengodu Taluk, Namakkal District-637503. (2609)",PHARMACEUTICAL TECHNOLOGY (PH),108.0,94.5,,85.0,102.0,101.0,,Namakkal
"Mahendra Engineering College for Women, Komaramanagalam Post,Tiruchengode Taluk,Namakkal District-637205. (2638)",COMPUTER SCIENCE AND ENGINEERING (CS),109.0,86.5,,91.0,85.0,,,Namakkal
"Mahendra Engineering College for Women, Komaramanagalam Post,Tiruchengode Taluk,Namakkal District-637205. (2638)",ELECTRICAL AND ELECTRONICS ENGINEERING (EE),98.5,,,,,,,Namakkal
"Mahendra Engineering College for Women, Komaramanagalam Post,Tiruchengode Taluk,Namakkal District-637205. (2638)",INFORMATION TECHNOLOGY (IT),97.5,95.5,,83.0,86.0,,,Namakkal
"Mahendra Institute of Technology (Autonomous), Mahendhirapuri, Mallasamudram West, Vadugapalayam Post, Tiruchengodu Taluk, Namakkal District-637503. (2632)",BIO MEDICAL ENGINEERING (BM),124.5,98.0,,109.0,109.0,118.0,,Namakkal
"Mahendra Institute of Technology (Autonomous), Mahendhirapuri, Mallasamudram West, Vadugapalayam Post, Tiruchengodu Taluk, Namakkal District-637503. (2632)",COMPUTER SCIENCE AND ENGINEERING (CS),132.5,105.5,84.0,116.5,82.0,87.0,,Namakkal
"Mahendra Institute of Technology (Autonomous), Mahendhirapuri, Mallasamudram West, Vadugapalayam Post, Tiruchengodu Taluk, Namakkal District-637503. (2632)",COMPUTER SCIENCE AND ENGINEERING (AI AND MACHINE LEARNING) (AM),125.5,90.5,,113.5,,87.5,,Namakkal
"Mahendra Institute of Technology (Autonomous), Mahendhirapuri, Mallasamudram West, Vadugapalayam Post, Tiruchengodu Taluk, Namakkal District-637503. (2632)",ELECTRICAL AND ELECTRONICS ENGINEERING (EE),119.0,88.5,,106.5,87.5,,91.5,Namakkal
"Mahendra Institute of Technology (Autonomous), Mahendhirapuri, Mallasamudram West, Vadugapalayam Post, Tiruchengodu Taluk, Namakkal District-637503. (2632)",ELECTRONICS AND COMMUNICATION ENGINEERING (EC),145.5,124.0,122.5,122.0,107.5,110.0,94.5,Namakkal
"Mahendra Institute of Technology (Autonomous), Mahendhirapuri, Mallasamudram West, Vadugapalayam Post, Tiruchengodu Taluk, Namakkal District-637503. (2632)",INFORMATION TECHNOLOGY (IT),131.0,110.0,86.5,121.5,96.5,121.5,,Namakkal
"Mailam Engineering College, Mailam, Tindivanam Taluk, Villupuram District-604304. (1412)",Artificial Intelligence and Data Science (AD),163.5,131.5,124.0,143.5,93.0,106.5,,Villupuram
"Mailam Engineering College, Mailam, Tindivanam Taluk, Villupuram District-604304. (1412)",CIVIL  ENGINEERING (CE),101.5,85.5,,87.0,85.0,,,Villupuram
"Mailam Engineering College, Mailam, Tindivanam Taluk, Villupuram District-604304. (1412)",COMPUTER SCIENCE AND BUSSINESS SYSTEM (CB),136.5,106.0,119.0,133.0,93.5,,,Villupuram
"Mailam Engineering College, Mailam, Tindivanam Taluk, Villupuram District-604304. (1412)",COMPUTER SCIENCE AND ENGINEERING (CS),163.5,141.5,132.0,148.0,134.5,,,Villupuram
"Mailam Engineering College, Mailam, Tindivanam Taluk, Villupuram District-604304. (1412)",ELECTRICAL AND ELECTRONICS ENGINEERING (EE),128.0,91.0,,115.5,85.5,,,Villupuram
"Mailam Engineering College, Mailam, Tindivanam Taluk, Villupuram District-604304. (1412)",ELECTRONICS AND COMMUNICATION ENGINEERING (EC),142.5,96.5,108.0,136.0,87.0,,,Villupuram
"Mailam Engineering College, Mailam, Tindivanam Taluk, Villupuram District-604304. (1412)",INFORMATION TECHNOLOGY (IT),155.0,124.5,131.5,142.5,131.0,,,Villupuram
"Mailam Engineering College, Mailam, Tindivanam Taluk, Villupuram District-604304. (1412)",MECHANICAL ENGINEERING (ME),97.5,,,85.0,82.5,,,Villupuram
"Mangayarkarasi College of Engineering, 7-1-139, 1st Street, Mangayarkarasi Nagar, Paravai, Madurai-625402. (5536)",AGRICULTURAL ENGINEERING (AG),119.0,83.5,87.5,84.0,92.5,88.5,,Madurai
"Mangayarkarasi College of Engineering, 7-1-139, 1st Street, Mangayarkarasi Nagar, Paravai, Madurai-625402. (5536)",COMPUTER SCIENCE AND ENGINEERING (CS),156.5,132.5,103.5,100.0,100.5,107.5,,Madurai
"Mangayarkarasi College of Engineering, 7-1-139, 1st Street, Mangayarkarasi Nagar, Paravai, Madurai-625402. (5536)",COMPUTER SCIENCE AND ENGINEERING (AI AND MACHINE LEARNING) (AM),147.5,119.0,124.5,120.5,110.5,129.0,,Madurai
"Mangayarkarasi College of Engineering, 7-1-139, 1st Street, Mangayarkarasi Nagar, Paravai, Madurai-625402. (5536)",ELECTRICAL AND ELECTRONICS ENGINEERING (EE),115.5,92.5,108.0,93.0,87.0,95.0,,Madurai
"Mangayarkarasi College of Engineering, 7-1-139, 1st Street, Mangayarkarasi Nagar, Paravai, Madurai-625402. (5536)",ELECTRONICS AND COMMUNICATION ENGINEERING (EC),132.0,115.0,120.5,101.0,104.0,126.0,,Madurai
"Mangayarkarasi College of Engineering, 7-1-139, 1st Street, Mangayarkarasi Nagar, Paravai, Madurai-625402. (5536)",MECHANICAL ENGINEERING (ME),93.5,92.5,84.0,87.5,88.5,,,Madurai
"Mar Ephraem College of Engineering and Technology, Malankara Hills, Elavuvillai, Kanyakumari-629171. (4928)",Artificial Intelligence and Data Science (AD),134.5,105.0,,89.0,121.5,,,Other
"Mar Ephraem College of Engineering and Technology, Malankara Hills, Elavuvillai, Kanyakumari-629171. (4928)",CIVIL  ENGINEERING (CE),92.5,,,,,,,Other
"Mar Ephraem College of Engineering and Technology, Malankara Hills, Elavuvillai, Kanyakumari-629171. (4928)",COMPUTER SCIENCE AND ENGINEERING (CS),137.0,108.0,,97.5,,,,Other
"Mar Ephraem College of Engineering and Technology, Malankara Hills, Elavuvillai, Kanyakumari-629171. (4928)",ELECTRICAL AND ELECTRONICS ENGINEERING (EE),91.5,,,,,,,Other
"Mar Ephraem College of Engineering and Technology, Malankara Hills, Elavuvillai, Kanyakumari-629171. (4928)",ELECTRONICS AND COMMUNICATION ENGINEERING (EC),105.0,94.0,,96.0,,,,Other
"Mar Ephraem College of Engineering and Technology, Malankara Hills, Elavuvillai, Kanyakumari-629171. (4928)",MECHANICAL ENGINEERING (ME),105.5,85.0,,,,,,Other
"Maria College of Engineering and Technology, Attoor Puliyamoodu Junction, Thiruvattar P.O, Attoor, Kanyakumari-629177. (4927)",AUTOMOBILE ENGINEERING (AU),,,,,,,,Other
"Maria College of Engineering and Technology, Attoor Puliyamoodu Junction, Thiruvattar P.O, Attoor, Kanyakumari-629177. (4927)",CIVIL  ENGINEERING (CE),,,,,,,,Other
"Maria College of Engineering and Technology, Attoor Puliyamoodu Junction, Thiruvattar P.O, Attoor, Kanyakumari-629177. (4927)",COMPUTER SCIENCE AND ENGINEERING (CS),113.5,86.5,86.0,,,,,Other
"Maria College of Engineering and Technology, Attoor Puliyamoodu Junction, Thiruvattar P.O, Attoor, Kanyakumari-629177. (4927)",ELECTRICAL AND ELECTRONICS ENGINEERING (EE),101.0,,,,,,,Other
"Maria College of Engineering and Technology, Attoor Puliyamoodu Junction, Thiruvattar P.O, Attoor, Kanyakumari-629177. (4927)",ELECTRONICS AND COMMUNICATION ENGINEERING (EC),,,,,,,,Other
"Maria College of Engineering and Technology, Attoor Puliyamoodu Junction, Thiruvattar P.O, Attoor, Kanyakumari-629177. (4927)",MECHANICAL ENGINEERING (ME),95.5,,,,,,,Other
"Marthandam College of Engineering and Technology, P.M.Village Road,Kuttakuzhi, Veeyannoor Post, Marthandam, Kanyakumari District-629177. (4984)",Artificial Intelligence and Data Science (AD),97.5,,,,,,,Other
"Marthandam College of Engineering and Technology, P.M.Village Road,Kuttakuzhi, Veeyannoor Post, Marthandam, Kanyakumari District-629177. (4984)",CIVIL  ENGINEERING (CE),,,,,,,,Other
"Marthandam College of Engineering and Technology, P.M.Village Road,Kuttakuzhi, Veeyannoor Post, Marthandam, Kanyakumari District-629177. (4984)",COMPUTER SCIENCE AND ENGINEERING (CS),89.5,,,,,,,Other
"Marthandam College of Engineering and Technology, P.M.Village Road,Kuttakuzhi, Veeyannoor Post, Marthandam, Kanyakumari District-629177. (4984)",ELECTRICAL AND ELECTRONICS ENGINEERING (EE),,,,,,,,Other
"Marthandam College of Engineering and Technology, P.M.Village Road,Kuttakuzhi, Veeyannoor Post, Marthandam, Kanyakumari District-629177. (4984)",ELECTRONICS AND COMMUNICATION ENGINEERING (EC),97.5,,,,,,,Other
"Marthandam College of Engineering and Technology, P.M.Village Road,Kuttakuzhi, Veeyannoor Post, Marthandam, Kanyakumari District-629177. (4984)",INFORMATION TECHNOLOGY (IT),91.5,,,,,,,Other
"Marthandam College of Engineering and Technology, P.M.Village Road,Kuttakuzhi, Veeyannoor Post, Marthandam, Kanyakumari District-629177. (4984)",MECHANICAL ENGINEERING (ME),83.5,,,,,,,Other
"Meenakshi College of Engineering, 12,Vembuli Amman Koil Street, West K K Nagar, Chennai-600078. (1509)",Artificial Intelligence and Data Science (AD),157.0,143.5,135.0,150.5,127.5,107.5,,Chennai
"Meenakshi College of Engineering, 12,Vembuli Amman Koil Street, West K K Nagar, Chennai-600078. (1509)",CIVIL  ENGINEERING (CE),119.5,,,,,,,Chennai
"Meenakshi College of Engineering, 12,Vembuli Amman Koil Street, West K K Nagar, Chennai-600078. (1509)",COMPUTER SCIENCE AND ENGINEERING (CS),155.5,136.0,147.5,142.0,114.0,99.5,,Chennai
"Meenakshi College of Engineering, 12,Vembuli Amman Koil Street, West K K Nagar, Chennai-600078. (1509)",COMPUTER SCIENCE AND ENGINEERING (AI AND MACHINE LEARNING) (AM),140.5,125.0,131.0,127.5,108.5,109.0,,Chennai
"Meenakshi College of Engineering, 12,Vembuli Amman Koil Street, West K K Nagar, Chennai-600078. (1509)",ELECTRICAL AND ELECTRONICS ENGINEERING (EE),111.5,,,,,,,Chennai
"Meenakshi College of Engineering, 12,Vembuli Amman Koil Street, West K K Nagar, Chennai-600078. (1509)",ELECTRONICS AND COMMUNICATION ENGINEERING (EC),130.5,100.5,,87.0,102.0,,,Chennai
"Meenakshi College of Engineering, 12,Vembuli Amman Koil Street, West K K Nagar, Chennai-600078. (1509)",ELECTRONICS AND INSTRUMENTATION ENGINEERING (EI),87.0,,,,,,,Chennai
"Meenakshi College of Engineering, 12,Vembuli Amman Koil Street, West K K Nagar, Chennai-600078. (1509)",INFORMATION TECHNOLOGY (IT),147.0,131.0,125.0,131.5,107.0,,,Chennai
"Meenakshi College of Engineering, 12,Vembuli Amman Koil Street, West K K Nagar, Chennai-600078. (1509)",MECHANICAL ENGINEERING (ME),94.0,,,,,,,Chennai
"Meenakshi Ramaswamy Engineering College, M.R.Kalvi Nagar, Thathanur Post, Udayarpalayam Taluk, Ariyalur District-621804. (3857)",AGRICULTURAL ENGINEERING (AG),86.5,,,,,,,Ariyalur
"Meenakshi Ramaswamy Engineering College, M.R.Kalvi Nagar, Thathanur Post, Udayarpalayam Taluk, Ariyalur District-621804. (3857)",BIO MEDICAL ENGINEERING (BM),115.5,99.5,,88.0,95.0,,,Ariyalur
"Meenakshi Ramaswamy Engineering College, M.R.Kalvi Nagar, Thathanur Post, Udayarpalayam Taluk, Ariyalur District-621804. (3857)",CIVIL  ENGINEERING (CE),,,,,,,,Ariyalur
"Meenakshi Ramaswamy Engineering College, M.R.Kalvi Nagar, Thathanur Post, Udayarpalayam Taluk, Ariyalur District-621804. (3857)",COMPUTER SCIENCE AND ENGINEERING (CS),122.5,86.5,,87.0,83.0,,,Ariyalur
"Meenakshi Ramaswamy Engineering College, M.R.Kalvi Nagar, Thathanur Post, Udayarpalayam Taluk, Ariyalur District-621804. (3857)",COMPUTER SCIENCE AND ENGINEERING (AI AND MACHINE LEARNING) (AM),98.5,84.5,,87.0,,,,Ariyalur
"Meenakshi Ramaswamy Engineering College, M.R.Kalvi Nagar, Thathanur Post, Udayarpalayam Taluk, Ariyalur District-621804. (3857)",ELECTRICAL AND ELECTRONICS ENGINEERING (EE),88.0,,,,,,,Ariyalur
"Meenakshi Ramaswamy Engineering College, M.R.Kalvi Nagar, Thathanur Post, Udayarpalayam Taluk, Ariyalur District-621804. (3857)",ELECTRONICS AND COMMUNICATION ENGINEERING (EC),111.0,,,,96.5,,,Ariyalur
"Meenakshi Ramaswamy Engineering College, M.R.Kalvi Nagar, Thathanur Post, Udayarpalayam Taluk, Ariyalur District-621804. (3857)",MECHANICAL ENGINEERING (ME),91.0,,,,,,,Ariyalur
"Meenakshi Sundararajan Engineering College (Autonomous), C/O I.I.E.T Society No.363, Arcot Road, Kodambakkam, Chennai-600024. (1309)",Artificial Intelligence and Data Science (AD),172.0,166.0,170.0,163.5,142.5,134.5,,Chennai
"Meenakshi Sundararajan Engineering College (Autonomous), C/O I.I.E.T Society No.363, Arcot Road, Kodambakkam, Chennai-600024. (1309)",CIVIL  ENGINEERING (CE),128.0,105.0,110.5,97.5,104.5,,,Chennai
"Meenakshi Sundararajan Engineering College (Autonomous), C/O I.I.E.T Society No.363, Arcot Road, Kodambakkam, Chennai-600024. (1309)",COMPUTER SCIENCE AND ENGINEERING (CS),179.5,173.5,172.5,165.0,164.0,132.0,133.0,Chennai
"Meenakshi Sundararajan Engineering College (Autonomous), C/O I.I.E.T Society No.363, Arcot Road, Kodambakkam, Chennai-600024. (1309)",ELECTRICAL AND ELECTRONICS ENGINEERING (EE),160.5,154.0,143.0,146.0,117.5,,,Chennai
"Meenakshi Sundararajan Engineering College (Autonomous), C/O I.I.E.T Society No.363, Arcot Road, Kodambakkam, Chennai-600024. (1309)",ELECTRONICS AND COMMUNICATION ENGINEERING (EC),172.5,165.5,169.5,161.5,132.0,116.0,,Chennai
"Meenakshi Sundararajan Engineering College (Autonomous), C/O I.I.E.T Society No.363, Arcot Road, Kodambakkam, Chennai-600024. (1309)",INFORMATION TECHNOLOGY (IT),172.5,167.5,170.5,162.5,146.5,112.5,112.0,Chennai
"Meenakshi Sundararajan Engineering College (Autonomous), C/O I.I.E.T Society No.363, Arcot Road, Kodambakkam, Chennai-600024. (1309)",MECHANICAL ENGINEERING (ME),149.0,125.0,113.0,120.5,118.5,,,Chennai
"Mepco Schlenk Engineering College (Autonomous), Sivakasi,Mepco Engineering College Post,Virudhunagar District-626005. (4960)",Artificial Intelligence and Data Science (AD),177.0,172.5,169.5,161.0,118.5,114.0,,Virudhunagar
"Mepco Schlenk Engineering College (Autonomous), Sivakasi,Mepco Engineering College Post,Virudhunagar District-626005. (4960)",BIO MEDICAL ENGINEERING (BM),160.5,142.5,152.0,133.0,118.5,,,Virudhunagar
"Mepco Schlenk Engineering College (Autonomous), Sivakasi,Mepco Engineering College Post,Virudhunagar District-626005. (4960)",BIO TECHNOLOGY (BT),162.5,147.5,,136.0,89.5,121.5,,Virudhunagar
"Mepco Schlenk Engineering College (Autonomous), Sivakasi,Mepco Engineering College Post,Virudhunagar District-626005. (4960)",CIVIL  ENGINEERING (CE),149.0,130.5,121.5,108.5,111.5,121.5,,Virudhunagar
"Mepco Schlenk Engineering College (Autonomous), Sivakasi,Mepco Engineering College Post,Virudhunagar District-626005. (4960)",COMPUTER SCIENCE AND ENGINEERING (CS),186.075,178.0,177.0,171.5,131.0,148.0,,Virudhunagar
"Mepco Schlenk Engineering College (Autonomous), Sivakasi,Mepco Engineering College Post,Virudhunagar District-626005. (4960)",ELECTRICAL AND ELECTRONICS ENGINEERING (EE),169.0,161.5,160.5,153.5,109.0,90.5,,Virudhunagar
"Mepco Schlenk Engineering College (Autonomous), Sivakasi,Mepco Engineering College Post,Virudhunagar District-626005. (4960)",ELECTRONICS AND COMMUNICATION ENGINEERING (EC),179.5,175.5,167.0,161.0,128.5,,,Virudhunagar
"Mepco Schlenk Engineering College (Autonomous), Sivakasi,Mepco Engineering College Post,Virudhunagar District-626005. (4960)",INFORMATION TECHNOLOGY (IT),177.0,174.0,166.5,163.5,130.0,,,Virudhunagar
"Mepco Schlenk Engineering College (Autonomous), Sivakasi,Mepco Engineering College Post,Virudhunagar District-626005. (4960)",MECHANICAL ENGINEERING (ME),156.0,141.5,142.5,129.5,90.0,,126.0,Virudhunagar
"Misrimal Navajee Munoth Jain Engineering College, Guru Marudhar Kesari Building, Jyothi Nagar, Thorapakkam, Chennai-600097. (1310)",Artificial Intelligence and Data Science (AD),154.0,136.5,125.0,135.5,112.0,,,Chennai
"Misrimal Navajee Munoth Jain Engineering College, Guru Marudhar Kesari Building, Jyothi Nagar, Thorapakkam, Chennai-600097. (1310)",CIVIL  ENGINEERING (CE),107.0,,,,,,,Chennai
"Misrimal Navajee Munoth Jain Engineering College, Guru Marudhar Kesari Building, Jyothi Nagar, Thorapakkam, Chennai-600097. (1310)",COMPUTER SCIENCE AND BUSSINESS SYSTEM (CB),147.0,126.5,,125.0,107.0,,,Chennai
"Misrimal Navajee Munoth Jain Engineering College, Guru Marudhar Kesari Building, Jyothi Nagar, Thorapakkam, Chennai-600097. (1310)",COMPUTER SCIENCE AND ENGINEERING (CS),164.0,142.5,125.0,151.0,114.5,,,Chennai
"Misrimal Navajee Munoth Jain Engineering College, Guru Marudhar Kesari Building, Jyothi Nagar, Thorapakkam, Chennai-600097. (1310)",ELECTRICAL AND ELECTRONICS ENGINEERING (EE),101.0,,,,,,,Chennai
"Misrimal Navajee Munoth Jain Engineering College, Guru Marudhar Kesari Building, Jyothi Nagar, Thorapakkam, Chennai-600097. (1310)",ELECTRONICS AND COMMUNICATION ENGINEERING (EC),142.0,116.5,134.5,109.5,107.0,,,Chennai
"Misrimal Navajee Munoth Jain Engineering College, Guru Marudhar Kesari Building, Jyothi Nagar, Thorapakkam, Chennai-600097. (1310)",INFORMATION TECHNOLOGY (IT),151.5,129.0,139.5,129.5,104.0,,,Chennai
"Misrimal Navajee Munoth Jain Engineering College, Guru Marudhar Kesari Building, Jyothi Nagar, Thorapakkam, Chennai-600097. (1310)",MECHANICAL ENGINEERING (ME),105.5,,,,,,,Chennai
"MNSK College of Engineering, Dhakshinapuram Village, Vallathirakottai (Post), Alangudi Taluk, Pudukkottai-622305. (3923)",AGRICULTURAL ENGINEERING (AG),96.5,,,,,,,Pudukkottai
"MNSK College of Engineering, Dhakshinapuram Village, Vallathirakottai (Post), Alangudi Taluk, Pudukkottai-622305. (3923)",Artificial Intelligence and Data Science (AD),85.0,,,,,,,Pudukkottai
"MNSK College of Engineering, Dhakshinapuram Village, Vallathirakottai (Post), Alangudi Taluk, Pudukkottai-622305. (3923)",CIVIL  ENGINEERING (CE),,,,,,,,Pudukkottai
"MNSK College of Engineering, Dhakshinapuram Village, Vallathirakottai (Post), Alangudi Taluk, Pudukkottai-622305. (3923)",COMPUTER SCIENCE AND ENGINEERING (CS),99.5,,,,,,,Pudukkottai
"MNSK College of Engineering, Dhakshinapuram Village, Vallathirakottai (Post), Alangudi Taluk, Pudukkottai-622305. (3923)",ELECTRICAL AND ELECTRONICS ENGINEERING (EE),,,,,,,,Pudukkottai
"MNSK College of Engineering, Dhakshinapuram Village, Vallathirakottai (Post), Alangudi Taluk, Pudukkottai-622305. (3923)",ELECTRONICS AND COMMUNICATION ENGINEERING (EC),,,,,,,,Pudukkottai
"MNSK College of Engineering, Dhakshinapuram Village, Vallathirakottai (Post), Alangudi Taluk, Pudukkottai-622305. (3923)",MECHANICAL ENGINEERING (ME),,,,,,,,Pudukkottai
"Mohamed Sathak A J College of Engineering (Autonomous), #34, Rajiv Gandhi Road(OMR), IT Highway, Siruseri, Egattur, Chennai-603103. (1301)",Artificial Intelligence and Data Science (AD),146.0,111.0,145.5,113.0,112.0,,,Chennai
"Mohamed Sathak A J College of Engineering (Autonomous), #34, Rajiv Gandhi Road(OMR), IT Highway, Siruseri, Egattur, Chennai-603103. (1301)",CIVIL  ENGINEERING (CE),118.0,116.5,86.0,,,,,Chennai
"Mohamed Sathak A J College of Engineering (Autonomous), #34, Rajiv Gandhi Road(OMR), IT Highway, Siruseri, Egattur, Chennai-603103. (1301)",COMPUTER SCIENCE AND BUSSINESS SYSTEM (CB),148.5,111.5,,,92.0,,,Chennai
"Mohamed Sathak A J College of Engineering (Autonomous), #34, Rajiv Gandhi Road(OMR), IT Highway, Siruseri, Egattur, Chennai-603103. (1301)",COMPUTER SCIENCE AND ENGINEERING (CS),162.5,123.0,160.5,125.0,114.0,,,Chennai
"Mohamed Sathak A J College of Engineering (Autonomous), #34, Rajiv Gandhi Road(OMR), IT Highway, Siruseri, Egattur, Chennai-603103. (1301)",COMPUTER SCIENCE AND ENGINEERING (AI AND MACHINE LEARNING) (AM),143.0,109.5,142.0,99.0,103.0,,,Chennai
"Mohamed Sathak A J College of Engineering (Autonomous), #34, Rajiv Gandhi Road(OMR), IT Highway, Siruseri, Egattur, Chennai-603103. (1301)",Computer Science and Engineering (Cyber Security) (SC),140.0,112.0,,113.5,104.0,,,Chennai
"Mohamed Sathak A J College of Engineering (Autonomous), #34, Rajiv Gandhi Road(OMR), IT Highway, Siruseri, Egattur, Chennai-603103. (1301)",ELECTRICAL AND ELECTRONICS ENGINEERING (EE),116.5,,104.0,,,,,Chennai
"Mohamed Sathak A J College of Engineering (Autonomous), #34, Rajiv Gandhi Road(OMR), IT Highway, Siruseri, Egattur, Chennai-603103. (1301)",Electronics and Communication (Advanced Communication Technology) (EA),113.0,92.0,112.5,88.0,,,,Chennai
"Mohamed Sathak A J College of Engineering (Autonomous), #34, Rajiv Gandhi Road(OMR), IT Highway, Siruseri, Egattur, Chennai-603103. (1301)",ELECTRONICS AND COMMUNICATION ENGINEERING (EC),135.5,116.5,133.5,105.0,,,,Chennai
"Mohamed Sathak A J College of Engineering (Autonomous), #34, Rajiv Gandhi Road(OMR), IT Highway, Siruseri, Egattur, Chennai-603103. (1301)",Electronics Engineering (VLSI Design and Technology) (EV),104.0,,88.0,,,,,Chennai
"Mohamed Sathak A J College of Engineering (Autonomous), #34, Rajiv Gandhi Road(OMR), IT Highway, Siruseri, Egattur, Chennai-603103. (1301)",INFORMATION TECHNOLOGY (IT),146.5,82.5,,112.5,116.5,,,Chennai
"Mohamed Sathak A J College of Engineering (Autonomous), #34, Rajiv Gandhi Road(OMR), IT Highway, Siruseri, Egattur, Chennai-603103. (1301)",MECHANICAL ENGINEERING (ME),116.5,,,106.0,,,,Chennai
"Mohamed Sathak A.J. Academy of Architecture, IT Highway, 34, Old Mahabalipuram Road, Egattur, Chenglepet Taluk, Kancheepuram District-603103. (1400)",Bachelor of Design (DA),141.0,,,,,,,Kancheepuram
"Mohamed Sathak Engineering College, Sathak Nagar, East Coast Road, Pudhu Mayakulam, Kilakarai, Ramanathapuram District-623806. (5907)",AERONAUTICAL ENGINEERING (AE),108.5,,95.5,,,,,Ramanathapuram
"Mohamed Sathak Engineering College, Sathak Nagar, East Coast Road, Pudhu Mayakulam, Kilakarai, Ramanathapuram District-623806. (5907)",AGRICULTURAL ENGINEERING (AG),123.0,97.5,,,,,,Ramanathapuram
"Mohamed Sathak Engineering College, Sathak Nagar, East Coast Road, Pudhu Mayakulam, Kilakarai, Ramanathapuram District-623806. (5907)",Artificial Intelligence and Data Science (AD),161.0,115.5,,128.5,96.0,,,Ramanathapuram
"Mohamed Sathak Engineering College, Sathak Nagar, East Coast Road, Pudhu Mayakulam, Kilakarai, Ramanathapuram District-623806. (5907)",CHEMICAL  ENGINEERING (CH),92.5,,91.0,,,,,Ramanathapuram
"Mohamed Sathak Engineering College, Sathak Nagar, East Coast Road, Pudhu Mayakulam, Kilakarai, Ramanathapuram District-623806. (5907)",CIVIL  ENGINEERING (CE),126.5,99.5,,126.0,,,,Ramanathapuram
"Mohamed Sathak Engineering College, Sathak Nagar, East Coast Road, Pudhu Mayakulam, Kilakarai, Ramanathapuram District-623806. (5907)",COMPUTER SCIENCE AND BUSSINESS SYSTEM (CB),115.0,97.0,,,,109.5,,Ramanathapuram
"Mohamed Sathak Engineering College, Sathak Nagar, East Coast Road, Pudhu Mayakulam, Kilakarai, Ramanathapuram District-623806. (5907)",COMPUTER SCIENCE AND ENGINEERING (CS),154.0,112.5,148.5,86.5,110.5,,,Ramanathapuram
"Mohamed Sathak Engineering College, Sathak Nagar, East Coast Road, Pudhu Mayakulam, Kilakarai, Ramanathapuram District-623806. (5907)",COMPUTER SCIENCE AND ENGINEERING (AI AND MACHINE LEARNING) (AM),145.0,111.5,138.0,,,,,Ramanathapuram
"Mohamed Sathak Engineering College, Sathak Nagar, East Coast Road, Pudhu Mayakulam, Kilakarai, Ramanathapuram District-623806. (5907)",Computer Science and Engineering (Cyber Security) (SC),138.0,121.5,118.5,95.0,,,,Ramanathapuram
"Mohamed Sathak Engineering College, Sathak Nagar, East Coast Road, Pudhu Mayakulam, Kilakarai, Ramanathapuram District-623806. (5907)",ELECTRICAL AND ELECTRONICS ENGINEERING (EE),113.0,101.5,112.0,,,,,Ramanathapuram
"Mohamed Sathak Engineering College, Sathak Nagar, East Coast Road, Pudhu Mayakulam, Kilakarai, Ramanathapuram District-623806. (5907)",ELECTRONICS AND COMMUNICATION ENGINEERING (EC),118.5,102.5,113.0,106.5,99.0,,,Ramanathapuram
"Mohamed Sathak Engineering College, Sathak Nagar, East Coast Road, Pudhu Mayakulam, Kilakarai, Ramanathapuram District-623806. (5907)",INFORMATION TECHNOLOGY (IT),130.5,102.5,123.5,87.0,97.5,,,Ramanathapuram
"Mohamed Sathak Engineering College, Sathak Nagar, East Coast Road, Pudhu Mayakulam, Kilakarai, Ramanathapuram District-623806. (5907)",MARINE ENGINEERING (MR),160.5,,,,,,,Ramanathapuram
"Mohamed Sathak Engineering College, Sathak Nagar, East Coast Road, Pudhu Mayakulam, Kilakarai, Ramanathapuram District-623806. (5907)",MECHANICAL ENGINEERING (ME),101.0,98.0,98.5,97.5,88.0,,,Ramanathapuram
"Mookambigai College of Engineering, Srinivasa Nagar, Kalamavur (PO), Keeranur, Pudukkottai-622502. (3812)",Artificial Intelligence and Data Science (AD),102.5,80.0,,80.0,,,,Pudukkottai
"Mookambigai College of Engineering, Srinivasa Nagar, Kalamavur (PO), Keeranur, Pudukkottai-622502. (3812)",CIVIL  ENGINEERING (CE),87.0,,,,,,,Pudukkottai
"Mookambigai College of Engineering, Srinivasa Nagar, Kalamavur (PO), Keeranur, Pudukkottai-622502. (3812)",COMPUTER SCIENCE AND ENGINEERING (CS),106.5,87.0,,102.5,88.5,91.0,,Pudukkottai
"Mookambigai College of Engineering, Srinivasa Nagar, Kalamavur (PO), Keeranur, Pudukkottai-622502. (3812)",COMPUTER SCIENCE AND ENGINEERING (AI AND MACHINE LEARNING) (AM),92.0,,,,,,,Pudukkottai
"Mookambigai College of Engineering, Srinivasa Nagar, Kalamavur (PO), Keeranur, Pudukkottai-622502. (3812)",ELECTRICAL AND ELECTRONICS ENGINEERING (EE),106.5,,,,,,,Pudukkottai
"Mookambigai College of Engineering, Srinivasa Nagar, Kalamavur (PO), Keeranur, Pudukkottai-622502. (3812)",ELECTRONICS AND COMMUNICATION ENGINEERING (EC),94.0,,,83.5,89.5,,,Pudukkottai
"Mookambigai College of Engineering, Srinivasa Nagar, Kalamavur (PO), Keeranur, Pudukkottai-622502. (3812)",ELECTRONICS AND INSTRUMENTATION ENGINEERING (EI),95.0,,,,,,,Pudukkottai
"Mookambigai College of Engineering, Srinivasa Nagar, Kalamavur (PO), Keeranur, Pudukkottai-622502. (3812)",INFORMATION TECHNOLOGY (IT),85.0,,,,,,,Pudukkottai
"Mookambigai College of Engineering, Srinivasa Nagar, Kalamavur (PO), Keeranur, Pudukkottai-622502. (3812)",MECHANICAL ENGINEERING (ME),97.5,,,,,,,Pudukkottai
"Mother Terasa College of Engineering and Technology, Mettusalai, Illuppur (Post & Taluk), Pudukkottai District-622102. (3846)",Artificial Intelligence and Data Science (AD),130.0,104.0,,105.0,91.5,,,Pudukkottai
"Mother Terasa College of Engineering and Technology, Mettusalai, Illuppur (Post & Taluk), Pudukkottai District-622102. (3846)",CIVIL  ENGINEERING (CE),93.5,,,,,,,Pudukkottai
"Mother Terasa College of Engineering and Technology, Mettusalai, Illuppur (Post & Taluk), Pudukkottai District-622102. (3846)",COMPUTER SCIENCE AND BUSSINESS SYSTEM (CB),88.0,,,87.0,80.5,,,Pudukkottai
"Mother Terasa College of Engineering and Technology, Mettusalai, Illuppur (Post & Taluk), Pudukkottai District-622102. (3846)",COMPUTER SCIENCE AND ENGINEERING (CS),109.0,82.5,,88.0,100.0,101.0,,Pudukkottai
"Mother Terasa College of Engineering and Technology, Mettusalai, Illuppur (Post & Taluk), Pudukkottai District-622102. (3846)",ELECTRICAL AND ELECTRONICS ENGINEERING (EE),114.5,,,,,,,Pudukkottai
"Mother Terasa College of Engineering and Technology, Mettusalai, Illuppur (Post & Taluk), Pudukkottai District-622102. (3846)",ELECTRONICS AND COMMUNICATION ENGINEERING (EC),98.0,,,,,,,Pudukkottai
"Mother Terasa College of Engineering and Technology, Mettusalai, Illuppur (Post & Taluk), Pudukkottai District-622102. (3846)",MECHANICAL ENGINEERING (ME),86.0,,,,,,,Pudukkottai
"Mount Zion College of Engineering and Technology, Lena vilakku, Pilivalam Post,  Pudukkottai-622507. (3908)",Artificial Intelligence and Data Science (AD),147.0,139.0,145.0,123.5,96.5,102.0,,Pudukkottai
"Mount Zion College of Engineering and Technology, Lena vilakku, Pilivalam Post,  Pudukkottai-622507. (3908)",CIVIL  ENGINEERING (CE),125.0,103.5,,94.5,,,,Pudukkottai
"Mount Zion College of Engineering and Technology, Lena vilakku, Pilivalam Post,  Pudukkottai-622507. (3908)",COMPUTER SCIENCE AND ENGINEERING (CS),158.0,140.0,143.5,129.5,104.5,134.5,,Pudukkottai
"Mount Zion College of Engineering and Technology, Lena vilakku, Pilivalam Post,  Pudukkottai-622507. (3908)",ELECTRICAL AND ELECTRONICS ENGINEERING (EE),115.0,92.5,,100.0,106.5,,,Pudukkottai
"Mount Zion College of Engineering and Technology, Lena vilakku, Pilivalam Post,  Pudukkottai-622507. (3908)",ELECTRONICS AND COMMUNICATION ENGINEERING (EC),140.0,132.0,98.5,103.0,86.5,,,Pudukkottai
"Mount Zion College of Engineering and Technology, Lena vilakku, Pilivalam Post,  Pudukkottai-622507. (3908)",INFORMATION TECHNOLOGY (IT),145.0,135.0,,117.5,87.5,,,Pudukkottai
"Mount Zion College of Engineering and Technology, Lena vilakku, Pilivalam Post,  Pudukkottai-622507. (3908)",MECHANICAL ENGINEERING (ME),123.0,96.0,,81.0,,,,Pudukkottai
"MRK Institute of Technology, Nattarmangalam Post, Kattumannarkoil, Cuddalore-608301. (3843)",Artificial Intelligence and Data Science (AD),155.0,109.5,,124.5,134.0,,,Cuddalore
"MRK Institute of Technology, Nattarmangalam Post, Kattumannarkoil, Cuddalore-608301. (3843)",CIVIL  ENGINEERING (CE),114.0,,,87.5,,,,Cuddalore
"MRK Institute of Technology, Nattarmangalam Post, Kattumannarkoil, Cuddalore-608301. (3843)",COMPUTER SCIENCE AND ENGINEERING (CS),142.0,114.0,135.0,127.5,108.5,,,Cuddalore
"MRK Institute of Technology, Nattarmangalam Post, Kattumannarkoil, Cuddalore-608301. (3843)",COMPUTER SCIENCE AND ENGINEERING (AI AND MACHINE LEARNING) (AM),128.5,102.5,,119.0,,,,Cuddalore
"MRK Institute of Technology, Nattarmangalam Post, Kattumannarkoil, Cuddalore-608301. (3843)",ELECTRICAL AND ELECTRONICS ENGINEERING (EE),133.5,86.5,,92.5,95.0,,,Cuddalore
"MRK Institute of Technology, Nattarmangalam Post, Kattumannarkoil, Cuddalore-608301. (3843)",ELECTRONICS AND COMMUNICATION ENGINEERING (EC),124.5,97.5,101.0,102.0,106.5,,,Cuddalore
"MRK Institute of Technology, Nattarmangalam Post, Kattumannarkoil, Cuddalore-608301. (3843)",INFORMATION TECHNOLOGY (IT),151.5,105.5,141.0,132.0,132.5,,,Cuddalore
"MRK Institute of Technology, Nattarmangalam Post, Kattumannarkoil, Cuddalore-608301. (3843)",MECHANICAL ENGINEERING (ME),112.0,108.5,108.5,95.0,91.0,,,Cuddalore
"Muthayammal Engineering College (Autonomous), Kakkaveri, Rasipuram (Tk), Namakkal District-637408. (2610)",AGRICULTURAL ENGINEERING (AG),100.5,,,94.5,,83.5,,Namakkal
"Muthayammal Engineering College (Autonomous), Kakkaveri, Rasipuram (Tk), Namakkal District-637408. (2610)",Artificial Intelligence and Data Science (AD),144.0,121.0,131.0,114.0,99.5,96.0,138.5,Namakkal
"Muthayammal Engineering College (Autonomous), Kakkaveri, Rasipuram (Tk), Namakkal District-637408. (2610)",BIO MEDICAL ENGINEERING (BM),112.5,92.0,,85.0,,95.0,,Namakkal
"Muthayammal Engineering College (Autonomous), Kakkaveri, Rasipuram (Tk), Namakkal District-637408. (2610)",BIO TECHNOLOGY (BT),120.5,95.5,98.5,100.5,97.0,114.5,,Namakkal
"Muthayammal Engineering College (Autonomous), Kakkaveri, Rasipuram (Tk), Namakkal District-637408. (2610)",CIVIL  ENGINEERING (CE),110.5,99.0,,95.0,110.5,,,Namakkal
"Muthayammal Engineering College (Autonomous), Kakkaveri, Rasipuram (Tk), Namakkal District-637408. (2610)",COMPUTER SCIENCE AND BUSSINESS SYSTEM (CB),112.0,106.0,,93.0,80.0,,,Namakkal
"Muthayammal Engineering College (Autonomous), Kakkaveri, Rasipuram (Tk), Namakkal District-637408. (2610)",COMPUTER SCIENCE AND ENGINEERING (CS),139.0,93.0,100.0,106.0,91.5,88.5,138.5,Namakkal
"Muthayammal Engineering College (Autonomous), Kakkaveri, Rasipuram (Tk), Namakkal District-637408. (2610)",COMPUTER SCIENCE AND ENGINEERING (AI AND MACHINE LEARNING) (AM),126.0,101.0,,99.0,97.5,,,Namakkal
"Muthayammal Engineering College (Autonomous), Kakkaveri, Rasipuram (Tk), Namakkal District-637408. (2610)",Computer Science and Engineering (Cyber Security) (SC),117.5,113.0,101.0,98.0,,93.5,,Namakkal
"Muthayammal Engineering College (Autonomous), Kakkaveri, Rasipuram (Tk), Namakkal District-637408. (2610)",ELECTRICAL AND ELECTRONICS ENGINEERING (EE),117.5,94.5,,92.0,92.0,106.0,81.0,Namakkal
"Muthayammal Engineering College (Autonomous), Kakkaveri, Rasipuram (Tk), Namakkal District-637408. (2610)",ELECTRONICS AND COMMUNICATION ENGINEERING (EC),132.5,80.0,,103.0,104.0,91.0,117.0,Namakkal
"Muthayammal Engineering College (Autonomous), Kakkaveri, Rasipuram (Tk), Namakkal District-637408. (2610)",Electronics Engineering (VLSI Design and Technology) (EV),99.5,82.5,,80.5,,,,Namakkal
"Muthayammal Engineering College (Autonomous), Kakkaveri, Rasipuram (Tk), Namakkal District-637408. (2610)",INFORMATION TECHNOLOGY (IT),132.0,90.5,,101.0,102.5,103.5,,Namakkal
"Muthayammal Engineering College (Autonomous), Kakkaveri, Rasipuram (Tk), Namakkal District-637408. (2610)",MECHANICAL ENGINEERING (ME),92.5,85.0,81.0,80.0,83.0,84.5,,Namakkal
"Muthayammal Engineering College (Autonomous), Kakkaveri, Rasipuram (Tk), Namakkal District-637408. (2610)",Mechatronics Engineering (MZ),98.5,82.5,,90.5,,,,Namakkal
"N.P.R College of Engineering and Technology (Autonomous), Punnappatti Village, Uluppakudi, Natham, Dindigul District-624401. (5832)",Artificial Intelligence and Data Science (AD),152.0,140.0,140.5,118.5,94.5,,,Dindigul
"N.P.R College of Engineering and Technology (Autonomous), Punnappatti Village, Uluppakudi, Natham, Dindigul District-624401. (5832)",CIVIL  ENGINEERING (CE),97.0,90.0,,95.0,,,,Dindigul
"N.P.R College of Engineering and Technology (Autonomous), Punnappatti Village, Uluppakudi, Natham, Dindigul District-624401. (5832)",COMPUTER SCIENCE AND ENGINEERING (CS),150.0,139.5,132.5,118.0,113.0,110.0,,Dindigul
"N.P.R College of Engineering and Technology (Autonomous), Punnappatti Village, Uluppakudi, Natham, Dindigul District-624401. (5832)",COMPUTER SCIENCE AND ENGINEERING (AI AND MACHINE LEARNING) (AM),132.5,125.0,123.0,105.5,,,,Dindigul
"N.P.R College of Engineering and Technology (Autonomous), Punnappatti Village, Uluppakudi, Natham, Dindigul District-624401. (5832)",ELECTRICAL AND ELECTRONICS ENGINEERING (EE),126.0,108.0,121.5,107.0,87.5,,,Dindigul
"N.P.R College of Engineering and Technology (Autonomous), Punnappatti Village, Uluppakudi, Natham, Dindigul District-624401. (5832)",ELECTRONICS AND COMMUNICATION ENGINEERING (EC),138.0,126.5,123.5,93.5,,,,Dindigul
"N.P.R College of Engineering and Technology (Autonomous), Punnappatti Village, Uluppakudi, Natham, Dindigul District-624401. (5832)",INFORMATION TECHNOLOGY (IT),146.0,141.0,132.0,107.5,90.0,,,Dindigul
"N.P.R College of Engineering and Technology (Autonomous), Punnappatti Village, Uluppakudi, Natham, Dindigul District-624401. (5832)",MECHANICAL ENGINEERING (ME),111.5,94.0,,96.5,,,,Dindigul
"N.S.N. College of Engineering and Technology, N.S.N, Kalvi Nagar, Karur - Madurai NH-7, Manalmedu, Karur-639003. (2327)",Artificial Intelligence and Data Science (AD),126.5,88.0,100.5,83.0,100.0,108.5,,Madurai
"N.S.N. College of Engineering and Technology, N.S.N, Kalvi Nagar, Karur - Madurai NH-7, Manalmedu, Karur-639003. (2327)",CIVIL  ENGINEERING (CE),123.0,,,,,,,Madurai
"N.S.N. College of Engineering and Technology, N.S.N, Kalvi Nagar, Karur - Madurai NH-7, Manalmedu, Karur-639003. (2327)",COMPUTER SCIENCE AND ENGINEERING (CS),118.5,81.0,,81.0,83.0,96.5,,Madurai
"N.S.N. College of Engineering and Technology, N.S.N, Kalvi Nagar, Karur - Madurai NH-7, Manalmedu, Karur-639003. (2327)",ELECTRICAL AND ELECTRONICS ENGINEERING (EE),99.5,80.0,90.0,80.0,97.5,97.5,,Madurai
"N.S.N. College of Engineering and Technology, N.S.N, Kalvi Nagar, Karur - Madurai NH-7, Manalmedu, Karur-639003. (2327)",ELECTRONICS AND COMMUNICATION ENGINEERING (EC),107.0,87.0,,81.0,86.0,104.0,,Madurai
"N.S.N. College of Engineering and Technology, N.S.N, Kalvi Nagar, Karur - Madurai NH-7, Manalmedu, Karur-639003. (2327)",INFORMATION TECHNOLOGY (IT),103.0,82.5,,81.0,83.5,89.5,,Madurai
"N.S.N. College of Engineering and Technology, N.S.N, Kalvi Nagar, Karur - Madurai NH-7, Manalmedu, Karur-639003. (2327)",MECHANICAL ENGINEERING (ME),90.0,,,,,,,Madurai
"Nadar Saraswathi College of Engineering and Technology, Vadapudupatti, Annanji Post, Theni -625531. (5865)",Artificial Intelligence and Data Science (AD),147.0,110.5,129.5,121.0,93.0,99.0,,Other
"Nadar Saraswathi College of Engineering and Technology, Vadapudupatti, Annanji Post, Theni -625531. (5865)",CIVIL  ENGINEERING (CE),81.0,,,,,,,Other
"Nadar Saraswathi College of Engineering and Technology, Vadapudupatti, Annanji Post, Theni -625531. (5865)",COMPUTER SCIENCE AND ENGINEERING (CS),156.0,117.5,135.0,117.5,111.5,,,Other
"Nadar Saraswathi College of Engineering and Technology, Vadapudupatti, Annanji Post, Theni -625531. (5865)",ELECTRICAL AND ELECTRONICS ENGINEERING (EE),94.5,,85.5,,,,,Other
"Nadar Saraswathi College of Engineering and Technology, Vadapudupatti, Annanji Post, Theni -625531. (5865)",ELECTRONICS AND COMMUNICATION ENGINEERING (EC),137.0,111.5,,116.5,,,,Other
"Nadar Saraswathi College of Engineering and Technology, Vadapudupatti, Annanji Post, Theni -625531. (5865)",INFORMATION TECHNOLOGY (IT),146.0,116.5,110.0,106.5,104.0,,,Other
"Nadar Saraswathi College of Engineering and Technology, Vadapudupatti, Annanji Post, Theni -625531. (5865)",MECHANICAL ENGINEERING (ME),95.0,93.5,,89.5,,,,Other
"Nandha College of Technology, 235, Chennimalaipalayam Road, Pitchandampalayam Post, Veppampalayam Village, Erode-638052. (2752)",COMPUTER SCIENCE AND ENGINEERING (CS),138.0,128.5,110.0,121.5,95.0,,,Erode
"Nandha College of Technology, 235, Chennimalaipalayam Road, Pitchandampalayam Post, Veppampalayam Village, Erode-638052. (2752)",ELECTRICAL AND ELECTRONICS ENGINEERING (EE),126.0,87.0,,98.0,97.5,116.5,,Erode
"Nandha College of Technology, 235, Chennimalaipalayam Road, Pitchandampalayam Post, Veppampalayam Village, Erode-638052. (2752)",ELECTRONICS AND COMMUNICATION ENGINEERING (EC),149.5,137.5,,115.0,87.5,104.0,,Erode
"Nandha College of Technology, 235, Chennimalaipalayam Road, Pitchandampalayam Post, Veppampalayam Village, Erode-638052. (2752)",INFORMATION TECHNOLOGY (IT),129.0,119.0,101.0,111.0,114.0,113.0,,Erode
"Nandha Engineering College (Autonomous), 28, Chennimalaipalayam Road, Pitchandampalayam Post, Erode-638052. (2715)",AGRICULTURAL ENGINEERING (AG),122.5,87.5,,84.5,84.5,101.5,,Erode
"Nandha Engineering College (Autonomous), 28, Chennimalaipalayam Road, Pitchandampalayam Post, Erode-638052. (2715)",Artificial Intelligence and Data Science (AD),156.0,141.0,105.0,139.5,89.0,111.5,,Erode
"Nandha Engineering College (Autonomous), 28, Chennimalaipalayam Road, Pitchandampalayam Post, Erode-638052. (2715)",BIO MEDICAL ENGINEERING (BM),134.5,86.0,,99.0,110.5,122.0,,Erode
"Nandha Engineering College (Autonomous), 28, Chennimalaipalayam Road, Pitchandampalayam Post, Erode-638052. (2715)",CHEMICAL  ENGINEERING (CH),127.0,119.0,99.0,114.0,105.0,105.0,,Erode
"Nandha Engineering College (Autonomous), 28, Chennimalaipalayam Road, Pitchandampalayam Post, Erode-638052. (2715)",CIVIL  ENGINEERING (CE),127.5,105.0,,91.0,,,,Erode
"Nandha Engineering College (Autonomous), 28, Chennimalaipalayam Road, Pitchandampalayam Post, Erode-638052. (2715)",COMPUTER SCIENCE AND ENGINEERING (CS),156.0,141.0,133.0,136.0,92.0,106.0,,Erode
"Nandha Engineering College (Autonomous), 28, Chennimalaipalayam Road, Pitchandampalayam Post, Erode-638052. (2715)",Computer Science and Engineering (Cyber Security) (SC),147.0,138.5,,134.5,103.5,111.5,,Erode
"Nandha Engineering College (Autonomous), 28, Chennimalaipalayam Road, Pitchandampalayam Post, Erode-638052. (2715)",Computer Science and Engineering (Internet of Things) (CI),145.0,131.5,,135.5,,,,Erode
"Nandha Engineering College (Autonomous), 28, Chennimalaipalayam Road, Pitchandampalayam Post, Erode-638052. (2715)",ELECTRICAL AND ELECTRONICS ENGINEERING (EE),140.0,127.0,,122.0,100.0,85.0,,Erode
"Nandha Engineering College (Autonomous), 28, Chennimalaipalayam Road, Pitchandampalayam Post, Erode-638052. (2715)",ELECTRONICS AND COMMUNICATION ENGINEERING (EC),154.0,143.0,119.0,132.0,93.0,122.5,,Erode
"Nandha Engineering College (Autonomous), 28, Chennimalaipalayam Road, Pitchandampalayam Post, Erode-638052. (2715)",INFORMATION TECHNOLOGY (IT),148.5,140.5,114.0,138.0,84.0,134.5,,Erode
"Nandha Engineering College (Autonomous), 28, Chennimalaipalayam Road, Pitchandampalayam Post, Erode-638052. (2715)",MECHANICAL ENGINEERING (ME),124.5,111.0,111.5,94.0,90.5,109.5,,Erode
"Narayanaguru College of Engineering, Chittadavu, Manjalumoodu, Vilavancode Taluk, Kuzhithurai, Kanyakumari District-629151. (4977)",Artificial Intelligence and Data Science (AD),104.0,86.5,,89.5,,,,Other
"Narayanaguru College of Engineering, Chittadavu, Manjalumoodu, Vilavancode Taluk, Kuzhithurai, Kanyakumari District-629151. (4977)",CIVIL  ENGINEERING (CE),,,,,,,,Other
"Narayanaguru College of Engineering, Chittadavu, Manjalumoodu, Vilavancode Taluk, Kuzhithurai, Kanyakumari District-629151. (4977)",COMPUTER SCIENCE AND ENGINEERING (CS),85.5,,,,,,,Other
"Narayanaguru College of Engineering, Chittadavu, Manjalumoodu, Vilavancode Taluk, Kuzhithurai, Kanyakumari District-629151. (4977)",ELECTRICAL AND ELECTRONICS ENGINEERING (EE),104.0,,,,,,,Other
"Narayanaguru College of Engineering, Chittadavu, Manjalumoodu, Vilavancode Taluk, Kuzhithurai, Kanyakumari District-629151. (4977)",ELECTRONICS AND COMMUNICATION ENGINEERING (EC),81.0,,,,,,,Other
"Narayanaguru College of Engineering, Chittadavu, Manjalumoodu, Vilavancode Taluk, Kuzhithurai, Kanyakumari District-629151. (4977)",INFORMATION TECHNOLOGY (IT),118.0,109.5,,,105.5,,,Other
"Narayanaguru College of Engineering, Chittadavu, Manjalumoodu, Vilavancode Taluk, Kuzhithurai, Kanyakumari District-629151. (4977)",MECHANICAL ENGINEERING (ME),112.5,,,,,,,Other
"National Engineering College (Autonomous), K.R. Nagar, Nalattinputhur, Kovilpatti, Tuticorin District-628503. (4962)",Artificial Intelligence and Data Science (AD),180.5,176.0,177.0,168.0,138.0,,,Other
"National Engineering College (Autonomous), K.R. Nagar, Nalattinputhur, Kovilpatti, Tuticorin District-628503. (4962)",CIVIL  ENGINEERING (CE),156.5,142.5,126.0,133.0,115.5,,,Other
"National Engineering College (Autonomous), K.R. Nagar, Nalattinputhur, Kovilpatti, Tuticorin District-628503. (4962)",COMPUTER SCIENCE AND ENGINEERING (CS),184.0,180.0,179.5,168.5,144.0,,,Other
"National Engineering College (Autonomous), K.R. Nagar, Nalattinputhur, Kovilpatti, Tuticorin District-628503. (4962)",ELECTRICAL AND ELECTRONICS ENGINEERING (EE),173.0,165.5,168.0,166.0,118.0,,,Other
"National Engineering College (Autonomous), K.R. Nagar, Nalattinputhur, Kovilpatti, Tuticorin District-628503. (4962)",ELECTRONICS AND COMMUNICATION ENGINEERING (EC),181.5,177.0,180.0,168.0,137.0,,,Other
"National Engineering College (Autonomous), K.R. Nagar, Nalattinputhur, Kovilpatti, Tuticorin District-628503. (4962)",INFORMATION TECHNOLOGY (IT),179.5,177.0,176.0,170.0,126.5,,,Other
"National Engineering College (Autonomous), K.R. Nagar, Nalattinputhur, Kovilpatti, Tuticorin District-628503. (4962)",MECHANICAL ENGINEERING (ME),158.0,145.0,,142.0,127.5,,,Other
"Nehru Institute of Engineering and Technology (Autonomous), Nehru Gardens, Thirumalayampalayam (Post), Coimbatore-641105. (2729)",AERONAUTICAL ENGINEERING (AE),163.0,147.0,154.0,142.5,133.0,101.5,,Coimbatore
"Nehru Institute of Engineering and Technology (Autonomous), Nehru Gardens, Thirumalayampalayam (Post), Coimbatore-641105. (2729)",Artificial Intelligence and Data Science (AD),168.0,156.5,161.0,153.5,119.5,120.5,,Coimbatore
"Nehru Institute of Engineering and Technology (Autonomous), Nehru Gardens, Thirumalayampalayam (Post), Coimbatore-641105. (2729)",COMPUTER SCIENCE AND BUSSINESS SYSTEM (CB),155.0,148.0,151.0,146.5,88.5,123.5,,Coimbatore
"Nehru Institute of Engineering and Technology (Autonomous), Nehru Gardens, Thirumalayampalayam (Post), Coimbatore-641105. (2729)",COMPUTER SCIENCE AND ENGINEERING (CS),170.5,161.0,161.0,159.0,147.0,135.5,,Coimbatore
"Nehru Institute of Engineering and Technology (Autonomous), Nehru Gardens, Thirumalayampalayam (Post), Coimbatore-641105. (2729)",ELECTRICAL AND ELECTRONICS ENGINEERING (EE),145.5,132.0,132.0,132.5,116.5,101.0,,Coimbatore
"Nehru Institute of Engineering and Technology (Autonomous), Nehru Gardens, Thirumalayampalayam (Post), Coimbatore-641105. (2729)",ELECTRONICS AND COMMUNICATION ENGINEERING (EC),161.0,150.5,144.0,150.5,86.5,117.5,,Coimbatore
"Nehru Institute of Engineering and Technology (Autonomous), Nehru Gardens, Thirumalayampalayam (Post), Coimbatore-641105. (2729)",INFORMATION TECHNOLOGY (IT),163.5,155.0,162.0,153.5,141.5,100.0,142.0,Coimbatore
"Nehru Institute of Engineering and Technology (Autonomous), Nehru Gardens, Thirumalayampalayam (Post), Coimbatore-641105. (2729)",MECHANICAL ENGINEERING (ME),141.5,119.0,102.5,102.5,106.0,115.0,,Coimbatore
"Nehru Institute of Engineering and Technology (Autonomous), Nehru Gardens, Thirumalayampalayam (Post), Coimbatore-641105. (2729)",Mechatronics Engineering (MZ),141.0,134.0,137.5,120.5,85.5,113.5,,Coimbatore
"Nehru Institute of Technology (Autonomous), Jawahar Gardens, Kaliapuram, Thirumalayampalayam, Coimbatore-641105. (2755)",AERONAUTICAL ENGINEERING (AE),147.0,136.5,130.0,138.0,129.0,121.0,,Coimbatore
"Nehru Institute of Technology (Autonomous), Jawahar Gardens, Kaliapuram, Thirumalayampalayam, Coimbatore-641105. (2755)",AGRICULTURAL ENGINEERING (AG),162.5,130.0,,101.0,122.5,,,Coimbatore
"Nehru Institute of Technology (Autonomous), Jawahar Gardens, Kaliapuram, Thirumalayampalayam, Coimbatore-641105. (2755)",CIVIL  ENGINEERING (CE),113.5,87.5,,84.5,104.5,,,Coimbatore
"Nehru Institute of Technology (Autonomous), Jawahar Gardens, Kaliapuram, Thirumalayampalayam, Coimbatore-641105. (2755)",COMPUTER SCIENCE AND ENGINEERING (CS),157.0,147.5,138.5,147.67,116.5,121.0,,Coimbatore
"Nehru Institute of Technology (Autonomous), Jawahar Gardens, Kaliapuram, Thirumalayampalayam, Coimbatore-641105. (2755)",COMPUTER SCIENCE AND ENGINEERING (AI AND MACHINE LEARNING) (AM),157.0,148.5,125.5,145.5,113.5,,,Coimbatore
"Nehru Institute of Technology (Autonomous), Jawahar Gardens, Kaliapuram, Thirumalayampalayam, Coimbatore-641105. (2755)",Computer Science and Engineering (Cyber Security) (SC),157.5,144.5,157.0,144.5,112.5,92.5,126.5,Coimbatore
"Nehru Institute of Technology (Autonomous), Jawahar Gardens, Kaliapuram, Thirumalayampalayam, Coimbatore-641105. (2755)",FOOD TECHNOLOGY (FD),134.0,82.5,94.5,97.5,109.0,,,Coimbatore
"Nehru Institute of Technology (Autonomous), Jawahar Gardens, Kaliapuram, Thirumalayampalayam, Coimbatore-641105. (2755)",INFORMATION TECHNOLOGY (IT),155.5,146.5,,147.5,124.0,151.5,,Coimbatore
"Nellai College of Engineering , Maruthakulam P.O, Nanguneri Taluk, Tirunelveli-627151. (4961)",Artificial Intelligence and Data Science (AD),128.0,,,,,,,Tirunelveli
"Nellai College of Engineering , Maruthakulam P.O, Nanguneri Taluk, Tirunelveli-627151. (4961)",CIVIL  ENGINEERING (CE),111.5,,,,,,,Tirunelveli
"Nellai College of Engineering , Maruthakulam P.O, Nanguneri Taluk, Tirunelveli-627151. (4961)",COMPUTER SCIENCE AND ENGINEERING (CS),80.0,,,,,,,Tirunelveli
"Nellai College of Engineering , Maruthakulam P.O, Nanguneri Taluk, Tirunelveli-627151. (4961)",Computer Science and Engineering (Cyber Security) (SC),86.0,,,,,,,Tirunelveli
"Nellai College of Engineering , Maruthakulam P.O, Nanguneri Taluk, Tirunelveli-627151. (4961)",ELECTRICAL AND ELECTRONICS ENGINEERING (EE),85.5,,,,,,,Tirunelveli
"Nellai College of Engineering , Maruthakulam P.O, Nanguneri Taluk, Tirunelveli-627151. (4961)",ELECTRONICS AND COMMUNICATION ENGINEERING (EC),92.0,,,,,,,Tirunelveli
"Nellai College of Engineering , Maruthakulam P.O, Nanguneri Taluk, Tirunelveli-627151. (4961)",MECHANICAL ENGINEERING (ME),88.0,,,,,,,Tirunelveli
"Nelliandavar Institute of Technology, Nerunjikorai Village, Pudhupalayam, Ariyalur Taluk & District-621704. (3466)",Artificial Intelligence and Data Science (AD),107.0,91.0,,84.5,,,,Ariyalur
"Nelliandavar Institute of Technology, Nerunjikorai Village, Pudhupalayam, Ariyalur Taluk & District-621704. (3466)",COMPUTER SCIENCE AND ENGINEERING (CS),128.5,87.0,,103.0,88.0,,,Ariyalur
"Nelliandavar Institute of Technology, Nerunjikorai Village, Pudhupalayam, Ariyalur Taluk & District-621704. (3466)",ELECTRICAL AND ELECTRONICS ENGINEERING (EE),88.5,,,,,,,Ariyalur
"Nelliandavar Institute of Technology, Nerunjikorai Village, Pudhupalayam, Ariyalur Taluk & District-621704. (3466)",ELECTRONICS AND COMMUNICATION ENGINEERING (EC),81.5,,,,,,,Ariyalur
"Nelliandavar Institute of Technology, Nerunjikorai Village, Pudhupalayam, Ariyalur Taluk & District-621704. (3466)",MECHANICAL ENGINEERING (ME),87.0,,,,,,,Ariyalur
"New Prince Shri Bhavani College of Engineering and Technology (Autonomous), Vengaivasal Main Road, Gowrivakkam, Chennai-600073. (1431)",Artificial Intelligence and Data Science (AD),142.5,118.0,112.5,107.0,100.5,114.5,,Chennai
"New Prince Shri Bhavani College of Engineering and Technology (Autonomous), Vengaivasal Main Road, Gowrivakkam, Chennai-600073. (1431)",CIVIL  ENGINEERING (CE),,,,,,,,Chennai
"New Prince Shri Bhavani College of Engineering and Technology (Autonomous), Vengaivasal Main Road, Gowrivakkam, Chennai-600073. (1431)",COMPUTER SCIENCE AND ENGINEERING (CS),140.0,106.5,113.5,109.5,93.5,82.5,,Chennai
"New Prince Shri Bhavani College of Engineering and Technology (Autonomous), Vengaivasal Main Road, Gowrivakkam, Chennai-600073. (1431)",Computer Science and Engineering (Cyber Security) (SC),121.0,92.5,113.0,95.5,86.0,,,Chennai
"New Prince Shri Bhavani College of Engineering and Technology (Autonomous), Vengaivasal Main Road, Gowrivakkam, Chennai-600073. (1431)",ELECTRICAL AND ELECTRONICS ENGINEERING (EE),102.0,98.0,,95.0,94.5,,84.0,Chennai
"New Prince Shri Bhavani College of Engineering and Technology (Autonomous), Vengaivasal Main Road, Gowrivakkam, Chennai-600073. (1431)",ELECTRONICS AND COMMUNICATION ENGINEERING (EC),123.5,83.0,108.5,94.5,81.5,,,Chennai
"New Prince Shri Bhavani College of Engineering and Technology (Autonomous), Vengaivasal Main Road, Gowrivakkam, Chennai-600073. (1431)",INFORMATION TECHNOLOGY (IT),138.5,96.0,127.0,114.0,99.5,,,Chennai
"New Prince Shri Bhavani College of Engineering and Technology (Autonomous), Vengaivasal Main Road, Gowrivakkam, Chennai-600073. (1431)",MECHANICAL ENGINEERING (ME),95.5,87.5,,,80.5,,,Chennai
"Noorul Islam College of Engineering and Technology, Punkarai, Thiruvithancode (PO), Kanyakumari-629174. (4986)",Artificial Intelligence and Data Science (AD),127.0,,,,,,,Other
"Noorul Islam College of Engineering and Technology, Punkarai, Thiruvithancode (PO), Kanyakumari-629174. (4986)",COMPUTER SCIENCE AND ENGINEERING (CS),129.5,,,,,,,Other
"Noorul Islam College of Engineering and Technology, Punkarai, Thiruvithancode (PO), Kanyakumari-629174. (4986)",ELECTRICAL AND ELECTRONICS ENGINEERING (EE),,,,,,,,Other
"Noorul Islam College of Engineering and Technology, Punkarai, Thiruvithancode (PO), Kanyakumari-629174. (4986)",ELECTRONICS AND COMMUNICATION ENGINEERING (EC),,,,,,,,Other
"Noorul Islam College of Engineering and Technology, Punkarai, Thiruvithancode (PO), Kanyakumari-629174. (4986)",INFORMATION TECHNOLOGY (IT),,,,,,,,Other
"Noorul Islam College of Engineering and Technology, Punkarai, Thiruvithancode (PO), Kanyakumari-629174. (4986)",MECHANICAL ENGINEERING (ME),117.5,,,,,,,Other
"OASYS Institute of Technology, Tiruchirappalli-Thuraiyur Mani Road, Pulivalam P.O Musiri Taluk, Tiruchirappalli-621006. (3782)",Artificial Intelligence and Data Science (AD),124.5,100.0,105.0,96.0,103.0,86.0,113.5,Tiruchirappalli
"OASYS Institute of Technology, Tiruchirappalli-Thuraiyur Mani Road, Pulivalam P.O Musiri Taluk, Tiruchirappalli-621006. (3782)",COMPUTER SCIENCE AND BUSSINESS SYSTEM (CB),80.5,,,,,,,Tiruchirappalli
"OASYS Institute of Technology, Tiruchirappalli-Thuraiyur Mani Road, Pulivalam P.O Musiri Taluk, Tiruchirappalli-621006. (3782)",COMPUTER SCIENCE AND ENGINEERING (CS),116.0,100.0,,87.0,97.0,81.0,,Tiruchirappalli
"OASYS Institute of Technology, Tiruchirappalli-Thuraiyur Mani Road, Pulivalam P.O Musiri Taluk, Tiruchirappalli-621006. (3782)",COMPUTER SCIENCE AND ENGINEERING (AI AND MACHINE LEARNING) (AM),83.0,,,,,,,Tiruchirappalli
"OASYS Institute of Technology, Tiruchirappalli-Thuraiyur Mani Road, Pulivalam P.O Musiri Taluk, Tiruchirappalli-621006. (3782)",ELECTRICAL AND ELECTRONICS ENGINEERING (EE),100.5,91.0,,82.5,,,,Tiruchirappalli
"OASYS Institute of Technology, Tiruchirappalli-Thuraiyur Mani Road, Pulivalam P.O Musiri Taluk, Tiruchirappalli-621006. (3782)",ELECTRONICS AND COMMUNICATION ENGINEERING (EC),108.5,,,91.0,87.0,,,Tiruchirappalli
"OASYS Institute of Technology, Tiruchirappalli-Thuraiyur Mani Road, Pulivalam P.O Musiri Taluk, Tiruchirappalli-621006. (3782)",INFORMATION TECHNOLOGY (IT),125.5,97.0,,95.5,104.5,91.5,,Tiruchirappalli
"Oxford College of Engineering, Venmani Village, Karaipoondi Post, Polur, Tiruvannamalai-606803. (1529)",CIVIL  ENGINEERING (CE),,,,,,,,Other
"Oxford College of Engineering, Venmani Village, Karaipoondi Post, Polur, Tiruvannamalai-606803. (1529)",COMPUTER SCIENCE AND ENGINEERING (CS),,,,,,,,Other
"Oxford College of Engineering, Venmani Village, Karaipoondi Post, Polur, Tiruvannamalai-606803. (1529)",ELECTRICAL AND ELECTRONICS ENGINEERING (EE),,,,,,,,Other
"Oxford College of Engineering, Venmani Village, Karaipoondi Post, Polur, Tiruvannamalai-606803. (1529)",ELECTRONICS AND COMMUNICATION ENGINEERING (EC),,,,,,,,Other
"Oxford College of Engineering, Venmani Village, Karaipoondi Post, Polur, Tiruvannamalai-606803. (1529)",MECHANICAL ENGINEERING (ME),,,,,,,,Other
"Oxford Engineering College, Pirattiyur, Tiruchirappalli-620009. (3813)",CIVIL  ENGINEERING (CE),91.5,,,,,,,Tiruchirappalli
"Oxford Engineering College, Pirattiyur, Tiruchirappalli-620009. (3813)",COMPUTER SCIENCE AND ENGINEERING (CS),97.0,,,,,,,Tiruchirappalli
"Oxford Engineering College, Pirattiyur, Tiruchirappalli-620009. (3813)",ELECTRICAL AND ELECTRONICS ENGINEERING (EE),,,,,,,,Tiruchirappalli
"Oxford Engineering College, Pirattiyur, Tiruchirappalli-620009. (3813)",ELECTRONICS AND COMMUNICATION ENGINEERING (EC),,,,,,,,Tiruchirappalli
"Oxford Engineering College, Pirattiyur, Tiruchirappalli-620009. (3813)",INFORMATION TECHNOLOGY (IT),111.0,,,,,,,Tiruchirappalli
"Oxford Engineering College, Pirattiyur, Tiruchirappalli-620009. (3813)",MECHANICAL ENGINEERING (ME),,,,,,,,Tiruchirappalli
"P A College of Engineering and Technology (Autonomous), Palladam Road, Pollachi, Coimbatore Dt.-642002. (2741)",Artificial Intelligence and Data Science (AD),145.5,134.0,84.5,117.0,81.5,129.0,,Coimbatore
"P A College of Engineering and Technology (Autonomous), Palladam Road, Pollachi, Coimbatore Dt.-642002. (2741)",CIVIL  ENGINEERING (CE),109.0,96.0,,107.5,,82.5,,Coimbatore
"P A College of Engineering and Technology (Autonomous), Palladam Road, Pollachi, Coimbatore Dt.-642002. (2741)",COMPUTER SCIENCE AND ENGINEERING (CS),156.5,145.0,115.0,130.5,90.0,119.5,,Coimbatore
"P A College of Engineering and Technology (Autonomous), Palladam Road, Pollachi, Coimbatore Dt.-642002. (2741)",ELECTRICAL AND ELECTRONICS ENGINEERING (EE),123.5,109.5,116.0,91.5,80.5,116.5,,Coimbatore
"P A College of Engineering and Technology (Autonomous), Palladam Road, Pollachi, Coimbatore Dt.-642002. (2741)",ELECTRONICS AND COMMUNICATION ENGINEERING (EC),135.5,124.5,94.0,109.0,87.0,114.0,,Coimbatore
"P A College of Engineering and Technology (Autonomous), Palladam Road, Pollachi, Coimbatore Dt.-642002. (2741)",INFORMATION TECHNOLOGY (IT),145.0,133.0,119.0,114.5,125.0,144.5,,Coimbatore
"P A College of Engineering and Technology (Autonomous), Palladam Road, Pollachi, Coimbatore Dt.-642002. (2741)",MECHANICAL ENGINEERING (ME),107.5,84.5,106.0,86.5,,89.5,,Coimbatore
"P.B. College of Engineering, Chennai-Bangalore High Way, Irungkattukottai, Sriperumbudur Taluk, Kancheepuram District, Chennai -602117. (1222)",AERONAUTICAL ENGINEERING (AE),109.5,,,100.5,,,,Kancheepuram
"P.B. College of Engineering, Chennai-Bangalore High Way, Irungkattukottai, Sriperumbudur Taluk, Kancheepuram District, Chennai -602117. (1222)",Artificial Intelligence and Data Science (AD),136.0,121.0,,99.0,119.5,,,Kancheepuram
"P.B. College of Engineering, Chennai-Bangalore High Way, Irungkattukottai, Sriperumbudur Taluk, Kancheepuram District, Chennai -602117. (1222)",AUTOMOBILE ENGINEERING (AU),101.5,,,,,,,Kancheepuram
"P.B. College of Engineering, Chennai-Bangalore High Way, Irungkattukottai, Sriperumbudur Taluk, Kancheepuram District, Chennai -602117. (1222)",CIVIL  ENGINEERING (CE),,,,,,,,Kancheepuram
"P.B. College of Engineering, Chennai-Bangalore High Way, Irungkattukottai, Sriperumbudur Taluk, Kancheepuram District, Chennai -602117. (1222)",COMPUTER SCIENCE AND ENGINEERING (CS),107.5,94.5,,95.0,,,,Kancheepuram
"P.B. College of Engineering, Chennai-Bangalore High Way, Irungkattukottai, Sriperumbudur Taluk, Kancheepuram District, Chennai -602117. (1222)",Computer Science and Engineering (Cyber Security) (SC),89.0,,,,,,,Kancheepuram
"P.B. College of Engineering, Chennai-Bangalore High Way, Irungkattukottai, Sriperumbudur Taluk, Kancheepuram District, Chennai -602117. (1222)",ELECTRICAL AND ELECTRONICS ENGINEERING (EE),84.5,,,,,,,Kancheepuram
"P.B. College of Engineering, Chennai-Bangalore High Way, Irungkattukottai, Sriperumbudur Taluk, Kancheepuram District, Chennai -602117. (1222)",ELECTRONICS AND COMMUNICATION ENGINEERING (EC),110.5,,,,,,,Kancheepuram
"P.B. College of Engineering, Chennai-Bangalore High Way, Irungkattukottai, Sriperumbudur Taluk, Kancheepuram District, Chennai -602117. (1222)",INFORMATION TECHNOLOGY (IT),91.0,,,,,,,Kancheepuram
"P.B. College of Engineering, Chennai-Bangalore High Way, Irungkattukottai, Sriperumbudur Taluk, Kancheepuram District, Chennai -602117. (1222)",MECHANICAL ENGINEERING (ME),88.0,,,,,,,Kancheepuram
"P.R. Engineering College, Thanjavur-Trichy High ways, Vallam, Thanjavur-613403. (3814)",Artificial Intelligence and Data Science (AD),88.5,,,,,,,Thanjavur
"P.R. Engineering College, Thanjavur-Trichy High ways, Vallam, Thanjavur-613403. (3814)",CIVIL  ENGINEERING (CE),109.5,,,,,,,Thanjavur
"P.R. Engineering College, Thanjavur-Trichy High ways, Vallam, Thanjavur-613403. (3814)",COMPUTER SCIENCE AND ENGINEERING (CS),96.0,,,,,,,Thanjavur
"P.R. Engineering College, Thanjavur-Trichy High ways, Vallam, Thanjavur-613403. (3814)",ELECTRICAL AND ELECTRONICS ENGINEERING (EE),,,,,,,,Thanjavur
"P.R. Engineering College, Thanjavur-Trichy High ways, Vallam, Thanjavur-613403. (3814)",ELECTRONICS AND COMMUNICATION ENGINEERING (EC),118.5,,,,,,,Thanjavur
"P.R. Engineering College, Thanjavur-Trichy High ways, Vallam, Thanjavur-613403. (3814)",MECHANICAL ENGINEERING (ME),,,,,,,,Thanjavur
"P.S.R. Engineering College (Autonomous), Appayanaickenpatty, Sevalpatty, Sivakasi, Virudhunagar District -626140. (4965)",Artificial Intelligence and Data Science (AD),158.5,146.0,131.5,143.0,80.0,,,Virudhunagar
"P.S.R. Engineering College (Autonomous), Appayanaickenpatty, Sevalpatty, Sivakasi, Virudhunagar District -626140. (4965)",BIO MEDICAL ENGINEERING (BM),127.0,94.0,118.5,105.5,105.5,,,Virudhunagar
"P.S.R. Engineering College (Autonomous), Appayanaickenpatty, Sevalpatty, Sivakasi, Virudhunagar District -626140. (4965)",BIO TECHNOLOGY (BT),128.5,101.0,,99.0,113.5,,,Virudhunagar
"P.S.R. Engineering College (Autonomous), Appayanaickenpatty, Sevalpatty, Sivakasi, Virudhunagar District -626140. (4965)",CIVIL  ENGINEERING (CE),128.0,98.0,110.0,89.0,93.5,,,Virudhunagar
"P.S.R. Engineering College (Autonomous), Appayanaickenpatty, Sevalpatty, Sivakasi, Virudhunagar District -626140. (4965)",COMPUTER SCIENCE AND ENGINEERING (CS),155.0,142.0,136.0,139.5,104.5,102.0,,Virudhunagar
"P.S.R. Engineering College (Autonomous), Appayanaickenpatty, Sevalpatty, Sivakasi, Virudhunagar District -626140. (4965)",ELECTRICAL AND ELECTRONICS ENGINEERING (EE),130.5,112.5,104.0,116.0,92.5,,,Virudhunagar
"P.S.R. Engineering College (Autonomous), Appayanaickenpatty, Sevalpatty, Sivakasi, Virudhunagar District -626140. (4965)",ELECTRONICS AND COMMUNICATION ENGINEERING (EC),146.0,139.5,118.5,130.0,128.0,,,Virudhunagar
"P.S.R. Engineering College (Autonomous), Appayanaickenpatty, Sevalpatty, Sivakasi, Virudhunagar District -626140. (4965)",INFORMATION TECHNOLOGY (IT),146.5,139.5,113.0,127.5,107.5,,,Virudhunagar
"P.S.R. Engineering College (Autonomous), Appayanaickenpatty, Sevalpatty, Sivakasi, Virudhunagar District -626140. (4965)",MECHANICAL ENGINEERING (ME),107.5,84.5,97.5,82.0,,,,Virudhunagar
"P.S.R.R College of Engineering, Appayanaickenpatti, Sevalpatti, Sivakasi, Virudhunagar -626140. (4995)",Artificial Intelligence and Data Science (AD),127.5,108.5,111.5,100.0,,,,Virudhunagar
"P.S.R.R College of Engineering, Appayanaickenpatti, Sevalpatti, Sivakasi, Virudhunagar -626140. (4995)",COMPUTER SCIENCE AND ENGINEERING (CS),137.5,124.5,,105.5,103.5,,,Virudhunagar
"P.S.R.R College of Engineering, Appayanaickenpatti, Sevalpatti, Sivakasi, Virudhunagar -626140. (4995)",ELECTRICAL AND ELECTRONICS ENGINEERING (EE),80.5,,,,,,,Virudhunagar
"P.S.R.R College of Engineering, Appayanaickenpatti, Sevalpatti, Sivakasi, Virudhunagar -626140. (4995)",ELECTRONICS AND COMMUNICATION ENGINEERING (EC),117.5,91.0,,96.0,99.0,,,Virudhunagar
"P.S.V.College of Engineering and Technology, Mittapalli, Balinayanapalli Post, Krishnagiri-635108. (2642)",Artificial Intelligence and Data Science (AD),159.5,124.5,,146.5,127.0,,,Krishnagiri
"P.S.V.College of Engineering and Technology, Mittapalli, Balinayanapalli Post, Krishnagiri-635108. (2642)",BIO MEDICAL ENGINEERING (BM),102.5,95.0,,89.0,90.0,,,Krishnagiri
"P.S.V.College of Engineering and Technology, Mittapalli, Balinayanapalli Post, Krishnagiri-635108. (2642)",CIVIL  ENGINEERING (CE),104.0,101.0,,92.0,81.5,,,Krishnagiri
"P.S.V.College of Engineering and Technology, Mittapalli, Balinayanapalli Post, Krishnagiri-635108. (2642)",COMPUTER SCIENCE AND ENGINEERING (CS),139.5,105.5,124.0,117.0,108.5,92.0,,Krishnagiri
"P.S.V.College of Engineering and Technology, Mittapalli, Balinayanapalli Post, Krishnagiri-635108. (2642)",Computer Science and Engineering (Cyber Security) (SC),123.5,101.5,120.0,108.0,99.5,92.0,,Krishnagiri
"P.S.V.College of Engineering and Technology, Mittapalli, Balinayanapalli Post, Krishnagiri-635108. (2642)",ELECTRICAL AND ELECTRONICS ENGINEERING (EE),109.5,90.0,,83.5,80.0,,,Krishnagiri
"P.S.V.College of Engineering and Technology, Mittapalli, Balinayanapalli Post, Krishnagiri-635108. (2642)",ELECTRONICS AND COMMUNICATION ENGINEERING (EC),135.0,117.5,114.5,109.5,106.0,,,Krishnagiri
"P.S.V.College of Engineering and Technology, Mittapalli, Balinayanapalli Post, Krishnagiri-635108. (2642)",INFORMATION TECHNOLOGY (IT),137.0,81.0,128.5,110.0,112.0,,,Krishnagiri
"P.S.V.College of Engineering and Technology, Mittapalli, Balinayanapalli Post, Krishnagiri-635108. (2642)",MECHANICAL ENGINEERING (ME),97.0,80.5,,80.0,82.5,,,Krishnagiri
"P.T.Lee Chengalvaraya Naicker College of Engineering and Technology, Oovery, Veliyur Post, Kanchipuram District-631502. (1226)",Artificial Intelligence and Data Science (AD),175.0,99.5,,162.5,92.5,90.0,,Other
"P.T.Lee Chengalvaraya Naicker College of Engineering and Technology, Oovery, Veliyur Post, Kanchipuram District-631502. (1226)",COMPUTER SCIENCE AND ENGINEERING (CS),156.5,93.0,,149.0,92.5,,,Other
"P.T.Lee Chengalvaraya Naicker College of Engineering and Technology, Oovery, Veliyur Post, Kanchipuram District-631502. (1226)",ELECTRICAL AND ELECTRONICS ENGINEERING (EE),127.0,106.0,,108.5,91.0,,,Other
"P.T.Lee Chengalvaraya Naicker College of Engineering and Technology, Oovery, Veliyur Post, Kanchipuram District-631502. (1226)",ELECTRONICS AND COMMUNICATION ENGINEERING (EC),149.5,105.0,,145.0,98.0,,,Other
"P.T.Lee Chengalvaraya Naicker College of Engineering and Technology, Oovery, Veliyur Post, Kanchipuram District-631502. (1226)",INFORMATION TECHNOLOGY (IT),167.0,111.5,,160.0,120.5,,,Other
"P.T.Lee Chengalvaraya Naicker College of Engineering and Technology, Oovery, Veliyur Post, Kanchipuram District-631502. (1226)",MECHANICAL ENGINEERING (ME),115.5,92.0,,99.0,105.0,,,Other
"P.T.R. College of Engineering and Technology, Thanapandiyan Nagar, Madurai - Tirumangalam Road, Madurai-625008. (5911)",Artificial Intelligence and Data Science (AD),99.5,,,,,,,Madurai
"P.T.R. College of Engineering and Technology, Thanapandiyan Nagar, Madurai - Tirumangalam Road, Madurai-625008. (5911)",BIO MEDICAL ENGINEERING (BM),,,,,,,,Madurai
"P.T.R. College of Engineering and Technology, Thanapandiyan Nagar, Madurai - Tirumangalam Road, Madurai-625008. (5911)",CIVIL  ENGINEERING (CE),110.0,,,,,,,Madurai
"P.T.R. College of Engineering and Technology, Thanapandiyan Nagar, Madurai - Tirumangalam Road, Madurai-625008. (5911)",COMPUTER SCIENCE AND BUSSINESS SYSTEM (CB),,,,,,,,Madurai
"P.T.R. College of Engineering and Technology, Thanapandiyan Nagar, Madurai - Tirumangalam Road, Madurai-625008. (5911)",COMPUTER SCIENCE AND ENGINEERING (CS),117.5,96.0,,,82.0,,,Madurai
"P.T.R. College of Engineering and Technology, Thanapandiyan Nagar, Madurai - Tirumangalam Road, Madurai-625008. (5911)",Computer Science and Engineering (Cyber Security) (SC),107.0,,,,,,,Madurai
"P.T.R. College of Engineering and Technology, Thanapandiyan Nagar, Madurai - Tirumangalam Road, Madurai-625008. (5911)",ELECTRICAL AND ELECTRONICS ENGINEERING (EE),,,,,,,,Madurai
"P.T.R. College of Engineering and Technology, Thanapandiyan Nagar, Madurai - Tirumangalam Road, Madurai-625008. (5911)",ELECTRONICS AND COMMUNICATION ENGINEERING (EC),96.0,,,,,,,Madurai
"P.T.R. College of Engineering and Technology, Thanapandiyan Nagar, Madurai - Tirumangalam Road, Madurai-625008. (5911)",MECHANICAL ENGINEERING (ME),,,,,,,,Madurai
"Paavai College of Engineering, Paavai Nagar, NH-7,Pachal, Namakkal-637018. (2628)",Artificial Intelligence and Data Science (AD),155.5,141.0,144.0,141.5,118.0,,,Namakkal
"Paavai College of Engineering, Paavai Nagar, NH-7,Pachal, Namakkal-637018. (2628)",AUTOMOBILE ENGINEERING (AU),102.0,,,,,,,Namakkal
"Paavai College of Engineering, Paavai Nagar, NH-7,Pachal, Namakkal-637018. (2628)",BIO MEDICAL ENGINEERING (BM),117.5,98.5,,88.5,84.5,116.5,102.0,Namakkal
"Paavai College of Engineering, Paavai Nagar, NH-7,Pachal, Namakkal-637018. (2628)",COMPUTER SCIENCE AND ENGINEERING (CS),135.5,88.0,121.5,123.0,88.5,,,Namakkal
"Paavai College of Engineering, Paavai Nagar, NH-7,Pachal, Namakkal-637018. (2628)",COMPUTER SCIENCE AND ENGINEERING (AI AND MACHINE LEARNING) (AM),129.0,95.0,101.5,121.5,88.0,,,Namakkal
"Paavai College of Engineering, Paavai Nagar, NH-7,Pachal, Namakkal-637018. (2628)",Computer Science and Engineering (Cyber Security) (SC),123.5,90.0,,118.0,94.5,97.0,,Namakkal
"Paavai College of Engineering, Paavai Nagar, NH-7,Pachal, Namakkal-637018. (2628)",ELECTRICAL AND ELECTRONICS ENGINEERING (EE),114.0,108.0,,94.5,,114.0,,Namakkal
"Paavai College of Engineering, Paavai Nagar, NH-7,Pachal, Namakkal-637018. (2628)",ELECTRONICS AND COMMUNICATION ENGINEERING (EC),124.5,114.0,,110.5,88.5,,,Namakkal
"Paavai College of Engineering, Paavai Nagar, NH-7,Pachal, Namakkal-637018. (2628)",MECHANICAL ENGINEERING (ME),102.5,89.5,,97.5,,,,Namakkal
"Paavai Engineering College (Autonomous), NH-7, Paavai Nagar, Pachal, Namakkal-637018. (2611)",AERONAUTICAL ENGINEERING (AE),121.5,90.5,,89.5,96.5,,,Namakkal
"Paavai Engineering College (Autonomous), NH-7, Paavai Nagar, Pachal, Namakkal-637018. (2611)",AGRICULTURAL ENGINEERING (AG),108.0,,,97.0,100.5,85.5,,Namakkal
"Paavai Engineering College (Autonomous), NH-7, Paavai Nagar, Pachal, Namakkal-637018. (2611)",Artificial Intelligence and Data Science (AD),166.5,145.5,150.5,144.0,118.5,143.0,,Namakkal
"Paavai Engineering College (Autonomous), NH-7, Paavai Nagar, Pachal, Namakkal-637018. (2611)",BIO MEDICAL ENGINEERING (BM),153.5,127.0,129.0,100.5,125.0,135.0,,Namakkal
"Paavai Engineering College (Autonomous), NH-7, Paavai Nagar, Pachal, Namakkal-637018. (2611)",BIO TECHNOLOGY (BT),121.0,85.5,,95.5,102.5,94.0,,Namakkal
"Paavai Engineering College (Autonomous), NH-7, Paavai Nagar, Pachal, Namakkal-637018. (2611)",CHEMICAL  ENGINEERING (CH),116.0,92.0,,85.5,87.5,,,Namakkal
"Paavai Engineering College (Autonomous), NH-7, Paavai Nagar, Pachal, Namakkal-637018. (2611)",CIVIL  ENGINEERING (CE),96.0,,,91.0,83.5,,,Namakkal
"Paavai Engineering College (Autonomous), NH-7, Paavai Nagar, Pachal, Namakkal-637018. (2611)",COMPUTER SCIENCE AND ENGINEERING (CS),150.5,135.0,99.5,133.0,97.0,97.5,,Namakkal
"Paavai Engineering College (Autonomous), NH-7, Paavai Nagar, Pachal, Namakkal-637018. (2611)",COMPUTER SCIENCE AND ENGINEERING (AI AND MACHINE LEARNING) (AM),146.0,126.5,129.0,139.5,84.5,127.0,,Namakkal
"Paavai Engineering College (Autonomous), NH-7, Paavai Nagar, Pachal, Namakkal-637018. (2611)",Computer Science and Engineering (Internet of Things) (CI),129.0,104.5,91.5,119.0,97.5,,,Namakkal
"Paavai Engineering College (Autonomous), NH-7, Paavai Nagar, Pachal, Namakkal-637018. (2611)",Cyber Security (CY),135.5,82.0,98.0,122.5,108.0,85.0,101.0,Namakkal
"Paavai Engineering College (Autonomous), NH-7, Paavai Nagar, Pachal, Namakkal-637018. (2611)",ELECTRICAL AND ELECTRONICS ENGINEERING (EE),125.0,100.0,,103.0,92.0,110.0,,Namakkal
"Paavai Engineering College (Autonomous), NH-7, Paavai Nagar, Pachal, Namakkal-637018. (2611)",ELECTRONICS AND COMMUNICATION ENGINEERING (EC),142.0,87.5,113.5,120.5,82.0,82.5,,Namakkal
"Paavai Engineering College (Autonomous), NH-7, Paavai Nagar, Pachal, Namakkal-637018. (2611)",FOOD TECHNOLOGY (FD),121.0,93.0,109.5,97.5,105.0,94.5,116.5,Namakkal
"Paavai Engineering College (Autonomous), NH-7, Paavai Nagar, Pachal, Namakkal-637018. (2611)",INFORMATION TECHNOLOGY (IT),144.0,113.5,112.5,133.5,100.5,119.5,,Namakkal
"Paavai Engineering College (Autonomous), NH-7, Paavai Nagar, Pachal, Namakkal-637018. (2611)",MECHANICAL ENGINEERING (ME),106.5,95.5,93.0,82.0,98.0,,,Namakkal
"Paavai Engineering College (Autonomous), NH-7, Paavai Nagar, Pachal, Namakkal-637018. (2611)",Mechatronics Engineering (MZ),114.5,100.0,,83.0,83.0,,,Namakkal
"Paavai Engineering College (Autonomous), NH-7, Paavai Nagar, Pachal, Namakkal-637018. (2611)",PHARMACEUTICAL TECHNOLOGY (PH),117.5,88.0,,96.0,105.5,97.5,,Namakkal
"Paavai Engineering College (Autonomous), NH-7, Paavai Nagar, Pachal, Namakkal-637018. (2611)",ROBOTICS AND AUTOMATION (RM),109.0,100.0,96.0,84.0,,101.0,,Namakkal
"Pallavan College of Engineering, Thimmasamudram, Kanchipuram -631502. (1209)",CIVIL  ENGINEERING (CE),,,,,,,,Other
"Pallavan College of Engineering, Thimmasamudram, Kanchipuram -631502. (1209)",COMPUTER SCIENCE AND ENGINEERING (CS),83.0,,,,,,,Other
"Pallavan College of Engineering, Thimmasamudram, Kanchipuram -631502. (1209)",ELECTRICAL AND ELECTRONICS ENGINEERING (EE),,,,,,,,Other
"Pallavan College of Engineering, Thimmasamudram, Kanchipuram -631502. (1209)",ELECTRONICS AND COMMUNICATION ENGINEERING (EC),105.5,,,,,,,Other
"Pallavan College of Engineering, Thimmasamudram, Kanchipuram -631502. (1209)",INFORMATION TECHNOLOGY (IT),116.5,,,,,,,Other
"Pallavan College of Engineering, Thimmasamudram, Kanchipuram -631502. (1209)",MECHANICAL ENGINEERING (ME),,,,,,,,Other
"Pandian Saraswathi Yadav Engineering College, Arasanoor Village, Thirumansolai Post, Sivaganagi District-630561. (5912)",Artificial Intelligence and Data Science (AD),135.5,90.5,,114.0,122.0,,,Other
"Pandian Saraswathi Yadav Engineering College, Arasanoor Village, Thirumansolai Post, Sivaganagi District-630561. (5912)",CIVIL  ENGINEERING (CE),84.5,,,,,,,Other
"Pandian Saraswathi Yadav Engineering College, Arasanoor Village, Thirumansolai Post, Sivaganagi District-630561. (5912)",COMPUTER SCIENCE AND ENGINEERING (CS),124.5,97.0,,99.0,87.5,,,Other
"Pandian Saraswathi Yadav Engineering College, Arasanoor Village, Thirumansolai Post, Sivaganagi District-630561. (5912)",COMPUTER SCIENCE AND ENGINEERING (AI AND MACHINE LEARNING) (AM),99.5,96.0,,85.0,,,,Other
"Pandian Saraswathi Yadav Engineering College, Arasanoor Village, Thirumansolai Post, Sivaganagi District-630561. (5912)",Computer Science and Engineering (Cyber Security) (SC),108.0,,,,,,,Other
"Pandian Saraswathi Yadav Engineering College, Arasanoor Village, Thirumansolai Post, Sivaganagi District-630561. (5912)",ELECTRICAL AND ELECTRONICS ENGINEERING (EE),100.0,,,,,,,Other
"Pandian Saraswathi Yadav Engineering College, Arasanoor Village, Thirumansolai Post, Sivaganagi District-630561. (5912)",ELECTRONICS AND COMMUNICATION ENGINEERING (EC),92.5,85.5,,,,,,Other
"Pandian Saraswathi Yadav Engineering College, Arasanoor Village, Thirumansolai Post, Sivaganagi District-630561. (5912)",INFORMATION TECHNOLOGY (IT),136.5,99.0,,103.5,100.0,,,Other
"Pandian Saraswathi Yadav Engineering College, Arasanoor Village, Thirumansolai Post, Sivaganagi District-630561. (5912)",MECHANICAL ENGINEERING (ME),92.5,,,,,,,Other
"Panimalar Engineering College (Autonomous), Bangalore Trunk Road, NazarathPet, Varadharajapuram, Poonamallee, Thiruvallur (DT), Chennai-600123. (1210)",Artificial Intelligence and Data Science (AD),170.5,162.5,155.0,160.0,128.0,99.5,118.5,Chennai
"Panimalar Engineering College (Autonomous), Bangalore Trunk Road, NazarathPet, Varadharajapuram, Poonamallee, Thiruvallur (DT), Chennai-600123. (1210)",Artificial Intelligence and Machine Learning (AL),166.5,160.0,154.0,156.0,126.0,,,Chennai
"Panimalar Engineering College (Autonomous), Bangalore Trunk Road, NazarathPet, Varadharajapuram, Poonamallee, Thiruvallur (DT), Chennai-600123. (1210)",COMPUTER SCIENCE AND BUSSINESS SYSTEM (CB),163.5,158.0,158.5,155.5,120.0,,103.5,Chennai
"Panimalar Engineering College (Autonomous), Bangalore Trunk Road, NazarathPet, Varadharajapuram, Poonamallee, Thiruvallur (DT), Chennai-600123. (1210)",COMPUTER SCIENCE AND ENGINEERING (CS),172.5,165.0,158.5,161.5,133.5,101.5,115.0,Chennai
"Panimalar Engineering College (Autonomous), Bangalore Trunk Road, NazarathPet, Varadharajapuram, Poonamallee, Thiruvallur (DT), Chennai-600123. (1210)",ELECTRICAL AND ELECTRONICS ENGINEERING (EE),159.0,153.5,142.0,147.5,122.0,,,Chennai
"Panimalar Engineering College (Autonomous), Bangalore Trunk Road, NazarathPet, Varadharajapuram, Poonamallee, Thiruvallur (DT), Chennai-600123. (1210)",ELECTRONICS AND COMMUNICATION ENGINEERING (EC),168.5,162.5,156.5,156.5,127.0,129.5,117.5,Chennai
"Panimalar Engineering College (Autonomous), Bangalore Trunk Road, NazarathPet, Varadharajapuram, Poonamallee, Thiruvallur (DT), Chennai-600123. (1210)",INFORMATION TECHNOLOGY (IT),168.0,161.5,154.0,159.0,130.0,,90.0,Chennai
"Panimalar Engineering College (Autonomous), Bangalore Trunk Road, NazarathPet, Varadharajapuram, Poonamallee, Thiruvallur (DT), Chennai-600123. (1210)",MECHANICAL ENGINEERING (ME),144.0,135.5,142.5,132.5,105.5,128.5,,Chennai
"Parisutham Institute of Technology and Science (Autonomous), NH 67 Ring Road, Nanjikottai, Thanjavur-613006. (3833)",AERONAUTICAL ENGINEERING (AE),102.0,,,,,,,Thanjavur
"Parisutham Institute of Technology and Science (Autonomous), NH 67 Ring Road, Nanjikottai, Thanjavur-613006. (3833)",CIVIL  ENGINEERING (CE),,,,,,,,Thanjavur
"Parisutham Institute of Technology and Science (Autonomous), NH 67 Ring Road, Nanjikottai, Thanjavur-613006. (3833)",COMPUTER SCIENCE AND ENGINEERING (CS),125.5,90.0,108.5,83.0,98.0,86.0,,Thanjavur
"Parisutham Institute of Technology and Science (Autonomous), NH 67 Ring Road, Nanjikottai, Thanjavur-613006. (3833)",ELECTRICAL AND ELECTRONICS ENGINEERING (EE),100.0,,,,,,,Thanjavur
"Parisutham Institute of Technology and Science (Autonomous), NH 67 Ring Road, Nanjikottai, Thanjavur-613006. (3833)",ELECTRONICS AND COMMUNICATION ENGINEERING (EC),89.0,,,,,,,Thanjavur
"Parisutham Institute of Technology and Science (Autonomous), NH 67 Ring Road, Nanjikottai, Thanjavur-613006. (3833)",INFORMATION TECHNOLOGY (IT),115.5,89.5,,106.5,,,,Thanjavur
"Parisutham Institute of Technology and Science (Autonomous), NH 67 Ring Road, Nanjikottai, Thanjavur-613006. (3833)",MECHANICAL ENGINEERING (ME),95.0,,,,,,,Thanjavur
"Park College of Engineering and Technology, Avinashi Road (NH-47), Kaniyur,Coimbatore-641659. (2716)",AERONAUTICAL ENGINEERING (AE),111.5,104.5,,96.5,98.0,109.5,,Coimbatore
"Park College of Engineering and Technology, Avinashi Road (NH-47), Kaniyur,Coimbatore-641659. (2716)",AGRICULTURAL ENGINEERING (AG),94.0,,,,,,,Coimbatore
"Park College of Engineering and Technology, Avinashi Road (NH-47), Kaniyur,Coimbatore-641659. (2716)",Artificial Intelligence and Data Science (AD),133.0,106.5,108.5,98.5,114.0,,,Coimbatore
"Park College of Engineering and Technology, Avinashi Road (NH-47), Kaniyur,Coimbatore-641659. (2716)",BIO MEDICAL ENGINEERING (BM),113.0,102.0,,104.5,104.0,,,Coimbatore
"Park College of Engineering and Technology, Avinashi Road (NH-47), Kaniyur,Coimbatore-641659. (2716)",COMPUTER SCIENCE AND ENGINEERING (CS),138.0,90.0,132.0,87.5,88.5,134.5,102.5,Coimbatore
"Park College of Engineering and Technology, Avinashi Road (NH-47), Kaniyur,Coimbatore-641659. (2716)",Computer Science and Engineering (Cyber Security) (SC),131.5,124.5,,121.0,109.0,,,Coimbatore
"Park College of Engineering and Technology, Avinashi Road (NH-47), Kaniyur,Coimbatore-641659. (2716)",ELECTRICAL AND ELECTRONICS ENGINEERING (EE),103.0,,,,,,,Coimbatore
"Park College of Engineering and Technology, Avinashi Road (NH-47), Kaniyur,Coimbatore-641659. (2716)",ELECTRONICS AND COMMUNICATION ENGINEERING (EC),136.0,103.5,,123.5,106.5,,,Coimbatore
"Park College of Engineering and Technology, Avinashi Road (NH-47), Kaniyur,Coimbatore-641659. (2716)",GEO INFORMATICS (GI),86.0,,,,,,,Coimbatore
"Park College of Engineering and Technology, Avinashi Road (NH-47), Kaniyur,Coimbatore-641659. (2716)",INFORMATION TECHNOLOGY (IT),126.5,110.0,,102.0,102.5,,,Coimbatore
"Park College of Engineering and Technology, Avinashi Road (NH-47), Kaniyur,Coimbatore-641659. (2716)",MECHANICAL ENGINEERING (ME),95.0,,,95.0,,,,Coimbatore
"Park College of Engineering and Technology, Avinashi Road (NH-47), Kaniyur,Coimbatore-641659. (2716)",Mechatronics Engineering (MZ),99.0,,,,,,,Coimbatore
"Park College of Engineering and Technology, Avinashi Road (NH-47), Kaniyur,Coimbatore-641659. (2716)",MEDICAL ELECTRONICS (MD),104.0,,,,,,,Coimbatore
"Park College of Engineering and Technology, Avinashi Road (NH-47), Kaniyur,Coimbatore-641659. (2716)",ROBOTICS AND AUTOMATION (RM),114.5,86.5,,109.5,90.0,,,Coimbatore
"Park College of Engineering and Technology, Avinashi Road (NH-47), Kaniyur,Coimbatore-641659. (2716)",TEXTILE TECHNOLOGY (TX),93.0,,,,,,,Coimbatore
"Park College of Technology, Prema Ravi Nagar, Karumathampatty, Coimbatore-641659. (2768)",AEROSPACE ENGINEERING (AO),138.0,96.5,,,,,,Coimbatore
"Park College of Technology, Prema Ravi Nagar, Karumathampatty, Coimbatore-641659. (2768)",Artificial Intelligence and Data Science (AD),104.5,,,,,,,Coimbatore
"Park College of Technology, Prema Ravi Nagar, Karumathampatty, Coimbatore-641659. (2768)",CIVIL  ENGINEERING (CE),87.5,,,,,,,Coimbatore
"Park College of Technology, Prema Ravi Nagar, Karumathampatty, Coimbatore-641659. (2768)",COMPUTER SCIENCE AND ENGINEERING (CS),80.0,,,,,,,Coimbatore
"Park College of Technology, Prema Ravi Nagar, Karumathampatty, Coimbatore-641659. (2768)",COMPUTER SCIENCE AND ENGINEERING (AI AND MACHINE LEARNING) (AM),105.0,,,,,,,Coimbatore
"Park College of Technology, Prema Ravi Nagar, Karumathampatty, Coimbatore-641659. (2768)",ELECTRONICS AND COMMUNICATION ENGINEERING (EC),96.0,,,,,,,Coimbatore
"Park College of Technology, Prema Ravi Nagar, Karumathampatty, Coimbatore-641659. (2768)",ENVIRONMENTAL ENGINEERING (EN),101.5,,,,,,,Coimbatore
"Park College of Technology, Prema Ravi Nagar, Karumathampatty, Coimbatore-641659. (2768)",MECHANICAL ENGINEERING (ME),,,,,,,,Coimbatore
"Pavendar Bharathidasan College of Engineering and Technology, Thanjai Natarajan Nagar, Opp. to Bharathidasan University, Pudukkottai Main Raod, Mathur, Kulathur, Pudukkottai-622515. (3815)",Artificial Intelligence and Data Science (AD),139.0,138.0,106.0,,110.5,,,Pudukkottai
"Pavendar Bharathidasan College of Engineering and Technology, Thanjai Natarajan Nagar, Opp. to Bharathidasan University, Pudukkottai Main Raod, Mathur, Kulathur, Pudukkottai-622515. (3815)",BIO MEDICAL ENGINEERING (BM),131.5,106.5,,131.0,116.5,,,Pudukkottai
"Pavendar Bharathidasan College of Engineering and Technology, Thanjai Natarajan Nagar, Opp. to Bharathidasan University, Pudukkottai Main Raod, Mathur, Kulathur, Pudukkottai-622515. (3815)",BIO TECHNOLOGY (BT),108.5,101.5,,86.0,107.0,,,Pudukkottai
"Pavendar Bharathidasan College of Engineering and Technology, Thanjai Natarajan Nagar, Opp. to Bharathidasan University, Pudukkottai Main Raod, Mathur, Kulathur, Pudukkottai-622515. (3815)",COMPUTER SCIENCE AND ENGINEERING (CS),118.5,103.0,,,110.0,,,Pudukkottai
"Pavendar Bharathidasan College of Engineering and Technology, Thanjai Natarajan Nagar, Opp. to Bharathidasan University, Pudukkottai Main Raod, Mathur, Kulathur, Pudukkottai-622515. (3815)",ELECTRICAL AND ELECTRONICS ENGINEERING (EE),,,,,,,,Pudukkottai
"Pavendar Bharathidasan College of Engineering and Technology, Thanjai Natarajan Nagar, Opp. to Bharathidasan University, Pudukkottai Main Raod, Mathur, Kulathur, Pudukkottai-622515. (3815)",ELECTRONICS AND COMMUNICATION ENGINEERING (EC),88.0,87.0,,,,,,Pudukkottai
"Pavendar Bharathidasan College of Engineering and Technology, Thanjai Natarajan Nagar, Opp. to Bharathidasan University, Pudukkottai Main Raod, Mathur, Kulathur, Pudukkottai-622515. (3815)",INFORMATION TECHNOLOGY (IT),129.0,86.5,,91.5,91.0,,118.0,Pudukkottai
"Pavendar Bharathidasan College of Engineering and Technology, Thanjai Natarajan Nagar, Opp. to Bharathidasan University, Pudukkottai Main Raod, Mathur, Kulathur, Pudukkottai-622515. (3815)",MECHANICAL ENGINEERING (ME),108.0,,,,,,,Pudukkottai
"Pavendar Bharathidasan College of Engineering and Technology, Thanjai Natarajan Nagar, Opp. to Bharathidasan University, Pudukkottai Main Raod, Mathur, Kulathur, Pudukkottai-622515. (3815)",TEXTILE TECHNOLOGY (TX),,,,,,,,Pudukkottai
"PERI Institute of Technology (Autonomous), Mannivakkam,Tambaram, Kancheepuram, Chennai-600048. (1452)",Artificial Intelligence and Data Science (AD),154.0,130.0,,124.5,110.5,,,Kancheepuram
"PERI Institute of Technology (Autonomous), Mannivakkam,Tambaram, Kancheepuram, Chennai-600048. (1452)",CIVIL  ENGINEERING (CE),89.0,,,,,,,Kancheepuram
"PERI Institute of Technology (Autonomous), Mannivakkam,Tambaram, Kancheepuram, Chennai-600048. (1452)",COMPUTER SCIENCE AND BUSSINESS SYSTEM (CB),107.0,,,102.5,,,,Kancheepuram
"PERI Institute of Technology (Autonomous), Mannivakkam,Tambaram, Kancheepuram, Chennai-600048. (1452)",COMPUTER SCIENCE AND ENGINEERING (CS),142.0,105.0,118.0,109.0,93.0,,,Kancheepuram
"PERI Institute of Technology (Autonomous), Mannivakkam,Tambaram, Kancheepuram, Chennai-600048. (1452)",COMPUTER SCIENCE AND ENGINEERING (AI AND MACHINE LEARNING) (AM),142.5,110.0,,108.5,,,,Kancheepuram
"PERI Institute of Technology (Autonomous), Mannivakkam,Tambaram, Kancheepuram, Chennai-600048. (1452)",Computer Science and Engineering (Cyber Security) (SC),111.0,90.0,,,97.5,,,Kancheepuram
"PERI Institute of Technology (Autonomous), Mannivakkam,Tambaram, Kancheepuram, Chennai-600048. (1452)",ELECTRICAL AND ELECTRONICS ENGINEERING (EE),87.5,,,,,,,Kancheepuram
"PERI Institute of Technology (Autonomous), Mannivakkam,Tambaram, Kancheepuram, Chennai-600048. (1452)",ELECTRONICS AND COMMUNICATION ENGINEERING (EC),144.0,98.5,,95.5,105.5,,,Kancheepuram
"PERI Institute of Technology (Autonomous), Mannivakkam,Tambaram, Kancheepuram, Chennai-600048. (1452)",INFORMATION TECHNOLOGY (IT),137.5,107.5,,115.5,128.5,,,Kancheepuram
"PERI Institute of Technology (Autonomous), Mannivakkam,Tambaram, Kancheepuram, Chennai-600048. (1452)",MECHANICAL ENGINEERING (ME),87.0,,,,,,,Kancheepuram
"PET Engineering College, Thiruchendur Road, Vallioor, Tirunelveli -627117. (4966)",Artificial Intelligence and Data Science (AD),130.5,109.0,117.5,95.0,83.5,,,Tirunelveli
"PET Engineering College, Thiruchendur Road, Vallioor, Tirunelveli -627117. (4966)",CIVIL  ENGINEERING (CE),94.0,,,,,,,Tirunelveli
"PET Engineering College, Thiruchendur Road, Vallioor, Tirunelveli -627117. (4966)",COMPUTER SCIENCE AND ENGINEERING (CS),137.5,90.5,128.5,93.0,81.5,,,Tirunelveli
"PET Engineering College, Thiruchendur Road, Vallioor, Tirunelveli -627117. (4966)",ELECTRICAL AND ELECTRONICS ENGINEERING (EE),104.5,89.5,,85.5,,,,Tirunelveli
"PET Engineering College, Thiruchendur Road, Vallioor, Tirunelveli -627117. (4966)",ELECTRONICS AND COMMUNICATION ENGINEERING (EC),125.5,88.5,116.0,111.0,90.5,,,Tirunelveli
"PET Engineering College, Thiruchendur Road, Vallioor, Tirunelveli -627117. (4966)",MECHANICAL ENGINEERING (ME),85.0,80.5,,,,,,Tirunelveli
"PGP College of Engineering and Technology, Namakkal-Paramathi NH 7 Road, Namakkal-637207. (2612)",Artificial Intelligence and Data Science (AD),123.0,84.5,,104.5,80.0,93.5,,Namakkal
"PGP College of Engineering and Technology, Namakkal-Paramathi NH 7 Road, Namakkal-637207. (2612)",BIO MEDICAL ENGINEERING (BM),90.0,,,,,,,Namakkal
"PGP College of Engineering and Technology, Namakkal-Paramathi NH 7 Road, Namakkal-637207. (2612)",CIVIL  ENGINEERING (CE),90.5,,,,,,,Namakkal
"PGP College of Engineering and Technology, Namakkal-Paramathi NH 7 Road, Namakkal-637207. (2612)",COMPUTER SCIENCE AND ENGINEERING (CS),99.5,84.5,,93.0,89.0,84.5,,Namakkal
"PGP College of Engineering and Technology, Namakkal-Paramathi NH 7 Road, Namakkal-637207. (2612)",ELECTRICAL AND ELECTRONICS ENGINEERING (EE),90.0,,,,,,,Namakkal
"PGP College of Engineering and Technology, Namakkal-Paramathi NH 7 Road, Namakkal-637207. (2612)",ELECTRONICS AND COMMUNICATION ENGINEERING (EC),87.0,,,82.5,85.5,,,Namakkal
"PGP College of Engineering and Technology, Namakkal-Paramathi NH 7 Road, Namakkal-637207. (2612)",INFORMATION TECHNOLOGY (IT),94.5,84.5,,85.0,80.5,,,Namakkal
"PGP College of Engineering and Technology, Namakkal-Paramathi NH 7 Road, Namakkal-637207. (2612)",MECHANICAL ENGINEERING (ME),88.5,,,,,,,Namakkal
"PMR Engineering College, Adayalampattu, Tiruvallur, Chennai-600095. (1125)",AERONAUTICAL ENGINEERING (AE),,,,,,,,Tiruvallur
"PMR Engineering College, Adayalampattu, Tiruvallur, Chennai-600095. (1125)",Artificial Intelligence and Data Science (AD),,,,,,,,Tiruvallur
"PMR Engineering College, Adayalampattu, Tiruvallur, Chennai-600095. (1125)",CIVIL  ENGINEERING (CE),,,,,,,,Tiruvallur
"PMR Engineering College, Adayalampattu, Tiruvallur, Chennai-600095. (1125)",COMPUTER SCIENCE AND ENGINEERING (CS),121.0,,,,,,,Tiruvallur
"PMR Engineering College, Adayalampattu, Tiruvallur, Chennai-600095. (1125)",Computer Science and Engineering (Cyber Security) (SC),107.5,,,,,,,Tiruvallur
"PMR Engineering College, Adayalampattu, Tiruvallur, Chennai-600095. (1125)",ELECTRICAL AND ELECTRONICS ENGINEERING (EE),,,,,,,,Tiruvallur
"PMR Engineering College, Adayalampattu, Tiruvallur, Chennai-600095. (1125)",ELECTRONICS AND COMMUNICATION ENGINEERING (EC),,,,,,,,Tiruvallur
"PMR Engineering College, Adayalampattu, Tiruvallur, Chennai-600095. (1125)",MECHANICAL ENGINEERING (ME),,,,,,,,Tiruvallur
"Podhigai College of Engineering and Technology, Salem Main Road, Adiyur Post, Tirupattur Taluk,Tirupattur, Vellore District.-635601. (1525)",CIVIL  ENGINEERING (CE),,,,,,,,Tirupattur
"Podhigai College of Engineering and Technology, Salem Main Road, Adiyur Post, Tirupattur Taluk,Tirupattur, Vellore District.-635601. (1525)",COMPUTER SCIENCE AND ENGINEERING (CS),96.5,89.0,,86.0,91.0,,,Tirupattur
"Podhigai College of Engineering and Technology, Salem Main Road, Adiyur Post, Tirupattur Taluk,Tirupattur, Vellore District.-635601. (1525)",ELECTRICAL AND ELECTRONICS ENGINEERING (EE),89.5,,,,,,,Tirupattur
"Podhigai College of Engineering and Technology, Salem Main Road, Adiyur Post, Tirupattur Taluk,Tirupattur, Vellore District.-635601. (1525)",ELECTRONICS AND COMMUNICATION ENGINEERING (EC),94.5,,,,,,,Tirupattur
"Podhigai College of Engineering and Technology, Salem Main Road, Adiyur Post, Tirupattur Taluk,Tirupattur, Vellore District.-635601. (1525)",INFORMATION TECHNOLOGY (IT),90.0,,,,,,,Tirupattur
"Podhigai College of Engineering and Technology, Salem Main Road, Adiyur Post, Tirupattur Taluk,Tirupattur, Vellore District.-635601. (1525)",MECHANICAL ENGINEERING (ME),83.0,,,,,,,Tirupattur
"Pollachi Institute of Engineering and Technology, 107/1, Poosaripatti Village, Pollachi to Dharapuram road, Poosaripatti(post) Pollachi, Coimbatore-642205. (2354)",Artificial Intelligence and Data Science (AD),114.5,99.5,,113.0,,94.5,,Coimbatore
"Pollachi Institute of Engineering and Technology, 107/1, Poosaripatti Village, Pollachi to Dharapuram road, Poosaripatti(post) Pollachi, Coimbatore-642205. (2354)",CIVIL  ENGINEERING (CE),90.5,,,,,,,Coimbatore
"Pollachi Institute of Engineering and Technology, 107/1, Poosaripatti Village, Pollachi to Dharapuram road, Poosaripatti(post) Pollachi, Coimbatore-642205. (2354)",COMPUTER SCIENCE AND ENGINEERING (CS),120.5,99.5,,109.5,108.0,110.5,,Coimbatore
"Pollachi Institute of Engineering and Technology, 107/1, Poosaripatti Village, Pollachi to Dharapuram road, Poosaripatti(post) Pollachi, Coimbatore-642205. (2354)",ELECTRICAL AND ELECTRONICS ENGINEERING (EE),102.0,,,96.5,,,,Coimbatore
"Pollachi Institute of Engineering and Technology, 107/1, Poosaripatti Village, Pollachi to Dharapuram road, Poosaripatti(post) Pollachi, Coimbatore-642205. (2354)",ELECTRONICS AND COMMUNICATION ENGINEERING (EC),109.0,,,102.0,93.0,,,Coimbatore
"Pollachi Institute of Engineering and Technology, 107/1, Poosaripatti Village, Pollachi to Dharapuram road, Poosaripatti(post) Pollachi, Coimbatore-642205. (2354)",MECHANICAL ENGINEERING (ME),88.0,83.5,,81.0,,,,Coimbatore
"Ponjesly College of Engineering, Near Parvathipuram, Alamparai, Veturnimadam Post, Nagercoil-629003. (4981)",Artificial Intelligence and Data Science (AD),149.0,139.0,145.5,105.0,,,,Other
"Ponjesly College of Engineering, Near Parvathipuram, Alamparai, Veturnimadam Post, Nagercoil-629003. (4981)",CIVIL  ENGINEERING (CE),96.0,,,,,,,Other
"Ponjesly College of Engineering, Near Parvathipuram, Alamparai, Veturnimadam Post, Nagercoil-629003. (4981)",COMPUTER SCIENCE AND ENGINEERING (CS),158.0,143.5,145.0,111.5,87.5,,,Other
"Ponjesly College of Engineering, Near Parvathipuram, Alamparai, Veturnimadam Post, Nagercoil-629003. (4981)",COMPUTER SCIENCE AND ENGINEERING (AI AND MACHINE LEARNING) (AM),149.0,139.0,140.0,102.5,96.5,,,Other
"Ponjesly College of Engineering, Near Parvathipuram, Alamparai, Veturnimadam Post, Nagercoil-629003. (4981)",ELECTRICAL AND ELECTRONICS ENGINEERING (EE),121.0,101.0,,120.5,,,,Other
"Ponjesly College of Engineering, Near Parvathipuram, Alamparai, Veturnimadam Post, Nagercoil-629003. (4981)",ELECTRONICS AND COMMUNICATION ENGINEERING (EC),148.5,134.5,147.0,,119.5,,,Other
"Ponjesly College of Engineering, Near Parvathipuram, Alamparai, Veturnimadam Post, Nagercoil-629003. (4981)",INFORMATION TECHNOLOGY (IT),150.0,143.5,143.0,86.0,,,,Other
"Ponjesly College of Engineering, Near Parvathipuram, Alamparai, Veturnimadam Post, Nagercoil-629003. (4981)",MECHANICAL ENGINEERING (ME),118.0,89.5,97.5,84.5,,,,Other
"PPG Institute of Technology, Rathnagiri Road, Saravanampatti, Coimbatore-641035. (2753)",AGRICULTURAL ENGINEERING (AG),106.5,102.5,,99.5,91.5,,,Coimbatore
"PPG Institute of Technology, Rathnagiri Road, Saravanampatti, Coimbatore-641035. (2753)",Artificial Intelligence and Data Science (AD),144.5,119.5,106.5,113.0,106.5,125.5,124.5,Coimbatore
"PPG Institute of Technology, Rathnagiri Road, Saravanampatti, Coimbatore-641035. (2753)",BIO MEDICAL ENGINEERING (BM),111.0,94.5,,104.0,,108.0,,Coimbatore
"PPG Institute of Technology, Rathnagiri Road, Saravanampatti, Coimbatore-641035. (2753)",COMPUTER SCIENCE AND ENGINEERING (CS),142.5,115.5,127.5,87.5,88.0,,,Coimbatore
"PPG Institute of Technology, Rathnagiri Road, Saravanampatti, Coimbatore-641035. (2753)",COMPUTER SCIENCE AND ENGINEERING (AI AND MACHINE LEARNING) (AM),120.0,89.0,,115.0,,,,Coimbatore
"PPG Institute of Technology, Rathnagiri Road, Saravanampatti, Coimbatore-641035. (2753)",ELECTRONICS AND COMMUNICATION ENGINEERING (EC),139.0,93.0,116.0,112.5,102.5,125.5,,Coimbatore
"PPG Institute of Technology, Rathnagiri Road, Saravanampatti, Coimbatore-641035. (2753)",INFORMATION TECHNOLOGY (IT),122.5,93.5,106.0,100.0,90.0,,,Coimbatore
"PPG Institute of Technology, Rathnagiri Road, Saravanampatti, Coimbatore-641035. (2753)",MECHANICAL ENGINEERING (ME),107.5,96.5,,93.0,87.5,,,Coimbatore
"Prathyusha Engineering College (Autonomous), Poonamallee-Tiruvallur High Road, Aranvoyalkuppam, Tiruvallur-602025. (1110)",Artificial Intelligence and Data Science (AD),144.5,132.5,115.0,130.0,98.5,,,Tiruvallur
"Prathyusha Engineering College (Autonomous), Poonamallee-Tiruvallur High Road, Aranvoyalkuppam, Tiruvallur-602025. (1110)",BIO TECHNOLOGY (BT),105.5,,,,,,,Tiruvallur
"Prathyusha Engineering College (Autonomous), Poonamallee-Tiruvallur High Road, Aranvoyalkuppam, Tiruvallur-602025. (1110)",COMPUTER SCIENCE AND BUSSINESS SYSTEM (CB),143.0,118.0,,126.0,87.0,,,Tiruvallur
"Prathyusha Engineering College (Autonomous), Poonamallee-Tiruvallur High Road, Aranvoyalkuppam, Tiruvallur-602025. (1110)",COMPUTER SCIENCE AND ENGINEERING (CS),152.0,136.0,120.5,134.5,103.0,,,Tiruvallur
"Prathyusha Engineering College (Autonomous), Poonamallee-Tiruvallur High Road, Aranvoyalkuppam, Tiruvallur-602025. (1110)",COMPUTER SCIENCE AND ENGINEERING (AI AND MACHINE LEARNING) (AM),138.0,124.5,102.0,115.5,92.5,,,Tiruvallur
"Prathyusha Engineering College (Autonomous), Poonamallee-Tiruvallur High Road, Aranvoyalkuppam, Tiruvallur-602025. (1110)",Computer Science and Engineering (Cyber Security) (SC),141.0,127.0,123.5,118.0,116.0,,,Tiruvallur
"Prathyusha Engineering College (Autonomous), Poonamallee-Tiruvallur High Road, Aranvoyalkuppam, Tiruvallur-602025. (1110)",ELECTRICAL AND ELECTRONICS ENGINEERING (EE),93.5,91.5,,88.0,,,,Tiruvallur
"Prathyusha Engineering College (Autonomous), Poonamallee-Tiruvallur High Road, Aranvoyalkuppam, Tiruvallur-602025. (1110)",ELECTRONICS AND COMMUNICATION ENGINEERING (EC),146.0,125.5,121.0,129.0,118.0,82.5,,Tiruvallur
"Prathyusha Engineering College (Autonomous), Poonamallee-Tiruvallur High Road, Aranvoyalkuppam, Tiruvallur-602025. (1110)",INFORMATION TECHNOLOGY (IT),144.5,137.0,,137.5,111.0,,,Tiruvallur
"Prathyusha Engineering College (Autonomous), Poonamallee-Tiruvallur High Road, Aranvoyalkuppam, Tiruvallur-602025. (1110)",MECHANICAL ENGINEERING (ME),90.5,,,,,,,Tiruvallur
"Prince Dr. K. Vasudevan College of Engineering and Technology, Medavakkam-Mambakkam Road, Ponmar, Chennai-600127. (1442)",Artificial Intelligence and Data Science (AD),192.0,190.5,185.5,188.5,185.0,,,Chennai
"Prince Dr. K. Vasudevan College of Engineering and Technology, Medavakkam-Mambakkam Road, Ponmar, Chennai-600127. (1442)",BIO MEDICAL ENGINEERING (BM),96.0,,,,,,,Chennai
"Prince Dr. K. Vasudevan College of Engineering and Technology, Medavakkam-Mambakkam Road, Ponmar, Chennai-600127. (1442)",COMPUTER SCIENCE AND ENGINEERING (CS),187.0,157.0,149.5,149.5,101.5,,,Chennai
"Prince Dr. K. Vasudevan College of Engineering and Technology, Medavakkam-Mambakkam Road, Ponmar, Chennai-600127. (1442)",Computer Science and Engineering (Cyber Security) (SC),187.0,149.5,137.0,129.5,97.0,,,Chennai
"Prince Shri Venkateshwaraa Padmavathy Engineering College (Autonomous), Medavakkam - Mambakkam Road, Ponmar, Kanchipuram, Chennai-600127. (1414)",CIVIL  ENGINEERING (CE),118.5,,,,,,,Chennai
"Prince Shri Venkateshwaraa Padmavathy Engineering College (Autonomous), Medavakkam - Mambakkam Road, Ponmar, Kanchipuram, Chennai-600127. (1414)",COMPUTER SCIENCE AND ENGINEERING (CS),193.0,191.0,192.0,190.0,187.0,,185.5,Chennai
"Prince Shri Venkateshwaraa Padmavathy Engineering College (Autonomous), Medavakkam - Mambakkam Road, Ponmar, Kanchipuram, Chennai-600127. (1414)",ELECTRICAL AND ELECTRONICS ENGINEERING (EE),154.5,148.5,,121.0,108.5,,,Chennai
"Prince Shri Venkateshwaraa Padmavathy Engineering College (Autonomous), Medavakkam - Mambakkam Road, Ponmar, Kanchipuram, Chennai-600127. (1414)",ELECTRONICS AND COMMUNICATION ENGINEERING (EC),185.0,152.5,146.0,148.5,103.0,,,Chennai
"Prince Shri Venkateshwaraa Padmavathy Engineering College (Autonomous), Medavakkam - Mambakkam Road, Ponmar, Kanchipuram, Chennai-600127. (1414)",INFORMATION TECHNOLOGY (IT),192.0,188.5,183.0,188.0,121.0,,,Chennai
"Prince Shri Venkateshwaraa Padmavathy Engineering College (Autonomous), Medavakkam - Mambakkam Road, Ponmar, Kanchipuram, Chennai-600127. (1414)",MECHANICAL ENGINEERING (ME),125.5,113.5,,101.0,,,,Chennai
"Priyadarshini Engineering College, Chettiyappanur Village & Post, Vaniyambadi, Vellore-635751. (1510)",Artificial Intelligence and Data Science (AD),133.0,111.0,130.5,99.5,98.0,,,Vellore
"Priyadarshini Engineering College, Chettiyappanur Village & Post, Vaniyambadi, Vellore-635751. (1510)",CIVIL  ENGINEERING (CE),104.5,,,,,,,Vellore
"Priyadarshini Engineering College, Chettiyappanur Village & Post, Vaniyambadi, Vellore-635751. (1510)",COMPUTER SCIENCE AND ENGINEERING (CS),131.0,96.5,118.5,111.5,99.5,98.5,,Vellore
"Priyadarshini Engineering College, Chettiyappanur Village & Post, Vaniyambadi, Vellore-635751. (1510)",ELECTRICAL AND ELECTRONICS ENGINEERING (EE),87.5,,,84.5,,,,Vellore
"Priyadarshini Engineering College, Chettiyappanur Village & Post, Vaniyambadi, Vellore-635751. (1510)",ELECTRONICS AND COMMUNICATION ENGINEERING (EC),110.0,95.5,,93.0,84.0,,,Vellore
"Priyadarshini Engineering College, Chettiyappanur Village & Post, Vaniyambadi, Vellore-635751. (1510)",INFORMATION TECHNOLOGY (IT),132.5,101.0,99.0,114.5,97.5,,,Vellore
"Priyadarshini Engineering College, Chettiyappanur Village & Post, Vaniyambadi, Vellore-635751. (1510)",MECHANICAL ENGINEERING (ME),93.0,,,90.5,,86.5,,Vellore
PSG College of Technology (Autonomous)  Peelamedu  Coimbatore District 641004 (2006),AUTOMOBILE ENGINEERING (SS) (AS),182.5,180.0,168.0,173.0,166.0,155.0,,Coimbatore
PSG College of Technology (Autonomous)  Peelamedu  Coimbatore District 641004 (2006),BIO MEDICAL ENGINEERING  (SS) (BY),190.0,186.5,188.0,183.0,161.0,165.0,178.5,Coimbatore
PSG College of Technology (Autonomous)  Peelamedu  Coimbatore District 641004 (2006),BIO TECHNOLOGY (SS) (BS),192.5,187.5,188.5,184.0,163.5,186.5,,Coimbatore
PSG College of Technology (Autonomous)  Peelamedu  Coimbatore District 641004 (2006),CIVIL  ENGINEERING (CE),191.5,190.0,186.5,187.5,177.0,178.5,,Coimbatore
PSG College of Technology (Autonomous)  Peelamedu  Coimbatore District 641004 (2006),CIVIL  ENGINEERING (SS) (CN),187.0,184.0,,182.5,175.0,179.5,,Coimbatore
PSG College of Technology (Autonomous)  Peelamedu  Coimbatore District 641004 (2006),Computer Science and Engineering (Artificial Intelligence and Machine Learning) (SS) (CG),197.0,196.5,,195.5,187.5,183.0,,Coimbatore
PSG College of Technology (Autonomous)  Peelamedu  Coimbatore District 641004 (2006),COMPUTER SCIENCE AND ENGINEERING (SS) (CM),198.5,198.0,196.5,196.5,188.5,191.0,,Coimbatore
PSG College of Technology (Autonomous)  Peelamedu  Coimbatore District 641004 (2006),ELECTRICAL AND ELECTRONICS (SANDWICH) (SS) (ES),190.0,188.5,188.0,184.5,170.5,160.0,,Coimbatore
PSG College of Technology (Autonomous)  Peelamedu  Coimbatore District 641004 (2006),ELECTRICAL AND ELECTRONICS ENGINEERING (EE),196.0,195.5,194.0,194.5,186.5,185.5,168.0,Coimbatore
PSG College of Technology (Autonomous)  Peelamedu  Coimbatore District 641004 (2006),ELECTRONICS AND COMMUNICATION ENGINEERING (EC),198.5,198.0,196.5,196.0,190.0,190.5,181.5,Coimbatore
PSG College of Technology (Autonomous)  Peelamedu  Coimbatore District 641004 (2006),ELECTRONICS AND COMMUNICATION ENGINEERING (SS) (EM),197.0,196.5,195.5,195.0,187.5,186.0,176.5,Coimbatore
PSG College of Technology (Autonomous)  Peelamedu  Coimbatore District 641004 (2006),FASHION TECHNOLOGY (SS) (FY),176.0,170.5,153.0,157.5,133.5,126.0,110.0,Coimbatore
PSG College of Technology (Autonomous)  Peelamedu  Coimbatore District 641004 (2006),INFORMATION TECHNOLOGY (SS) (IM),197.5,196.5,195.0,195.0,188.5,182.5,184.0,Coimbatore
PSG College of Technology (Autonomous)  Peelamedu  Coimbatore District 641004 (2006),INSTRUMENTATION AND CONTROL ENGINEERING (SS) (IY),191.0,189.5,185.5,188.5,180.0,170.155,121.0,Coimbatore
PSG College of Technology (Autonomous)  Peelamedu  Coimbatore District 641004 (2006),MECHANICAL ENGINEERING (ME),193.0,191.0,192.0,190.0,179.5,185.5,181.0,Coimbatore
PSG College of Technology (Autonomous)  Peelamedu  Coimbatore District 641004 (2006),MECHANICAL ENGINEERING (SANDWICH) (SS) (MS),184.0,180.0,177.5,177.5,162.0,134.5,144.0,Coimbatore
PSG College of Technology (Autonomous)  Peelamedu  Coimbatore District 641004 (2006),MECHANICAL ENGINEERING (SS) (MF),190.0,189.5,190.0,188.0,175.5,173.0,,Coimbatore
PSG College of Technology (Autonomous)  Peelamedu  Coimbatore District 641004 (2006),METALLURGICAL ENGINEERING (MT),183.5,179.5,183.0,181.0,173.0,,,Coimbatore
PSG College of Technology (Autonomous)  Peelamedu  Coimbatore District 641004 (2006),METALLURGICAL ENGINEERING (SS) (MY),181.0,177.0,,176.0,157.5,146.5,,Coimbatore
PSG College of Technology (Autonomous)  Peelamedu  Coimbatore District 641004 (2006),PRODUCTION ENGINEERING (PR),187.0,184.0,184.5,182.0,173.0,160.0,,Coimbatore
PSG College of Technology (Autonomous)  Peelamedu  Coimbatore District 641004 (2006),PRODUCTION ENGINEERING (SANDWICH) (SS) (PS),176.5,173.0,154.0,168.5,147.0,123.5,124.0,Coimbatore
PSG College of Technology (Autonomous)  Peelamedu  Coimbatore District 641004 (2006),PRODUCTION ENGINEERING (SS) (PN),183.0,181.5,178.5,179.0,157.5,152.5,,Coimbatore
PSG College of Technology (Autonomous)  Peelamedu  Coimbatore District 641004 (2006),ROBOTICS AND AUTOMATION (SS) (RA),194.0,192.0,190.0,190.0,177.0,168.5,,Coimbatore
PSG College of Technology (Autonomous)  Peelamedu  Coimbatore District 641004 (2006),TEXTILE TECHNOLOGY (TX),178.5,174.5,159.0,158.0,147.5,117.5,,Coimbatore
PSG College of Technology (Autonomous)  Peelamedu  Coimbatore District 641004 (2006),TEXTILE TECHNOLOGY (SS) (TT),172.5,169.0,158.5,149.5,138.0,141.0,,Coimbatore
"PSG Institute of Technology and Applied Research, Avinashi Road,Neelambur, Sulur,Coimbatore -641062. (2377)",Artificial Intelligence and Data Science (AD),195.0,193.5,195.0,192.5,184.5,177.0,168.0,Coimbatore
"PSG Institute of Technology and Applied Research, Avinashi Road,Neelambur, Sulur,Coimbatore -641062. (2377)",CIVIL  ENGINEERING (CE),181.0,176.0,168.0,175.5,155.5,154.0,,Coimbatore
"PSG Institute of Technology and Applied Research, Avinashi Road,Neelambur, Sulur,Coimbatore -641062. (2377)",COMPUTER SCIENCE AND ENGINEERING (CS),196.0,194.5,194.0,193.5,181.5,179.0,171.0,Coimbatore
"PSG Institute of Technology and Applied Research, Avinashi Road,Neelambur, Sulur,Coimbatore -641062. (2377)",ELECTRICAL AND ELECTRONICS ENGINEERING (EE),193.0,191.0,191.0,188.5,175.5,152.5,,Coimbatore
"PSG Institute of Technology and Applied Research, Avinashi Road,Neelambur, Sulur,Coimbatore -641062. (2377)",ELECTRONICS AND COMMUNICATION ENGINEERING (EC),195.0,194.0,192.5,192.5,181.5,180.5,163.0,Coimbatore
"PSG Institute of Technology and Applied Research, Avinashi Road,Neelambur, Sulur,Coimbatore -641062. (2377)",INSTRUMENTATION AND CONTROL ENGINEERING (IC),188.0,185.0,188.0,184.0,159.0,162.0,,Coimbatore
"PSG Institute of Technology and Applied Research, Avinashi Road,Neelambur, Sulur,Coimbatore -641062. (2377)",MECHANICAL ENGINEERING (ME),188.0,185.5,184.5,182.5,170.0,130.0,,Coimbatore
PSN College of Engineering and  Technology (Autonomous) Melathediyoor  Tirunelveli-627 152 (4964),AERONAUTICAL ENGINEERING (AE),88.0,,,,,,,Tirunelveli
PSN College of Engineering and  Technology (Autonomous) Melathediyoor  Tirunelveli-627 152 (4964),Artificial Intelligence and Data Science (AD),125.5,100.0,99.5,103.5,103.5,,,Tirunelveli
PSN College of Engineering and  Technology (Autonomous) Melathediyoor  Tirunelveli-627 152 (4964),BIO MEDICAL ENGINEERING (BM),82.0,,,,,,,Tirunelveli
PSN College of Engineering and  Technology (Autonomous) Melathediyoor  Tirunelveli-627 152 (4964),CIVIL  ENGINEERING (CE),,,,,,,,Tirunelveli
PSN College of Engineering and  Technology (Autonomous) Melathediyoor  Tirunelveli-627 152 (4964),COMPUTER SCIENCE AND ENGINEERING (CS),132.0,97.5,,97.0,80.0,96.0,,Tirunelveli
PSN College of Engineering and  Technology (Autonomous) Melathediyoor  Tirunelveli-627 152 (4964),COMPUTER SCIENCE AND ENGINEERING (AI AND MACHINE LEARNING) (AM),114.5,98.5,,97.0,91.5,,,Tirunelveli
PSN College of Engineering and  Technology (Autonomous) Melathediyoor  Tirunelveli-627 152 (4964),ELECTRICAL AND ELECTRONICS ENGINEERING (EE),86.5,,,,,,,Tirunelveli
PSN College of Engineering and  Technology (Autonomous) Melathediyoor  Tirunelveli-627 152 (4964),ELECTRONICS AND COMMUNICATION ENGINEERING (EC),88.5,,,,,,,Tirunelveli
PSN College of Engineering and  Technology (Autonomous) Melathediyoor  Tirunelveli-627 152 (4964),MARINE ENGINEERING (MR),,,,,,,,Tirunelveli
PSN College of Engineering and  Technology (Autonomous) Melathediyoor  Tirunelveli-627 152 (4964),MECHANICAL AND AUTOMATION ENGINEERING (MU),82.5,,,,,,,Tirunelveli
PSN College of Engineering and  Technology (Autonomous) Melathediyoor  Tirunelveli-627 152 (4964),MECHANICAL ENGINEERING (ME),84.5,,,,,,,Tirunelveli
"PSN Engineering College, Melathediyoor, Palayamkottai, Tirunelveli-627152. (4989)",AGRICULTURAL ENGINEERING (AG),,,,,,,,Tirunelveli
"PSN Engineering College, Melathediyoor, Palayamkottai, Tirunelveli-627152. (4989)",Artificial Intelligence and Data Science (AD),102.0,,,,,,,Tirunelveli
"PSN Engineering College, Melathediyoor, Palayamkottai, Tirunelveli-627152. (4989)",AUTOMOBILE ENGINEERING (AU),,,,,,,,Tirunelveli
"PSN Engineering College, Melathediyoor, Palayamkottai, Tirunelveli-627152. (4989)",BIO MEDICAL ENGINEERING (BM),118.5,,,,,,,Tirunelveli
"PSN Engineering College, Melathediyoor, Palayamkottai, Tirunelveli-627152. (4989)",CIVIL  ENGINEERING (CE),,,,,,,,Tirunelveli
"PSN Engineering College, Melathediyoor, Palayamkottai, Tirunelveli-627152. (4989)",COMPUTER SCIENCE AND ENGINEERING (CS),97.0,91.5,85.5,,94.0,,,Tirunelveli
"PSN Engineering College, Melathediyoor, Palayamkottai, Tirunelveli-627152. (4989)",ELECTRONICS AND COMMUNICATION ENGINEERING (EC),85.0,,,,,,,Tirunelveli
"PSN Engineering College, Melathediyoor, Palayamkottai, Tirunelveli-627152. (4989)",INFORMATION TECHNOLOGY (IT),99.5,,,,,,,Tirunelveli
"PSN Engineering College, Melathediyoor, Palayamkottai, Tirunelveli-627152. (4989)",MECHANICAL ENGINEERING (ME),,,,,,,,Tirunelveli
"PSN Institute of Technology and Science, Melathediyoor, Palayamkottai Taluk, Tirunelveli-627152. (4949)",Artificial Intelligence and Data Science (AD),86.0,,,,,,,Tirunelveli
"PSN Institute of Technology and Science, Melathediyoor, Palayamkottai Taluk, Tirunelveli-627152. (4949)",CIVIL  ENGINEERING (CE),89.5,,,,,,,Tirunelveli
"PSN Institute of Technology and Science, Melathediyoor, Palayamkottai Taluk, Tirunelveli-627152. (4949)",COMPUTER SCIENCE AND ENGINEERING (CS),98.5,,,89.5,86.5,,,Tirunelveli
"PSN Institute of Technology and Science, Melathediyoor, Palayamkottai Taluk, Tirunelveli-627152. (4949)",ELECTRICAL AND ELECTRONICS ENGINEERING (EE),92.0,,,,,,,Tirunelveli
"PSN Institute of Technology and Science, Melathediyoor, Palayamkottai Taluk, Tirunelveli-627152. (4949)",ELECTRONICS AND COMMUNICATION ENGINEERING (EC),85.0,,,,,,,Tirunelveli
"PSN Institute of Technology and Science, Melathediyoor, Palayamkottai Taluk, Tirunelveli-627152. (4949)",INDUSTRIAL ENGINEERING AND MANAGEMENT (IN),82.0,,,,,,,Tirunelveli
"PSN Institute of Technology and Science, Melathediyoor, Palayamkottai Taluk, Tirunelveli-627152. (4949)",INFORMATION TECHNOLOGY (IT),85.0,,,,,,,Tirunelveli
"PSN Institute of Technology and Science, Melathediyoor, Palayamkottai Taluk, Tirunelveli-627152. (4949)",MECHANICAL ENGINEERING (ME),85.0,,,,,,,Tirunelveli
"PSN Institute of Technology and Science, Melathediyoor, Palayamkottai Taluk, Tirunelveli-627152. (4949)",Mechatronics Engineering (MZ),136.5,,,,,,,Tirunelveli
"PSNA College of Engineering and Technology (Autonomous), Kothandaraman Nagar, Muthanampatti (PO), Dindigul-624622. (5910)",Artificial Intelligence and Data Science (AD),176.0,172.5,174.0,162.5,120.5,,,Dindigul
"PSNA College of Engineering and Technology (Autonomous), Kothandaraman Nagar, Muthanampatti (PO), Dindigul-624622. (5910)",BIO MEDICAL ENGINEERING (BM),154.0,146.0,144.5,113.5,112.0,,,Dindigul
"PSNA College of Engineering and Technology (Autonomous), Kothandaraman Nagar, Muthanampatti (PO), Dindigul-624622. (5910)",CIVIL  ENGINEERING (CE),154.5,138.5,128.0,113.5,116.5,,,Dindigul
"PSNA College of Engineering and Technology (Autonomous), Kothandaraman Nagar, Muthanampatti (PO), Dindigul-624622. (5910)",COMPUTER SCIENCE AND BUSSINESS SYSTEM (CB),170.0,166.5,166.5,152.0,112.5,,,Dindigul
"PSNA College of Engineering and Technology (Autonomous), Kothandaraman Nagar, Muthanampatti (PO), Dindigul-624622. (5910)",COMPUTER SCIENCE AND ENGINEERING (CS),181.5,177.0,173.0,162.0,123.5,125.0,,Dindigul
"PSNA College of Engineering and Technology (Autonomous), Kothandaraman Nagar, Muthanampatti (PO), Dindigul-624622. (5910)",COMPUTER SCIENCE AND ENGINEERING (AI AND MACHINE LEARNING) (AM),170.5,168.0,170.5,154.5,137.5,123.5,,Dindigul
"PSNA College of Engineering and Technology (Autonomous), Kothandaraman Nagar, Muthanampatti (PO), Dindigul-624622. (5910)",Computer Science and Engineering (Cyber Security) (SC),170.0,168.0,167.5,154.5,136.5,,,Dindigul
"PSNA College of Engineering and Technology (Autonomous), Kothandaraman Nagar, Muthanampatti (PO), Dindigul-624622. (5910)",ELECTRICAL AND ELECTRONICS ENGINEERING (EE),166.0,157.5,156.5,147.5,83.5,,,Dindigul
"PSNA College of Engineering and Technology (Autonomous), Kothandaraman Nagar, Muthanampatti (PO), Dindigul-624622. (5910)",ELECTRONICS AND COMMUNICATION ENGINEERING (EC),174.5,169.0,168.0,159.5,112.5,133.0,,Dindigul
"PSNA College of Engineering and Technology (Autonomous), Kothandaraman Nagar, Muthanampatti (PO), Dindigul-624622. (5910)",Electronics Engineering (VLSI Design and Technology) (EV),165.0,159.0,162.5,148.5,110.5,,,Dindigul
"PSNA College of Engineering and Technology (Autonomous), Kothandaraman Nagar, Muthanampatti (PO), Dindigul-624622. (5910)",INFORMATION TECHNOLOGY (IT),173.0,169.0,169.5,158.0,123.0,81.5,,Dindigul
"PSNA College of Engineering and Technology (Autonomous), Kothandaraman Nagar, Muthanampatti (PO), Dindigul-624622. (5910)",MECHANICAL ENGINEERING (ME),148.0,130.0,146.0,108.0,96.0,,,Dindigul
"R P Sarathy Institute of Technology , Poosaripatty(PO), Omalur Taluk, Salem-636305. (2639)",Artificial Intelligence and Data Science (AD),139.5,110.0,119.0,121.0,115.0,,,Salem
"R P Sarathy Institute of Technology , Poosaripatty(PO), Omalur Taluk, Salem-636305. (2639)",COMPUTER SCIENCE AND ENGINEERING (CS),139.0,108.0,95.0,119.5,87.0,85.0,,Salem
"R P Sarathy Institute of Technology , Poosaripatty(PO), Omalur Taluk, Salem-636305. (2639)",Computer Science and Engineering (Cyber Security) (SC),119.5,90.5,104.0,105.5,,,,Salem
"R P Sarathy Institute of Technology , Poosaripatty(PO), Omalur Taluk, Salem-636305. (2639)",ELECTRICAL AND ELECTRONICS ENGINEERING (EE),90.5,,,84.5,,,,Salem
"R P Sarathy Institute of Technology , Poosaripatty(PO), Omalur Taluk, Salem-636305. (2639)",ELECTRONICS AND COMMUNICATION ENGINEERING (EC),120.0,89.5,,101.0,112.5,,,Salem
"R P Sarathy Institute of Technology , Poosaripatty(PO), Omalur Taluk, Salem-636305. (2639)",INFORMATION TECHNOLOGY (IT),129.0,82.5,104.5,112.5,109.5,,,Salem
"R P Sarathy Institute of Technology , Poosaripatty(PO), Omalur Taluk, Salem-636305. (2639)",MECHANICAL ENGINEERING (ME),88.0,,,81.5,,,,Salem
"R V S Educational Trust's Group of Institutions, RVS Nagar, N.Paraipatti Post, Dindigul-624005. (5862)",AERONAUTICAL ENGINEERING (AE),119.0,,,,,,,Dindigul
"R V S Educational Trust's Group of Institutions, RVS Nagar, N.Paraipatti Post, Dindigul-624005. (5862)",AGRICULTURAL ENGINEERING (AG),94.5,,,,,,,Dindigul
"R V S Educational Trust's Group of Institutions, RVS Nagar, N.Paraipatti Post, Dindigul-624005. (5862)",AUTOMOBILE ENGINEERING (AU),90.5,,,,,,,Dindigul
"R V S Educational Trust's Group of Institutions, RVS Nagar, N.Paraipatti Post, Dindigul-624005. (5862)",BIO MEDICAL ENGINEERING (BM),120.0,86.0,,92.5,95.0,85.5,,Dindigul
"R V S Educational Trust's Group of Institutions, RVS Nagar, N.Paraipatti Post, Dindigul-624005. (5862)",CIVIL  ENGINEERING (CE),,,,,,,,Dindigul
"R V S Educational Trust's Group of Institutions, RVS Nagar, N.Paraipatti Post, Dindigul-624005. (5862)",COMPUTER SCIENCE AND BUSSINESS SYSTEM (CB),85.0,,,,,,,Dindigul
"R V S Educational Trust's Group of Institutions, RVS Nagar, N.Paraipatti Post, Dindigul-624005. (5862)",COMPUTER SCIENCE AND ENGINEERING (CS),122.0,87.0,,102.0,94.5,,,Dindigul
"R V S Educational Trust's Group of Institutions, RVS Nagar, N.Paraipatti Post, Dindigul-624005. (5862)",Computer Science and Engineering (Cyber Security) (SC),113.5,92.5,104.5,100.0,90.5,91.5,,Dindigul
"R V S Educational Trust's Group of Institutions, RVS Nagar, N.Paraipatti Post, Dindigul-624005. (5862)",MECHANICAL ENGINEERING (ME),100.0,,,,,,,Dindigul
"R V S Technical Campus Coimbatore, Kumaran Kottam Campus, Kannampalayam, Sulur, Coimbatore-641402. (2776)",AGRICULTURAL ENGINEERING (AG),116.0,89.0,,81.0,95.5,,,Coimbatore
"R V S Technical Campus Coimbatore, Kumaran Kottam Campus, Kannampalayam, Sulur, Coimbatore-641402. (2776)",Artificial Intelligence and Data Science (AD),157.0,139.5,135.5,137.0,110.0,125.0,118.0,Coimbatore
"R V S Technical Campus Coimbatore, Kumaran Kottam Campus, Kannampalayam, Sulur, Coimbatore-641402. (2776)",AUTOMOBILE ENGINEERING (AU),100.5,87.5,82.0,,,,,Coimbatore
"R V S Technical Campus Coimbatore, Kumaran Kottam Campus, Kannampalayam, Sulur, Coimbatore-641402. (2776)",CIVIL  ENGINEERING (CE),108.0,98.0,,88.0,,,,Coimbatore
"R V S Technical Campus Coimbatore, Kumaran Kottam Campus, Kannampalayam, Sulur, Coimbatore-641402. (2776)",COMPUTER SCIENCE AND ENGINEERING (CS),155.5,146.0,130.5,138.0,116.5,130.0,,Coimbatore
"R V S Technical Campus Coimbatore, Kumaran Kottam Campus, Kannampalayam, Sulur, Coimbatore-641402. (2776)",COMPUTER SCIENCE AND ENGINEERING (AI AND MACHINE LEARNING) (AM),143.5,132.5,,137.0,108.5,,,Coimbatore
"R V S Technical Campus Coimbatore, Kumaran Kottam Campus, Kannampalayam, Sulur, Coimbatore-641402. (2776)",Computer Science and Engineering (Cyber Security) (SC),144.5,130.0,125.0,140.5,107.5,129.0,,Coimbatore
"R V S Technical Campus Coimbatore, Kumaran Kottam Campus, Kannampalayam, Sulur, Coimbatore-641402. (2776)",MECHANICAL ENGINEERING (ME),107.5,87.0,,96.5,83.0,,,Coimbatore
"R V S Technical Campus Coimbatore, Kumaran Kottam Campus, Kannampalayam, Sulur, Coimbatore-641402. (2776)",Mechatronics Engineering (MZ),126.5,110.0,,120.5,,,,Coimbatore
"R.M.D. Engineering College (Autonomous), R.S.M. Nagar, Gummidipoondi Taluk, Kavaraipettai,  Thiruvallur-601206. (1112)",Artificial Intelligence and Machine Learning (AL),177.0,172.5,171.5,167.0,140.0,,132.0,Other
"R.M.D. Engineering College (Autonomous), R.S.M. Nagar, Gummidipoondi Taluk, Kavaraipettai,  Thiruvallur-601206. (1112)",COMPUTER SCIENCE AND BUSSINESS SYSTEM (CB),175.5,173.0,,165.275,137.5,,,Other
"R.M.D. Engineering College (Autonomous), R.S.M. Nagar, Gummidipoondi Taluk, Kavaraipettai,  Thiruvallur-601206. (1112)",COMPUTER SCIENCE AND ENGINEERING (CS),181.0,176.5,167.5,174.0,150.0,118.0,,Other
"R.M.D. Engineering College (Autonomous), R.S.M. Nagar, Gummidipoondi Taluk, Kavaraipettai,  Thiruvallur-601206. (1112)",ELECTRONICS AND COMMUNICATION ENGINEERING (EC),177.0,174.0,162.5,167.5,143.0,111.5,,Other
"R.M.D. Engineering College (Autonomous), R.S.M. Nagar, Gummidipoondi Taluk, Kavaraipettai,  Thiruvallur-601206. (1112)",INFORMATION TECHNOLOGY (IT),177.5,173.0,166.5,170.0,139.0,113.0,,Other
"R.M.Engineering College,  Zamin Endathur Village, Madurantakam, Kanchipuram-603311. (1444)",Artificial Intelligence and Data Science (AD),81.0,,,,,,,Other
"R.M.Engineering College,  Zamin Endathur Village, Madurantakam, Kanchipuram-603311. (1444)",CIVIL  ENGINEERING (CE),,,,,,,,Other
"R.M.Engineering College,  Zamin Endathur Village, Madurantakam, Kanchipuram-603311. (1444)",COMPUTER SCIENCE AND ENGINEERING (CS),107.5,,104.5,83.5,91.5,81.5,,Other
"R.M.Engineering College,  Zamin Endathur Village, Madurantakam, Kanchipuram-603311. (1444)",Computer Science and Engineering (Cyber Security) (SC),,,,,,,,Other
"R.M.Engineering College,  Zamin Endathur Village, Madurantakam, Kanchipuram-603311. (1444)",ELECTRONICS AND COMMUNICATION ENGINEERING (EC),84.0,,,,,,,Other
"R.M.Engineering College,  Zamin Endathur Village, Madurantakam, Kanchipuram-603311. (1444)",MECHANICAL ENGINEERING (ME),114.0,,,,,,,Other
"R.M.K. College of Engineering and Technology (Autonomous), R.S.M. Nagar, Puduvoyal, Gummidipoondi Taluk, Thiruvallur District-601206. (1128)",Artificial Intelligence and Data Science (AD),173.0,167.5,159.0,161.5,138.5,,102.0,Other
"R.M.K. College of Engineering and Technology (Autonomous), R.S.M. Nagar, Puduvoyal, Gummidipoondi Taluk, Thiruvallur District-601206. (1128)",COMPUTER SCIENCE AND ENGINEERING (CS),173.5,168.5,162.5,163.5,139.0,105.5,120.0,Other
"R.M.K. College of Engineering and Technology (Autonomous), R.S.M. Nagar, Puduvoyal, Gummidipoondi Taluk, Thiruvallur District-601206. (1128)",Computer Science and Engineering (Cyber Security) (SC),172.0,167.0,170.5,163.5,144.0,128.5,,Other
"R.M.K. College of Engineering and Technology (Autonomous), R.S.M. Nagar, Puduvoyal, Gummidipoondi Taluk, Thiruvallur District-601206. (1128)",ELECTRONICS AND COMMUNICATION ENGINEERING (EC),173.0,168.5,164.0,162.5,136.5,,,Other
"R.M.K. College of Engineering and Technology (Autonomous), R.S.M. Nagar, Puduvoyal, Gummidipoondi Taluk, Thiruvallur District-601206. (1128)",Electronics Engineering (VLSI Design and Technology) (EV),170.0,165.5,163.0,158.5,132.5,,,Other
"R.M.K. Engineering College (Autonomous), R.S.M. Nagar, Kavaraipettai, Gummidipoondi Taluk, Thiruvallur-601206. (1113)",Artificial Intelligence and Data Science (AD),185.5,181.5,171.0,180.0,152.5,130.5,,Other
"R.M.K. Engineering College (Autonomous), R.S.M. Nagar, Kavaraipettai, Gummidipoondi Taluk, Thiruvallur-601206. (1113)",CIVIL  ENGINEERING (CE),159.5,151.5,118.0,144.5,141.0,,,Other
"R.M.K. Engineering College (Autonomous), R.S.M. Nagar, Kavaraipettai, Gummidipoondi Taluk, Thiruvallur-601206. (1113)",COMPUTER SCIENCE AND BUSSINESS SYSTEM (CB),182.5,179.5,168.5,175.0,157.0,119.5,,Other
"R.M.K. Engineering College (Autonomous), R.S.M. Nagar, Kavaraipettai, Gummidipoondi Taluk, Thiruvallur-601206. (1113)",COMPUTER SCIENCE AND DESIGN (CD),178.0,175.0,,174.0,139.0,,,Other
"R.M.K. Engineering College (Autonomous), R.S.M. Nagar, Kavaraipettai, Gummidipoondi Taluk, Thiruvallur-601206. (1113)",COMPUTER SCIENCE AND ENGINEERING (CS),188.0,184.0,177.5,183.0,167.5,129.0,,Other
"R.M.K. Engineering College (Autonomous), R.S.M. Nagar, Kavaraipettai, Gummidipoondi Taluk, Thiruvallur-601206. (1113)",ELECTRICAL AND ELECTRONICS ENGINEERING (EE),179.5,171.0,173.5,170.5,140.5,,,Other
"R.M.K. Engineering College (Autonomous), R.S.M. Nagar, Kavaraipettai, Gummidipoondi Taluk, Thiruvallur-601206. (1113)",Electronics and Communication (Advanced Communication Technology) (EA),180.5,176.0,174.5,170.5,145.5,98.0,,Other
"R.M.K. Engineering College (Autonomous), R.S.M. Nagar, Kavaraipettai, Gummidipoondi Taluk, Thiruvallur-601206. (1113)",ELECTRONICS AND COMMUNICATION ENGINEERING (EC),184.5,181.5,176.0,175.5,162.0,165.5,139.0,Other
"R.M.K. Engineering College (Autonomous), R.S.M. Nagar, Kavaraipettai, Gummidipoondi Taluk, Thiruvallur-601206. (1113)",Electronics Engineering (VLSI Design and Technology) (EV),177.0,171.0,166.0,170.0,139.5,,,Other
"R.M.K. Engineering College (Autonomous), R.S.M. Nagar, Kavaraipettai, Gummidipoondi Taluk, Thiruvallur-601206. (1113)",INFORMATION TECHNOLOGY (IT),184.5,182.0,177.0,177.5,163.5,125.0,106.0,Other
"R.M.K. Engineering College (Autonomous), R.S.M. Nagar, Kavaraipettai, Gummidipoondi Taluk, Thiruvallur-601206. (1113)",MECHANICAL ENGINEERING (ME),172.0,163.0,145.5,166.0,142.0,,,Other
"R.V.S. College of Engineering, RVS Nagar, Karur Road, N.Paraipatti Post, Dindigul-624005. (5913)",Artificial Intelligence and Data Science (AD),130.0,121.5,103.0,112.5,115.0,,,Dindigul
"R.V.S. College of Engineering, RVS Nagar, Karur Road, N.Paraipatti Post, Dindigul-624005. (5913)",CHEMICAL  ENGINEERING (CH),98.5,,,,,,,Dindigul
"R.V.S. College of Engineering, RVS Nagar, Karur Road, N.Paraipatti Post, Dindigul-624005. (5913)",CIVIL  ENGINEERING (CE),109.0,,,,,,,Dindigul
"R.V.S. College of Engineering, RVS Nagar, Karur Road, N.Paraipatti Post, Dindigul-624005. (5913)",COMPUTER AND  COMMUNICATION ENGINEERING (CO),,,,,,,,Dindigul
"R.V.S. College of Engineering, RVS Nagar, Karur Road, N.Paraipatti Post, Dindigul-624005. (5913)",COMPUTER SCIENCE AND ENGINEERING (CS),120.0,104.0,105.5,84.5,97.5,,,Dindigul
"R.V.S. College of Engineering, RVS Nagar, Karur Road, N.Paraipatti Post, Dindigul-624005. (5913)",ELECTRICAL AND ELECTRONICS ENGINEERING (EE),81.5,,,,,,,Dindigul
"R.V.S. College of Engineering, RVS Nagar, Karur Road, N.Paraipatti Post, Dindigul-624005. (5913)",ELECTRONICS AND COMMUNICATION ENGINEERING (EC),105.5,87.5,,101.0,91.5,92.0,,Dindigul
"R.V.S. College of Engineering, RVS Nagar, Karur Road, N.Paraipatti Post, Dindigul-624005. (5913)",FASHION TECHNOLOGY (FT),89.5,,,,,,,Dindigul
"R.V.S. College of Engineering, RVS Nagar, Karur Road, N.Paraipatti Post, Dindigul-624005. (5913)",INFORMATION TECHNOLOGY (IT),112.5,83.5,,83.5,88.5,86.0,,Dindigul
"R.V.S. College of Engineering, RVS Nagar, Karur Road, N.Paraipatti Post, Dindigul-624005. (5913)",MECHANICAL ENGINEERING (ME),83.0,,,,,,,Dindigul
"R.V.S. College of Engineering, RVS Nagar, Karur Road, N.Paraipatti Post, Dindigul-624005. (5913)",PETRO CHEMICAL TECHNOLOGY (PC),97.5,,,,,,,Dindigul
"R.V.S. College of Engineering, RVS Nagar, Karur Road, N.Paraipatti Post, Dindigul-624005. (5913)",TEXTILE TECHNOLOGY (TX),,,,,,,,Dindigul
"Rajalakshmi Engineering College  (Autonomous), Rajalakshmi Nagar, Thandalam, Kanchipuram, Chennai-602105. (1211)",AERONAUTICAL ENGINEERING (AE),180.5,170.0,,172.0,163.5,112.0,,Chennai
"Rajalakshmi Engineering College  (Autonomous), Rajalakshmi Nagar, Thandalam, Kanchipuram, Chennai-602105. (1211)",Artificial Intelligence and Data Science (AD),188.0,185.0,186.0,182.0,168.5,146.5,156.5,Chennai
"Rajalakshmi Engineering College  (Autonomous), Rajalakshmi Nagar, Thandalam, Kanchipuram, Chennai-602105. (1211)",Artificial Intelligence and Machine Learning (AL),185.5,183.5,182.0,180.5,161.5,133.5,,Chennai
"Rajalakshmi Engineering College  (Autonomous), Rajalakshmi Nagar, Thandalam, Kanchipuram, Chennai-602105. (1211)",AUTOMOBILE ENGINEERING (AU),170.0,164.5,156.5,160.5,145.0,,,Chennai
"Rajalakshmi Engineering College  (Autonomous), Rajalakshmi Nagar, Thandalam, Kanchipuram, Chennai-602105. (1211)",BIO MEDICAL ENGINEERING (BM),178.0,169.0,163.5,161.0,136.5,,,Chennai
"Rajalakshmi Engineering College  (Autonomous), Rajalakshmi Nagar, Thandalam, Kanchipuram, Chennai-602105. (1211)",BIO TECHNOLOGY (BT),176.0,169.5,170.0,157.0,138.0,123.5,125.0,Chennai
"Rajalakshmi Engineering College  (Autonomous), Rajalakshmi Nagar, Thandalam, Kanchipuram, Chennai-602105. (1211)",CHEMICAL  ENGINEERING (CH),176.5,160.5,,165.0,152.5,,,Chennai
"Rajalakshmi Engineering College  (Autonomous), Rajalakshmi Nagar, Thandalam, Kanchipuram, Chennai-602105. (1211)",CIVIL  ENGINEERING (CE),169.0,163.0,156.5,157.5,146.5,,,Chennai
"Rajalakshmi Engineering College  (Autonomous), Rajalakshmi Nagar, Thandalam, Kanchipuram, Chennai-602105. (1211)",COMPUTER SCIENCE AND BUSSINESS SYSTEM (CB),185.5,183.0,183.0,180.5,155.5,129.0,126.5,Chennai
"Rajalakshmi Engineering College  (Autonomous), Rajalakshmi Nagar, Thandalam, Kanchipuram, Chennai-602105. (1211)",COMPUTER SCIENCE AND DESIGN (CD),182.5,181.5,181.5,179.0,157.0,159.5,,Chennai
"Rajalakshmi Engineering College  (Autonomous), Rajalakshmi Nagar, Thandalam, Kanchipuram, Chennai-602105. (1211)",COMPUTER SCIENCE AND ENGINEERING (CS),191.5,188.0,188.5,185.5,169.0,125.5,159.5,Chennai
"Rajalakshmi Engineering College  (Autonomous), Rajalakshmi Nagar, Thandalam, Kanchipuram, Chennai-602105. (1211)",Computer Science and Engineering (Cyber Security) (SC),187.0,184.5,183.0,181.0,165.5,144.0,156.5,Chennai
"Rajalakshmi Engineering College  (Autonomous), Rajalakshmi Nagar, Thandalam, Kanchipuram, Chennai-602105. (1211)",ELECTRICAL AND ELECTRONICS ENGINEERING (EE),182.5,181.0,179.5,178.0,157.0,131.5,,Chennai
"Rajalakshmi Engineering College  (Autonomous), Rajalakshmi Nagar, Thandalam, Kanchipuram, Chennai-602105. (1211)",ELECTRONICS AND COMMUNICATION ENGINEERING (EC),188.5,186.0,184.0,182.5,168.0,110.5,132.5,Chennai
"Rajalakshmi Engineering College  (Autonomous), Rajalakshmi Nagar, Thandalam, Kanchipuram, Chennai-602105. (1211)",FOOD TECHNOLOGY (FD),172.0,164.5,170.0,163.0,141.5,118.0,118.0,Chennai
"Rajalakshmi Engineering College  (Autonomous), Rajalakshmi Nagar, Thandalam, Kanchipuram, Chennai-602105. (1211)",INFORMATION TECHNOLOGY (IT),188.5,186.0,185.0,183.0,167.5,139.5,161.0,Chennai
"Rajalakshmi Engineering College  (Autonomous), Rajalakshmi Nagar, Thandalam, Kanchipuram, Chennai-602105. (1211)",MECHANICAL ENGINEERING (ME),175.5,170.0,167.5,166.0,144.5,112.5,111.5,Chennai
"Rajalakshmi Engineering College  (Autonomous), Rajalakshmi Nagar, Thandalam, Kanchipuram, Chennai-602105. (1211)",Mechatronics Engineering (MZ),179.5,174.0,178.0,173.0,156.0,130.0,,Chennai
"Rajalakshmi Engineering College  (Autonomous), Rajalakshmi Nagar, Thandalam, Kanchipuram, Chennai-602105. (1211)",ROBOTICS AND AUTOMATION (RM),179.5,177.0,175.5,170.5,143.5,,,Chennai
"Rajalakshmi Institute of Technology (Autonomous), Bangalore Highway Road, Kuthambakkam, Chennai-600124. (1432)",Artificial Intelligence and Data Science (AD),185.0,181.0,178.5,177.0,154.5,128.5,105.5,Chennai
"Rajalakshmi Institute of Technology (Autonomous), Bangalore Highway Road, Kuthambakkam, Chennai-600124. (1432)",BIO TECHNOLOGY (BT),174.5,168.0,157.0,158.0,135.5,,,Chennai
"Rajalakshmi Institute of Technology (Autonomous), Bangalore Highway Road, Kuthambakkam, Chennai-600124. (1432)",COMPUTER AND  COMMUNICATION ENGINEERING (CO),183.0,178.5,179.5,177.0,153.0,,,Chennai
"Rajalakshmi Institute of Technology (Autonomous), Bangalore Highway Road, Kuthambakkam, Chennai-600124. (1432)",COMPUTER SCIENCE AND BUSSINESS SYSTEM (CB),182.0,178.5,178.0,176.5,142.5,106.5,,Chennai
"Rajalakshmi Institute of Technology (Autonomous), Bangalore Highway Road, Kuthambakkam, Chennai-600124. (1432)",COMPUTER SCIENCE AND ENGINEERING (CS),188.3333333,184.0,182.0,181.0,158.5,117.0,143.5,Chennai
"Rajalakshmi Institute of Technology (Autonomous), Bangalore Highway Road, Kuthambakkam, Chennai-600124. (1432)",COMPUTER SCIENCE AND ENGINEERING (AI AND MACHINE LEARNING) (AM),184.5,180.5,176.5,177.0,154.5,112.0,104.5,Chennai
"Rajalakshmi Institute of Technology (Autonomous), Bangalore Highway Road, Kuthambakkam, Chennai-600124. (1432)",ELECTRONICS AND COMMUNICATION ENGINEERING (EC),187.5,184.0,179.0,179.0,163.0,107.0,,Chennai
"Rajalakshmi Institute of Technology (Autonomous), Bangalore Highway Road, Kuthambakkam, Chennai-600124. (1432)",Electronics Engineering (VLSI Design and Technology) (EV),181.5,176.5,170.0,174.0,131.5,,,Chennai
"Rajalakshmi Institute of Technology (Autonomous), Bangalore Highway Road, Kuthambakkam, Chennai-600124. (1432)",MECHANICAL ENGINEERING (ME),172.0,161.5,157.0,154.0,125.5,,,Chennai
"Rajiv Gandhi College of Engineering, Nemili Village, Sriperumbudur, Kanchipuram-602105. (1212)",AUTOMOBILE ENGINEERING (AU),,,,,,,,Other
"Rajiv Gandhi College of Engineering, Nemili Village, Sriperumbudur, Kanchipuram-602105. (1212)",BIO MEDICAL ENGINEERING (BM),93.0,,90.5,92.0,88.5,,,Other
"Rajiv Gandhi College of Engineering, Nemili Village, Sriperumbudur, Kanchipuram-602105. (1212)",COMPUTER SCIENCE AND ENGINEERING (CS),143.5,136.0,,124.5,92.0,,,Other
"Rajiv Gandhi College of Engineering, Nemili Village, Sriperumbudur, Kanchipuram-602105. (1212)",ELECTRICAL AND ELECTRONICS ENGINEERING (EE),86.5,,,,,,,Other
"Rajiv Gandhi College of Engineering, Nemili Village, Sriperumbudur, Kanchipuram-602105. (1212)",ELECTRONICS AND COMMUNICATION ENGINEERING (EC),124.0,91.0,,120.5,87.5,,,Other
"Rajiv Gandhi College of Engineering, Nemili Village, Sriperumbudur, Kanchipuram-602105. (1212)",MECHANICAL ENGINEERING (ME),116.0,,,,,,,Other
"Rajiv Gandhi College of Engineering, Nemili Village, Sriperumbudur, Kanchipuram-602105. (1212)",PETROLEUM ENGINEERING (PE),119.5,,,,,,,Other
"RAMCO Institute of Technology, North Venganallur Village, Krishnapuram Panchayat, Rajapalayam, Virudhunagar-626117. (4678)",Artificial Intelligence and Data Science (AD),165.0,151.0,143.0,144.5,119.0,,,Virudhunagar
"RAMCO Institute of Technology, North Venganallur Village, Krishnapuram Panchayat, Rajapalayam, Virudhunagar-626117. (4678)",CIVIL  ENGINEERING (CE),133.0,92.5,117.5,109.0,108.0,,,Virudhunagar
"RAMCO Institute of Technology, North Venganallur Village, Krishnapuram Panchayat, Rajapalayam, Virudhunagar-626117. (4678)",COMPUTER SCIENCE AND BUSSINESS SYSTEM (CB),154.0,143.5,127.0,135.5,130.0,,,Virudhunagar
"RAMCO Institute of Technology, North Venganallur Village, Krishnapuram Panchayat, Rajapalayam, Virudhunagar-626117. (4678)",COMPUTER SCIENCE AND ENGINEERING (CS),171.5,161.0,140.5,144.5,99.0,,,Virudhunagar
"RAMCO Institute of Technology, North Venganallur Village, Krishnapuram Panchayat, Rajapalayam, Virudhunagar-626117. (4678)",ELECTRICAL AND ELECTRONICS ENGINEERING (EE),144.5,128.5,140.0,126.0,107.5,119.0,,Virudhunagar
"RAMCO Institute of Technology, North Venganallur Village, Krishnapuram Panchayat, Rajapalayam, Virudhunagar-626117. (4678)",ELECTRONICS AND COMMUNICATION ENGINEERING (EC),161.5,154.5,140.5,139.5,106.5,,,Virudhunagar
"RAMCO Institute of Technology, North Venganallur Village, Krishnapuram Panchayat, Rajapalayam, Virudhunagar-626117. (4678)",INFORMATION TECHNOLOGY (IT),165.0,153.5,132.5,147.0,108.0,,,Virudhunagar
"RAMCO Institute of Technology, North Venganallur Village, Krishnapuram Panchayat, Rajapalayam, Virudhunagar-626117. (4678)",MECHANICAL ENGINEERING (ME),134.0,114.0,,108.5,105.5,,,Virudhunagar
"RANIPPETTAI ENGINEERING COLLEGE, THENKADAPPANTHANGAL, VELLORE DISTRICT 632513 (1511)",CIVIL  ENGINEERING (CE),,,,,,,,Vellore
"RANIPPETTAI ENGINEERING COLLEGE, THENKADAPPANTHANGAL, VELLORE DISTRICT 632514 (1511)",COMPUTER SCIENCE AND ENGINEERING (CS),92.0,,,,,,,Vellore
"RANIPPETTAI ENGINEERING COLLEGE, THENKADAPPANTHANGAL, VELLORE DISTRICT 632515 (1511)",MECHANICAL ENGINEERING (ME),,,,,,,,Vellore
"RANIPPETTAI ENGINEERING COLLEGE, THENKADAPPANTHANGAL, VELLORE DISTRICT 632516 (1511)",ELECTRICAL AND ELECTRONICS ENGINEERING (EE),,,,,,,,Vellore
"RANIPPETTAI ENGINEERING COLLEGE, THENKADAPPANTHANGAL, VELLORE DISTRICT 632517 (1511)",ELECTRONICS AND COMMUNICATION ENGINEERING (EC),,,,,,,,Vellore
"Rathinam Technical Campus (Autonomous), Rathinam Techzone Campus, Pollachi Road, Eachanari, Coimbatore-641021. (2329)",AGRICULTURAL ENGINEERING (AG),168.0,167.5,164.0,164.0,149.0,140.5,,Coimbatore
"Rathinam Technical Campus (Autonomous), Rathinam Techzone Campus, Pollachi Road, Eachanari, Coimbatore-641021. (2329)",Artificial Intelligence and Data Science (AD),179.315,170.0,165.5,162.5,140.0,168.35,161.0,Coimbatore
"Rathinam Technical Campus (Autonomous), Rathinam Techzone Campus, Pollachi Road, Eachanari, Coimbatore-641021. (2329)",BIO TECHNOLOGY (BT),167.37,150.5,163.715,159.23,123.5,120.5,164.81,Coimbatore
"Rathinam Technical Campus (Autonomous), Rathinam Techzone Campus, Pollachi Road, Eachanari, Coimbatore-641021. (2329)",COMPUTER SCIENCE AND ENGINEERING (CS),172.5,166.5,166.815,164.0,140.0,150.705,124.5,Coimbatore
"Rathinam Technical Campus (Autonomous), Rathinam Techzone Campus, Pollachi Road, Eachanari, Coimbatore-641021. (2329)",COMPUTER SCIENCE AND ENGINEERING (AI AND MACHINE LEARNING) (AM),172.295,165.0,166.0,160.5,138.5,158.9,,Coimbatore
"Rathinam Technical Campus (Autonomous), Rathinam Techzone Campus, Pollachi Road, Eachanari, Coimbatore-641021. (2329)",Computer Science and Engineering (Cyber Security) (SC),169.0,162.0,162.615,159.5,134.0,155.615,,Coimbatore
"Rathinam Technical Campus (Autonomous), Rathinam Techzone Campus, Pollachi Road, Eachanari, Coimbatore-641021. (2329)",COMPUTER SCIENCE AND ENGINEERING (TAMIL) (XS),171.64,160.0,162.56,159.5,122.0,127.5,,Coimbatore
"Rathinam Technical Campus (Autonomous), Rathinam Techzone Campus, Pollachi Road, Eachanari, Coimbatore-641021. (2329)",ELECTRONICS AND COMMUNICATION ENGINEERING (EC),170.0,167.0,161.295,163.0,136.5,149.065,,Coimbatore
"Rathinam Technical Campus (Autonomous), Rathinam Techzone Campus, Pollachi Road, Eachanari, Coimbatore-641021. (2329)",INFORMATION TECHNOLOGY (IT),170.0,165.5,162.0,164.0,147.0,122.5,137.5,Coimbatore
"Rathinam Technical Campus (Autonomous), Rathinam Techzone Campus, Pollachi Road, Eachanari, Coimbatore-641021. (2329)",MECHANICAL ENGINEERING (ME),170.0,169.23,,162.165,140.5,,,Coimbatore
"Rathinam Technical Campus (Autonomous), Rathinam Techzone Campus, Pollachi Road, Eachanari, Coimbatore-641021. (2329)",Mechatronics Engineering (MZ),171.0,159.0,164.275,165.21,135.0,,155.0,Coimbatore
"Renganayagi Varatharaj College of Engineering, Salvarpatti Village & Post, Thayilpatti Via, Sivakasi Taluk, Virudhunagar-626128. (4676)",Artificial Intelligence and Data Science (AD),148.0,117.0,110.5,118.0,129.5,,,Virudhunagar
"Renganayagi Varatharaj College of Engineering, Salvarpatti Village & Post, Thayilpatti Via, Sivakasi Taluk, Virudhunagar-626128. (4676)",COMPUTER SCIENCE AND ENGINEERING (CS),147.0,85.5,82.0,120.5,118.5,119.0,,Virudhunagar
"Renganayagi Varatharaj College of Engineering, Salvarpatti Village & Post, Thayilpatti Via, Sivakasi Taluk, Virudhunagar-626128. (4676)",ELECTRICAL AND ELECTRONICS ENGINEERING (EE),106.5,,,100.5,,,,Virudhunagar
"Renganayagi Varatharaj College of Engineering, Salvarpatti Village & Post, Thayilpatti Via, Sivakasi Taluk, Virudhunagar-626128. (4676)",ELECTRONICS AND COMMUNICATION ENGINEERING (EC),132.0,102.0,,113.5,90.0,100.5,,Virudhunagar
"Renganayagi Varatharaj College of Engineering, Salvarpatti Village & Post, Thayilpatti Via, Sivakasi Taluk, Virudhunagar-626128. (4676)",MECHANICAL ENGINEERING (ME),116.0,106.5,,85.0,,,,Virudhunagar
"Roever Engineering College, Elambalur (Post), Perambalur-621212. (3817)",BIO TECHNOLOGY (BT),121.0,111.5,,109.5,103.0,,,Perambalur
"Roever Engineering College, Elambalur (Post), Perambalur-621212. (3817)",CIVIL  ENGINEERING (CE),102.0,,,,,,,Perambalur
"Roever Engineering College, Elambalur (Post), Perambalur-621212. (3817)",COMPUTER SCIENCE AND ENGINEERING (CS),140.0,111.0,124.5,115.0,91.0,102.0,99.5,Perambalur
"Roever Engineering College, Elambalur (Post), Perambalur-621212. (3817)",ELECTRICAL AND ELECTRONICS ENGINEERING (EE),104.5,,,89.0,,,,Perambalur
"Roever Engineering College, Elambalur (Post), Perambalur-621212. (3817)",ELECTRONICS AND COMMUNICATION ENGINEERING (EC),133.5,92.0,90.5,104.5,98.5,,,Perambalur
"Roever Engineering College, Elambalur (Post), Perambalur-621212. (3817)",MECHANICAL ENGINEERING (ME),90.5,,,,,,,Perambalur
"Rohini College of Engineering and Technology (Autonomous), Palkumlam, Variyoor Post, Kanyakumari-629401. (4670)",AGRICULTURAL ENGINEERING (AG),124.5,83.5,,87.0,105.5,,,Other
"Rohini College of Engineering and Technology (Autonomous), Palkumlam, Variyoor Post, Kanyakumari-629401. (4670)",Artificial Intelligence and Data Science (AD),163.5,154.5,147.0,109.5,,,,Other
"Rohini College of Engineering and Technology (Autonomous), Palkumlam, Variyoor Post, Kanyakumari-629401. (4670)",BIO MEDICAL ENGINEERING (BM),142.0,117.5,108.0,104.5,,,,Other
"Rohini College of Engineering and Technology (Autonomous), Palkumlam, Variyoor Post, Kanyakumari-629401. (4670)",CIVIL  ENGINEERING (CE),114.0,91.0,104.5,,,,,Other
"Rohini College of Engineering and Technology (Autonomous), Palkumlam, Variyoor Post, Kanyakumari-629401. (4670)",COMPUTER SCIENCE AND ENGINEERING (CS),155.0,143.5,151.0,89.0,117.0,,,Other
"Rohini College of Engineering and Technology (Autonomous), Palkumlam, Variyoor Post, Kanyakumari-629401. (4670)",COMPUTER SCIENCE AND ENGINEERING (AI AND MACHINE LEARNING) (AM),150.0,142.0,135.0,105.0,105.5,,,Other
"Rohini College of Engineering and Technology (Autonomous), Palkumlam, Variyoor Post, Kanyakumari-629401. (4670)",ELECTRICAL AND ELECTRONICS ENGINEERING (EE),137.0,120.5,,110.0,,,,Other
"Rohini College of Engineering and Technology (Autonomous), Palkumlam, Variyoor Post, Kanyakumari-629401. (4670)",ELECTRONICS AND COMMUNICATION ENGINEERING (EC),155.0,144.0,148.0,113.5,,,,Other
"Rohini College of Engineering and Technology (Autonomous), Palkumlam, Variyoor Post, Kanyakumari-629401. (4670)",MECHANICAL ENGINEERING (ME),142.0,102.5,96.5,105.5,82.5,,,Other
"Rrase College of Engineering, Vanjuvancherry, Padappai, Sriperumbadur, Kancheepuram -601301. (1437)",Artificial Intelligence and Data Science (AD),146.0,101.5,,135.0,145.5,,,Kancheepuram
"Rrase College of Engineering, Vanjuvancherry, Padappai, Sriperumbadur, Kancheepuram -601301. (1437)",AUTOMOBILE ENGINEERING (AU),117.5,,,,,,,Kancheepuram
"Rrase College of Engineering, Vanjuvancherry, Padappai, Sriperumbadur, Kancheepuram -601301. (1437)",CIVIL  ENGINEERING (CE),147.0,,,,,,,Kancheepuram
"Rrase College of Engineering, Vanjuvancherry, Padappai, Sriperumbadur, Kancheepuram -601301. (1437)",COMPUTER SCIENCE AND ENGINEERING (CS),132.0,82.5,110.0,113.0,113.0,,,Kancheepuram
"Rrase College of Engineering, Vanjuvancherry, Padappai, Sriperumbadur, Kancheepuram -601301. (1437)",Computer Science and Engineering (Cyber Security) (SC),118.5,102.0,,95.0,98.0,,,Kancheepuram
"Rrase College of Engineering, Vanjuvancherry, Padappai, Sriperumbadur, Kancheepuram -601301. (1437)",ELECTRICAL AND ELECTRONICS ENGINEERING (EE),102.5,83.0,,,97.5,,,Kancheepuram
"Rrase College of Engineering, Vanjuvancherry, Padappai, Sriperumbadur, Kancheepuram -601301. (1437)",ELECTRONICS AND COMMUNICATION ENGINEERING (EC),115.0,80.5,,105.0,86.5,,,Kancheepuram
"Rrase College of Engineering, Vanjuvancherry, Padappai, Sriperumbadur, Kancheepuram -601301. (1437)",INFORMATION TECHNOLOGY (IT),132.5,106.5,108.0,92.5,119.5,,,Kancheepuram
"Rrase College of Engineering, Vanjuvancherry, Padappai, Sriperumbadur, Kancheepuram -601301. (1437)",MECHANICAL ENGINEERING (ME),90.0,,,,,,,Kancheepuram
"RVS College of Engineering and Technology (Autonomous), Kumaran Kottam Campus, Kannampalayam Post, Coimbatore-641402. (2731)",Artificial Intelligence and Data Science (AD),180.0,166.5,138.0,150.5,120.5,112.0,123.0,Coimbatore
"RVS College of Engineering and Technology (Autonomous), Kumaran Kottam Campus, Kannampalayam Post, Coimbatore-641402. (2731)",BIO MEDICAL ENGINEERING (BM),172.0,127.0,,169.0,140.5,,,Coimbatore
"RVS College of Engineering and Technology (Autonomous), Kumaran Kottam Campus, Kannampalayam Post, Coimbatore-641402. (2731)",COMPUTER SCIENCE AND ENGINEERING (CS),164.5,150.5,154.0,151.5,113.5,114.5,105.5,Coimbatore
"RVS College of Engineering and Technology (Autonomous), Kumaran Kottam Campus, Kannampalayam Post, Coimbatore-641402. (2731)",ELECTRICAL AND ELECTRONICS ENGINEERING (EE),141.0,117.5,112.5,126.5,83.5,,,Coimbatore
"RVS College of Engineering and Technology (Autonomous), Kumaran Kottam Campus, Kannampalayam Post, Coimbatore-641402. (2731)",ELECTRONICS AND COMMUNICATION ENGINEERING (EC),187.0,173.5,,151.5,127.0,148.0,,Coimbatore
"RVS College of Engineering and Technology (Autonomous), Kumaran Kottam Campus, Kannampalayam Post, Coimbatore-641402. (2731)",INFORMATION TECHNOLOGY (IT),180.0,161.0,136.0,172.5,129.0,175.0,,Coimbatore
"RVS College of Engineering and Technology (Autonomous), Kumaran Kottam Campus, Kannampalayam Post, Coimbatore-641402. (2731)",MECHANICAL AND AUTOMATION ENGINEERING (MU),114.0,110.5,,,,,,Coimbatore
"RVS College of Engineering and Technology (Autonomous), Kumaran Kottam Campus, Kannampalayam Post, Coimbatore-641402. (2731)",MECHANICAL ENGINEERING (ME),128.0,107.0,97.5,86.0,97.5,97.0,,Coimbatore
"RVS College of Engineering and Technology (Autonomous), Kumaran Kottam Campus, Kannampalayam Post, Coimbatore-641402. (2731)",PETRO CHEMICAL ENGINEERING (PD),120.0,93.0,88.5,116.0,,,,Coimbatore
"S K R Engineering College, Agarmel, Poonamallaee, Thiruvallur, Chennai-600123. (1213)",BIO MEDICAL ENGINEERING (BM),,,,,,,,Chennai
"S K R Engineering College, Agarmel, Poonamallaee, Thiruvallur, Chennai-600123. (1213)",COMPUTER SCIENCE AND BUSSINESS SYSTEM (CB),,,,,,,,Chennai
"S K R Engineering College, Agarmel, Poonamallaee, Thiruvallur, Chennai-600123. (1213)",COMPUTER SCIENCE AND ENGINEERING (CS),,,,,,,,Chennai
"S K R Engineering College, Agarmel, Poonamallaee, Thiruvallur, Chennai-600123. (1213)",ELECTRICAL AND ELECTRONICS ENGINEERING (EE),,,,,,,,Chennai
"S K R Engineering College, Agarmel, Poonamallaee, Thiruvallur, Chennai-600123. (1213)",ELECTRONICS AND COMMUNICATION ENGINEERING (EC),,,,,,,,Chennai
"S K R Engineering College, Agarmel, Poonamallaee, Thiruvallur, Chennai-600123. (1213)",INFORMATION TECHNOLOGY (IT),,,,,,,,Chennai
"S. Veerasamy Chettiar College of Engineering and Technology, S.V.Nagar, Puliangudi (Post), Sivagiri (Taluk), Tirunelveli District-627855. (4967)",Artificial Intelligence and Data Science (AD),89.0,,,,,,,Tirunelveli
"S. Veerasamy Chettiar College of Engineering and Technology, S.V.Nagar, Puliangudi (Post), Sivagiri (Taluk), Tirunelveli District-627855. (4967)",CIVIL  ENGINEERING (CE),89.5,,,,,,,Tirunelveli
"S. Veerasamy Chettiar College of Engineering and Technology, S.V.Nagar, Puliangudi (Post), Sivagiri (Taluk), Tirunelveli District-627855. (4967)",COMPUTER SCIENCE AND ENGINEERING (CS),151.0,88.0,97.0,107.0,95.0,99.5,,Tirunelveli
"S. Veerasamy Chettiar College of Engineering and Technology, S.V.Nagar, Puliangudi (Post), Sivagiri (Taluk), Tirunelveli District-627855. (4967)",Computer Science and Engineering (Cyber Security) (SC),95.0,,,85.5,,,,Tirunelveli
"S. Veerasamy Chettiar College of Engineering and Technology, S.V.Nagar, Puliangudi (Post), Sivagiri (Taluk), Tirunelveli District-627855. (4967)",ELECTRICAL AND ELECTRONICS ENGINEERING (EE),95.0,,,,,,,Tirunelveli
"S. Veerasamy Chettiar College of Engineering and Technology, S.V.Nagar, Puliangudi (Post), Sivagiri (Taluk), Tirunelveli District-627855. (4967)",ELECTRONICS AND COMMUNICATION ENGINEERING (EC),115.0,,,,,,,Tirunelveli
"S. Veerasamy Chettiar College of Engineering and Technology, S.V.Nagar, Puliangudi (Post), Sivagiri (Taluk), Tirunelveli District-627855. (4967)",INFORMATION TECHNOLOGY (IT),106.5,,,,,,,Tirunelveli
"S. Veerasamy Chettiar College of Engineering and Technology, S.V.Nagar, Puliangudi (Post), Sivagiri (Taluk), Tirunelveli District-627855. (4967)",MECHANICAL ENGINEERING (ME),95.5,,,,,,,Tirunelveli
"S.A. Engineering College (Autonomous), Poonamallee- Avadi Road, Thiruverkadu Post, Tiruvallur, Chennai-600077. (1114)",Artificial Intelligence and Data Science (AD),161.0,148.5,145.5,150.5,123.5,,,Tiruvallur
"S.A. Engineering College (Autonomous), Poonamallee- Avadi Road, Thiruverkadu Post, Tiruvallur, Chennai-600077. (1114)",CIVIL  ENGINEERING (CE),130.0,102.5,,118.0,94.5,,,Tiruvallur
"S.A. Engineering College (Autonomous), Poonamallee- Avadi Road, Thiruverkadu Post, Tiruvallur, Chennai-600077. (1114)",COMPUTER SCIENCE AND BUSSINESS SYSTEM (CB),150.5,143.0,134.0,142.5,125.0,,,Tiruvallur
"S.A. Engineering College (Autonomous), Poonamallee- Avadi Road, Thiruverkadu Post, Tiruvallur, Chennai-600077. (1114)",COMPUTER SCIENCE AND ENGINEERING (CS),160.0,150.5,140.5,148.5,122.5,,,Tiruvallur
"S.A. Engineering College (Autonomous), Poonamallee- Avadi Road, Thiruverkadu Post, Tiruvallur, Chennai-600077. (1114)",COMPUTER SCIENCE AND ENGINEERING (AI AND MACHINE LEARNING) (AM),156.0,144.5,,145.5,118.5,,,Tiruvallur
"S.A. Engineering College (Autonomous), Poonamallee- Avadi Road, Thiruverkadu Post, Tiruvallur, Chennai-600077. (1114)",Computer Science and Engineering (Cyber Security) (SC),154.0,145.5,137.0,146.0,116.5,154.0,,Tiruvallur
"S.A. Engineering College (Autonomous), Poonamallee- Avadi Road, Thiruverkadu Post, Tiruvallur, Chennai-600077. (1114)",ELECTRICAL AND ELECTRONICS ENGINEERING (EE),136.5,85.5,,111.0,101.0,,,Tiruvallur
"S.A. Engineering College (Autonomous), Poonamallee- Avadi Road, Thiruverkadu Post, Tiruvallur, Chennai-600077. (1114)",ELECTRONICS AND COMMUNICATION ENGINEERING (EC),154.0,144.0,145.5,142.5,113.5,,,Tiruvallur
"S.A. Engineering College (Autonomous), Poonamallee- Avadi Road, Thiruverkadu Post, Tiruvallur, Chennai-600077. (1114)",Electronics Engineering (VLSI Design and Technology) (EV),140.0,113.0,138.0,120.0,105.0,,,Tiruvallur
"S.A. Engineering College (Autonomous), Poonamallee- Avadi Road, Thiruverkadu Post, Tiruvallur, Chennai-600077. (1114)",INFORMATION TECHNOLOGY (IT),156.5,145.0,136.0,144.5,122.0,,,Tiruvallur
"S.A. Engineering College (Autonomous), Poonamallee- Avadi Road, Thiruverkadu Post, Tiruvallur, Chennai-600077. (1114)",MECHANICAL ENGINEERING (ME),122.0,93.5,,109.5,95.0,,,Tiruvallur
"S.K.P. Engineering College, Chinnkangiyanur, Somasipadi Post, Tiruvannamalai District-606611. (1512)",Artificial Intelligence and Data Science (AD),139.0,107.0,137.5,113.0,102.0,,107.5,Other
"S.K.P. Engineering College, Chinnkangiyanur, Somasipadi Post, Tiruvannamalai District-606611. (1512)",CIVIL  ENGINEERING (CE),85.0,,,,,,,Other
"S.K.P. Engineering College, Chinnkangiyanur, Somasipadi Post, Tiruvannamalai District-606611. (1512)",COMPUTER SCIENCE AND ENGINEERING (CS),142.5,107.5,130.0,111.5,108.0,,,Other
"S.K.P. Engineering College, Chinnkangiyanur, Somasipadi Post, Tiruvannamalai District-606611. (1512)",COMPUTER SCIENCE AND ENGINEERING (AI AND MACHINE LEARNING) (AM),120.0,81.0,94.0,101.5,87.5,,,Other
"S.K.P. Engineering College, Chinnkangiyanur, Somasipadi Post, Tiruvannamalai District-606611. (1512)",Computer Science and Engineering (Cyber Security) (SC),120.5,102.0,106.0,104.5,82.5,,,Other
"S.K.P. Engineering College, Chinnkangiyanur, Somasipadi Post, Tiruvannamalai District-606611. (1512)",ELECTRICAL AND ELECTRONICS ENGINEERING (EE),110.0,103.0,108.5,98.0,,,,Other
"S.K.P. Engineering College, Chinnkangiyanur, Somasipadi Post, Tiruvannamalai District-606611. (1512)",ELECTRONICS AND COMMUNICATION ENGINEERING (EC),131.5,104.0,119.5,109.5,104.0,,,Other
"S.K.P. Engineering College, Chinnkangiyanur, Somasipadi Post, Tiruvannamalai District-606611. (1512)",INFORMATION TECHNOLOGY (IT),138.0,116.5,109.0,119.5,92.0,113.0,,Other
"S.K.P. Engineering College, Chinnkangiyanur, Somasipadi Post, Tiruvannamalai District-606611. (1512)",MECHANICAL ENGINEERING (ME),84.0,,,,,,,Other
"SACS M.A.V.M.M. Engineering College, 446, Melur - Alagarkoil Road, Kidaripatti (PO), Alagarkoil Via, Melur Taluk, Madurai-625301. (5915)",CIVIL  ENGINEERING (CE),81.0,,,,,,,Madurai
"SACS M.A.V.M.M. Engineering College, 446, Melur - Alagarkoil Road, Kidaripatti (PO), Alagarkoil Via, Melur Taluk, Madurai-625301. (5915)",COMPUTER SCIENCE AND ENGINEERING (CS),145.5,113.0,133.0,118.5,100.0,105.5,,Madurai
"SACS M.A.V.M.M. Engineering College, 446, Melur - Alagarkoil Road, Kidaripatti (PO), Alagarkoil Via, Melur Taluk, Madurai-625301. (5915)",ELECTRICAL AND ELECTRONICS ENGINEERING (EE),100.0,80.5,88.0,88.0,86.0,,,Madurai
"SACS M.A.V.M.M. Engineering College, 446, Melur - Alagarkoil Road, Kidaripatti (PO), Alagarkoil Via, Melur Taluk, Madurai-625301. (5915)",ELECTRONICS AND COMMUNICATION ENGINEERING (EC),125.5,93.5,96.0,109.0,106.0,82.5,,Madurai
"SACS M.A.V.M.M. Engineering College, 446, Melur - Alagarkoil Road, Kidaripatti (PO), Alagarkoil Via, Melur Taluk, Madurai-625301. (5915)",MECHANICAL ENGINEERING (ME),97.5,82.0,,,80.0,,,Madurai
"Salem College of Engineering and Technology, NH-68 Salem-Attur Main Road, Mettupatty Perumapalayam, Salem-636111. (2659)",Artificial Intelligence and Data Science (AD),136.0,,,97.0,124.0,,,Salem
"Salem College of Engineering and Technology, NH-68 Salem-Attur Main Road, Mettupatty Perumapalayam, Salem-636111. (2659)",BIO MEDICAL ENGINEERING (BM),128.5,94.0,89.0,82.5,96.5,119.0,,Salem
"Salem College of Engineering and Technology, NH-68 Salem-Attur Main Road, Mettupatty Perumapalayam, Salem-636111. (2659)",BIO TECHNOLOGY (BT),117.5,,,84.0,116.5,100.5,,Salem
"Salem College of Engineering and Technology, NH-68 Salem-Attur Main Road, Mettupatty Perumapalayam, Salem-636111. (2659)",CIVIL  ENGINEERING (CE),,,,,,,,Salem
"Salem College of Engineering and Technology, NH-68 Salem-Attur Main Road, Mettupatty Perumapalayam, Salem-636111. (2659)",COMPUTER SCIENCE AND ENGINEERING (CS),125.5,81.5,98.0,98.5,87.0,112.0,116.5,Salem
"Salem College of Engineering and Technology, NH-68 Salem-Attur Main Road, Mettupatty Perumapalayam, Salem-636111. (2659)",ELECTRICAL AND ELECTRONICS ENGINEERING (EE),120.0,94.0,,82.0,93.5,,82.0,Salem
"Salem College of Engineering and Technology, NH-68 Salem-Attur Main Road, Mettupatty Perumapalayam, Salem-636111. (2659)",ELECTRONICS AND COMMUNICATION ENGINEERING (EC),114.5,91.5,,90.5,90.0,107.0,,Salem
"Salem College of Engineering and Technology, NH-68 Salem-Attur Main Road, Mettupatty Perumapalayam, Salem-636111. (2659)",INFORMATION TECHNOLOGY (IT),109.0,80.0,,85.0,87.0,105.5,,Salem
"Salem College of Engineering and Technology, NH-68 Salem-Attur Main Road, Mettupatty Perumapalayam, Salem-636111. (2659)",MECHANICAL ENGINEERING (ME),105.5,86.0,,84.5,80.5,104.0,,Salem
"SAMS College of Engineering and Technology, 82,Panapakkam, Tirupathi Road, Uthukottai Taluk, Thiruvallur District-601102. (1124)",AERONAUTICAL ENGINEERING (AE),,,,,,,,Other
"SAMS College of Engineering and Technology, 82,Panapakkam, Tirupathi Road, Uthukottai Taluk, Thiruvallur District-601102. (1124)",Artificial Intelligence and Data Science (AD),,,,,,,,Other
"SAMS College of Engineering and Technology, 82,Panapakkam, Tirupathi Road, Uthukottai Taluk, Thiruvallur District-601102. (1124)",COMPUTER AND  COMMUNICATION ENGINEERING (CO),,,,,,,,Other
"SAMS College of Engineering and Technology, 82,Panapakkam, Tirupathi Road, Uthukottai Taluk, Thiruvallur District-601102. (1124)",COMPUTER SCIENCE AND ENGINEERING (CS),,,,,,,,Other
"SAMS College of Engineering and Technology, 82,Panapakkam, Tirupathi Road, Uthukottai Taluk, Thiruvallur District-601102. (1124)",COMPUTER SCIENCE AND ENGINEERING (AI AND MACHINE LEARNING) (AM),,,,,,,,Other
"SAMS College of Engineering and Technology, 82,Panapakkam, Tirupathi Road, Uthukottai Taluk, Thiruvallur District-601102. (1124)",Computer Science and Engineering (Cyber Security) (SC),,,,,,,,Other
"SAMS College of Engineering and Technology, 82,Panapakkam, Tirupathi Road, Uthukottai Taluk, Thiruvallur District-601102. (1124)",MARINE ENGINEERING (MR),,,,,,,,Other
"SAMS College of Engineering and Technology, 82,Panapakkam, Tirupathi Road, Uthukottai Taluk, Thiruvallur District-601102. (1124)",MECHANICAL ENGINEERING (ME),,,,,,,,Other
"Sapthagiri College of Engineering, NH-7, Krishnagiri Main Road,Palacode Taluk Periyanahalli Village & Post Dharmapuri District-635205. (2616)",Artificial Intelligence and Data Science (AD),,,,,,,,Krishnagiri
"Sapthagiri College of Engineering, NH-7, Krishnagiri Main Road,Palacode Taluk Periyanahalli Village & Post Dharmapuri District-635205. (2616)",CIVIL  ENGINEERING (CE),,,,,,,,Krishnagiri
"Sapthagiri College of Engineering, NH-7, Krishnagiri Main Road,Palacode Taluk Periyanahalli Village & Post Dharmapuri District-635205. (2616)",COMPUTER SCIENCE AND ENGINEERING (CS),,,,,,,,Krishnagiri
"Sapthagiri College of Engineering, NH-7, Krishnagiri Main Road,Palacode Taluk Periyanahalli Village & Post Dharmapuri District-635205. (2616)",Computer Science and Engineering (Cyber Security) (SC),,,,,,,,Krishnagiri
"Sapthagiri College of Engineering, NH-7, Krishnagiri Main Road,Palacode Taluk Periyanahalli Village & Post Dharmapuri District-635205. (2616)",ELECTRICAL AND ELECTRONICS ENGINEERING (EE),,,,,,,,Krishnagiri
"Sapthagiri College of Engineering, NH-7, Krishnagiri Main Road,Palacode Taluk Periyanahalli Village & Post Dharmapuri District-635205. (2616)",ELECTRONICS AND COMMUNICATION ENGINEERING (EC),,,,,,,,Krishnagiri
"Sapthagiri College of Engineering, NH-7, Krishnagiri Main Road,Palacode Taluk Periyanahalli Village & Post Dharmapuri District-635205. (2616)",ELECTRONICS AND INSTRUMENTATION ENGINEERING (EI),,,,,,,,Krishnagiri
"Sapthagiri College of Engineering, NH-7, Krishnagiri Main Road,Palacode Taluk Periyanahalli Village & Post Dharmapuri District-635205. (2616)",INFORMATION TECHNOLOGY (IT),,,,,,,,Krishnagiri
"Sapthagiri College of Engineering, NH-7, Krishnagiri Main Road,Palacode Taluk Periyanahalli Village & Post Dharmapuri District-635205. (2616)",MECHANICAL ENGINEERING (ME),,,,,,,,Krishnagiri
"Saranathan College of Engineering (Autonomous), Venkateswara Nagar, Edamalaipattipudur Post, Panjappur Village, Srirangam Taluk, Tiruchirappalli-620012. (3819)",Artificial Intelligence and Data Science (AD),175.0,164.5,163.5,153.0,132.0,139.0,,Tiruchirappalli
"Saranathan College of Engineering (Autonomous), Venkateswara Nagar, Edamalaipattipudur Post, Panjappur Village, Srirangam Taluk, Tiruchirappalli-620012. (3819)",CIVIL  ENGINEERING (CE),147.0,117.5,134.5,109.5,88.5,,,Tiruchirappalli
"Saranathan College of Engineering (Autonomous), Venkateswara Nagar, Edamalaipattipudur Post, Panjappur Village, Srirangam Taluk, Tiruchirappalli-620012. (3819)",COMPUTER SCIENCE AND BUSSINESS SYSTEM (CB),164.5,158.0,160.0,151.0,126.0,,,Tiruchirappalli
"Saranathan College of Engineering (Autonomous), Venkateswara Nagar, Edamalaipattipudur Post, Panjappur Village, Srirangam Taluk, Tiruchirappalli-620012. (3819)",COMPUTER SCIENCE AND ENGINEERING (CS),181.5,176.5,192.5,169.0,144.0,124.5,,Tiruchirappalli
"Saranathan College of Engineering (Autonomous), Venkateswara Nagar, Edamalaipattipudur Post, Panjappur Village, Srirangam Taluk, Tiruchirappalli-620012. (3819)",COMPUTER SCIENCE AND ENGINEERING (AI AND MACHINE LEARNING) (AM),169.0,163.5,163.0,159.5,135.5,,142.5,Tiruchirappalli
"Saranathan College of Engineering (Autonomous), Venkateswara Nagar, Edamalaipattipudur Post, Panjappur Village, Srirangam Taluk, Tiruchirappalli-620012. (3819)",ELECTRICAL AND ELECTRONICS ENGINEERING (EE),156.0,151.5,146.5,141.0,122.5,,,Tiruchirappalli
"Saranathan College of Engineering (Autonomous), Venkateswara Nagar, Edamalaipattipudur Post, Panjappur Village, Srirangam Taluk, Tiruchirappalli-620012. (3819)",ELECTRONICS AND COMMUNICATION ENGINEERING (EC),172.0,165.5,165.0,156.5,132.5,117.0,,Tiruchirappalli
"Saranathan College of Engineering (Autonomous), Venkateswara Nagar, Edamalaipattipudur Post, Panjappur Village, Srirangam Taluk, Tiruchirappalli-620012. (3819)",INFORMATION TECHNOLOGY (IT),172.0,166.5,170.5,160.0,142.5,,,Tiruchirappalli
"Saranathan College of Engineering (Autonomous), Venkateswara Nagar, Edamalaipattipudur Post, Panjappur Village, Srirangam Taluk, Tiruchirappalli-620012. (3819)",INSTRUMENTATION AND CONTROL ENGINEERING (IC),156.0,144.5,137.0,136.5,117.0,,,Tiruchirappalli
"Saranathan College of Engineering (Autonomous), Venkateswara Nagar, Edamalaipattipudur Post, Panjappur Village, Srirangam Taluk, Tiruchirappalli-620012. (3819)",MECHANICAL ENGINEERING (ME),147.5,131.0,138.5,120.5,122.5,,,Tiruchirappalli
"Saraswathy College of Engineering and Technology, NH-45 Main Road, Olakkur, Tindivanam, Villupuram-604307. (1449)",AGRICULTURAL ENGINEERING (AG),96.0,,,,,,,Villupuram
"Saraswathy College of Engineering and Technology, NH-45 Main Road, Olakkur, Tindivanam, Villupuram-604307. (1449)",Artificial Intelligence and Data Science (AD),118.0,108.0,,97.5,101.0,,,Villupuram
"Saraswathy College of Engineering and Technology, NH-45 Main Road, Olakkur, Tindivanam, Villupuram-604307. (1449)",CIVIL  ENGINEERING (CE),82.0,,,,,,,Villupuram
"Saraswathy College of Engineering and Technology, NH-45 Main Road, Olakkur, Tindivanam, Villupuram-604307. (1449)",COMPUTER SCIENCE AND ENGINEERING (CS),129.0,94.0,,111.5,,,,Villupuram
"Saraswathy College of Engineering and Technology, NH-45 Main Road, Olakkur, Tindivanam, Villupuram-604307. (1449)",ELECTRONICS AND COMMUNICATION ENGINEERING (EC),106.5,96.0,,90.5,92.0,,,Villupuram
"Saraswathy College of Engineering and Technology, NH-45 Main Road, Olakkur, Tindivanam, Villupuram-604307. (1449)",MECHANICAL ENGINEERING (ME),94.0,,,,,,,Villupuram
"Sardar Raja College of Engineering, Raja Nagar, Alangulam, Tirunelveli Distict-627808. (4968)",Artificial Intelligence and Data Science (AD),111.0,80.0,108.5,99.0,,,,Tirunelveli
"Sardar Raja College of Engineering, Raja Nagar, Alangulam, Tirunelveli Distict-627808. (4968)",CIVIL  ENGINEERING (CE),,,,,,,,Tirunelveli
"Sardar Raja College of Engineering, Raja Nagar, Alangulam, Tirunelveli Distict-627808. (4968)",COMPUTER SCIENCE AND ENGINEERING (CS),107.5,93.5,,,89.5,,,Tirunelveli
"Sardar Raja College of Engineering, Raja Nagar, Alangulam, Tirunelveli Distict-627808. (4968)",ELECTRICAL AND ELECTRONICS ENGINEERING (EE),94.0,,,,,,,Tirunelveli
"Sardar Raja College of Engineering, Raja Nagar, Alangulam, Tirunelveli Distict-627808. (4968)",ELECTRONICS AND COMMUNICATION ENGINEERING (EC),88.5,,,,,,,Tirunelveli
"Sardar Raja College of Engineering, Raja Nagar, Alangulam, Tirunelveli Distict-627808. (4968)",MECHANICAL ENGINEERING (ME),,,,,,,,Tirunelveli
"Sasurie College of Engineering, Vijayamangalam, Tirupur District-638056. (2717)",Artificial Intelligence and Data Science (AD),128.5,94.0,,82.0,81.0,117.0,,Other
"Sasurie College of Engineering, Vijayamangalam, Tirupur District-638056. (2717)",CIVIL  ENGINEERING (CE),103.5,,,,,,,Other
"Sasurie College of Engineering, Vijayamangalam, Tirupur District-638056. (2717)",COMPUTER SCIENCE AND ENGINEERING (CS),114.5,97.0,102.0,81.5,88.5,85.5,,Other
"Sasurie College of Engineering, Vijayamangalam, Tirupur District-638056. (2717)",Computer Science and Engineering (Cyber Security) (SC),105.0,88.0,82.0,80.5,83.0,,,Other
"Sasurie College of Engineering, Vijayamangalam, Tirupur District-638056. (2717)",ELECTRICAL AND ELECTRONICS ENGINEERING (EE),96.0,,,95.5,,82.5,,Other
"Sasurie College of Engineering, Vijayamangalam, Tirupur District-638056. (2717)",ELECTRONICS AND COMMUNICATION ENGINEERING (EC),89.5,,,,,,,Other
"Sasurie College of Engineering, Vijayamangalam, Tirupur District-638056. (2717)",INFORMATION TECHNOLOGY (IT),118.5,94.5,98.0,82.5,84.0,88.0,,Other
"Sasurie College of Engineering, Vijayamangalam, Tirupur District-638056. (2717)",MECHANICAL ENGINEERING (ME),84.0,,,,,,,Other
"Satyam College of Engineering and Technology, Satyam Nagar, Kannappannalur, Aralvoimozhi, Kanyakumari District-629301. (4943)",AERONAUTICAL ENGINEERING (AE),126.0,,,,,,,Other
"Satyam College of Engineering and Technology, Satyam Nagar, Kannappannalur, Aralvoimozhi, Kanyakumari District-629301. (4943)",CIVIL  ENGINEERING (CE),,,,,,,,Other
"Satyam College of Engineering and Technology, Satyam Nagar, Kannappannalur, Aralvoimozhi, Kanyakumari District-629301. (4943)",COMPUTER SCIENCE AND ENGINEERING (CS),96.0,91.5,,,,,,Other
"Satyam College of Engineering and Technology, Satyam Nagar, Kannappannalur, Aralvoimozhi, Kanyakumari District-629301. (4943)",ELECTRICAL AND ELECTRONICS ENGINEERING (EE),127.5,,,,,,,Other
"Satyam College of Engineering and Technology, Satyam Nagar, Kannappannalur, Aralvoimozhi, Kanyakumari District-629301. (4943)",ELECTRONICS AND COMMUNICATION ENGINEERING (EC),93.0,,,,,,,Other
"Satyam College of Engineering and Technology, Satyam Nagar, Kannappannalur, Aralvoimozhi, Kanyakumari District-629301. (4943)",MECHANICAL ENGINEERING (ME),91.0,,,,,,,Other
"Saveetha Engineering College (Autonomous), Saveetha Nagar, Thandalam Post, Sriperumbudur Taluk, Kancheepuram District-602105. (1216)",AGRICULTURAL ENGINEERING (AG),157.5,133.5,120.0,125.0,114.0,,,Kancheepuram
"Saveetha Engineering College (Autonomous), Saveetha Nagar, Thandalam Post, Sriperumbudur Taluk, Kancheepuram District-602105. (1216)",Artificial Intelligence and Data Science (AD),178.545,172.5,173.0,167.0,140.5,151.5,138.5,Kancheepuram
"Saveetha Engineering College (Autonomous), Saveetha Nagar, Thandalam Post, Sriperumbudur Taluk, Kancheepuram District-602105. (1216)",Artificial Intelligence and Machine Learning (AL),174.0,169.5,169.0,164.0,140.5,107.0,141.5,Kancheepuram
"Saveetha Engineering College (Autonomous), Saveetha Nagar, Thandalam Post, Sriperumbudur Taluk, Kancheepuram District-602105. (1216)",BIO MEDICAL ENGINEERING (BM),166.0,155.5,158.5,154.5,135.5,,,Kancheepuram
"Saveetha Engineering College (Autonomous), Saveetha Nagar, Thandalam Post, Sriperumbudur Taluk, Kancheepuram District-602105. (1216)",CHEMICAL  ENGINEERING (CH),170.0,157.5,,157.5,111.5,,,Kancheepuram
"Saveetha Engineering College (Autonomous), Saveetha Nagar, Thandalam Post, Sriperumbudur Taluk, Kancheepuram District-602105. (1216)",CIVIL  ENGINEERING (CE),157.5,148.0,97.0,138.5,114.0,,,Kancheepuram
"Saveetha Engineering College (Autonomous), Saveetha Nagar, Thandalam Post, Sriperumbudur Taluk, Kancheepuram District-602105. (1216)",COMPUTER SCIENCE AND ENGINEERING (CS),185.0,177.0,172.0,171.0,142.0,122.0,117.0,Kancheepuram
"Saveetha Engineering College (Autonomous), Saveetha Nagar, Thandalam Post, Sriperumbudur Taluk, Kancheepuram District-602105. (1216)",Computer Science and Engineering (Cyber Security) (SC),181.5,178.0,175.0,169.5,143.0,,,Kancheepuram
"Saveetha Engineering College (Autonomous), Saveetha Nagar, Thandalam Post, Sriperumbudur Taluk, Kancheepuram District-602105. (1216)",Computer Science and Engineering (Internet of Things) (CI),175.0,170.5,173.0,166.0,139.5,,,Kancheepuram
"Saveetha Engineering College (Autonomous), Saveetha Nagar, Thandalam Post, Sriperumbudur Taluk, Kancheepuram District-602105. (1216)",ELECTRICAL AND ELECTRONICS ENGINEERING (EE),169.0,166.5,163.0,159.5,133.0,,,Kancheepuram
"Saveetha Engineering College (Autonomous), Saveetha Nagar, Thandalam Post, Sriperumbudur Taluk, Kancheepuram District-602105. (1216)",ELECTRONICS AND COMMUNICATION ENGINEERING (EC),175.5,171.0,169.5,165.5,141.5,112.5,126.5,Kancheepuram
"Saveetha Engineering College (Autonomous), Saveetha Nagar, Thandalam Post, Sriperumbudur Taluk, Kancheepuram District-602105. (1216)",INFORMATION TECHNOLOGY (IT),179.0,174.5,176.0,168.0,142.0,,124.0,Kancheepuram
"Saveetha Engineering College (Autonomous), Saveetha Nagar, Thandalam Post, Sriperumbudur Taluk, Kancheepuram District-602105. (1216)",MECHANICAL ENGINEERING (ME),160.0,150.0,158.0,147.5,121.0,,,Kancheepuram
"SBM College of Engineering and Technology, SBM Nagar, Thamaraipadi(PO), Trichy Road, Dindigul-624005. (5930)",Artificial Intelligence and Data Science (AD),109.5,,,94.0,,,,Dindigul
"SBM College of Engineering and Technology, SBM Nagar, Thamaraipadi(PO), Trichy Road, Dindigul-624005. (5930)",BIO MEDICAL ENGINEERING (BM),102.5,,,,,,,Dindigul
"SBM College of Engineering and Technology, SBM Nagar, Thamaraipadi(PO), Trichy Road, Dindigul-624005. (5930)",CIVIL  ENGINEERING (CE),86.0,,,,,,,Dindigul
"SBM College of Engineering and Technology, SBM Nagar, Thamaraipadi(PO), Trichy Road, Dindigul-624005. (5930)",COMPUTER SCIENCE AND ENGINEERING (CS),94.0,81.0,,89.0,88.0,,,Dindigul
"SBM College of Engineering and Technology, SBM Nagar, Thamaraipadi(PO), Trichy Road, Dindigul-624005. (5930)",ELECTRICAL AND ELECTRONICS ENGINEERING (EE),98.5,,,,,,,Dindigul
"SBM College of Engineering and Technology, SBM Nagar, Thamaraipadi(PO), Trichy Road, Dindigul-624005. (5930)",ELECTRONICS AND COMMUNICATION ENGINEERING (EC),83.0,,,,,,,Dindigul
"SBM College of Engineering and Technology, SBM Nagar, Thamaraipadi(PO), Trichy Road, Dindigul-624005. (5930)",INFORMATION TECHNOLOGY (IT),109.5,107.0,,84.0,84.0,,,Dindigul
"SBM College of Engineering and Technology, SBM Nagar, Thamaraipadi(PO), Trichy Road, Dindigul-624005. (5930)",MECHANICAL ENGINEERING (ME),93.0,,,,,,,Dindigul
"SCAD College of Engineering and Technology, Scad Nagar, Cheranmahadevi, Tirunelveli-627414. (4969)",Artificial Intelligence and Data Science (AD),143.5,119.5,,,105.0,,,Tirunelveli
"SCAD College of Engineering and Technology, Scad Nagar, Cheranmahadevi, Tirunelveli-627414. (4969)",CIVIL  ENGINEERING (CE),80.5,,,,,,,Tirunelveli
"SCAD College of Engineering and Technology, Scad Nagar, Cheranmahadevi, Tirunelveli-627414. (4969)",COMPUTER SCIENCE AND ENGINEERING (CS),143.0,122.5,137.5,99.0,86.0,,,Tirunelveli
"SCAD College of Engineering and Technology, Scad Nagar, Cheranmahadevi, Tirunelveli-627414. (4969)",ELECTRICAL AND ELECTRONICS ENGINEERING (EE),100.0,83.0,,90.5,,,,Tirunelveli
"SCAD College of Engineering and Technology, Scad Nagar, Cheranmahadevi, Tirunelveli-627414. (4969)",ELECTRONICS AND COMMUNICATION ENGINEERING (EC),136.5,117.5,123.5,109.5,102.0,,,Tirunelveli
"SCAD College of Engineering and Technology, Scad Nagar, Cheranmahadevi, Tirunelveli-627414. (4969)",MECHANICAL ENGINEERING (ME),87.5,,,,,,,Tirunelveli
School of Architecture and Planning  Anna University Chennai 600025 (3),B.Plan (BP),187.0,179.0,178.0,179.0,167.0,165.385,,Chennai
"Selvam College of Technology (Autonomous), Salem Road NH-7, Pappinaickenpatti (Post), Ponnusamy Nagar, Namakkal (Tk & Dt)-637003. (2627)",Artificial Intelligence and Data Science (AD),112.0,104.5,,95.0,90.0,85.0,,Namakkal
"Selvam College of Technology (Autonomous), Salem Road NH-7, Pappinaickenpatti (Post), Ponnusamy Nagar, Namakkal (Tk & Dt)-637003. (2627)",BIO MEDICAL ENGINEERING (BM),84.5,,,,,,,Namakkal
"Selvam College of Technology (Autonomous), Salem Road NH-7, Pappinaickenpatti (Post), Ponnusamy Nagar, Namakkal (Tk & Dt)-637003. (2627)",BIO TECHNOLOGY (BT),87.5,,,,,,,Namakkal
"Selvam College of Technology (Autonomous), Salem Road NH-7, Pappinaickenpatti (Post), Ponnusamy Nagar, Namakkal (Tk & Dt)-637003. (2627)",CIVIL  ENGINEERING (CE),127.0,,,,,,,Namakkal
"Selvam College of Technology (Autonomous), Salem Road NH-7, Pappinaickenpatti (Post), Ponnusamy Nagar, Namakkal (Tk & Dt)-637003. (2627)",COMPUTER SCIENCE AND ENGINEERING (CS),117.5,90.0,115.5,91.0,88.0,103.0,,Namakkal
"Selvam College of Technology (Autonomous), Salem Road NH-7, Pappinaickenpatti (Post), Ponnusamy Nagar, Namakkal (Tk & Dt)-637003. (2627)",ELECTRICAL AND ELECTRONICS ENGINEERING (EE),98.5,,,88.5,81.0,85.0,,Namakkal
"Selvam College of Technology (Autonomous), Salem Road NH-7, Pappinaickenpatti (Post), Ponnusamy Nagar, Namakkal (Tk & Dt)-637003. (2627)",ELECTRONICS AND COMMUNICATION ENGINEERING (EC),112.5,87.0,111.0,88.5,84.5,108.5,,Namakkal
"Selvam College of Technology (Autonomous), Salem Road NH-7, Pappinaickenpatti (Post), Ponnusamy Nagar, Namakkal (Tk & Dt)-637003. (2627)",INFORMATION TECHNOLOGY (IT),105.5,87.0,,102.5,85.0,,,Namakkal
"Selvam College of Technology (Autonomous), Salem Road NH-7, Pappinaickenpatti (Post), Ponnusamy Nagar, Namakkal (Tk & Dt)-637003. (2627)",MECHANICAL ENGINEERING (ME),102.0,90.5,,82.5,82.5,99.5,,Namakkal
"Sengunthar Engineering College (Autonomous), Kosavampalayam, Kumaramangalam (Post),Tiruchengode (Taluk),Namakkal District-637205. (2617)",Artificial Intelligence and Data Science (AD),131.0,94.0,,100.0,100.5,,,Namakkal
"Sengunthar Engineering College (Autonomous), Kosavampalayam, Kumaramangalam (Post),Tiruchengode (Taluk),Namakkal District-637205. (2617)",CIVIL  ENGINEERING (CE),100.0,,,,,,,Namakkal
"Sengunthar Engineering College (Autonomous), Kosavampalayam, Kumaramangalam (Post),Tiruchengode (Taluk),Namakkal District-637205. (2617)",COMPUTER SCIENCE AND ENGINEERING (CS),131.5,90.0,101.5,103.0,99.0,108.5,,Namakkal
"Sengunthar Engineering College (Autonomous), Kosavampalayam, Kumaramangalam (Post),Tiruchengode (Taluk),Namakkal District-637205. (2617)",Computer Science and Engineering (Cyber Security) (SC),114.5,105.0,,89.5,,,,Namakkal
"Sengunthar Engineering College (Autonomous), Kosavampalayam, Kumaramangalam (Post),Tiruchengode (Taluk),Namakkal District-637205. (2617)",ELECTRICAL AND ELECTRONICS ENGINEERING (EE),101.5,82.0,,,87.0,101.5,,Namakkal
"Sengunthar Engineering College (Autonomous), Kosavampalayam, Kumaramangalam (Post),Tiruchengode (Taluk),Namakkal District-637205. (2617)",ELECTRONICS AND COMMUNICATION ENGINEERING (EC),121.0,102.0,119.0,87.5,106.0,94.5,,Namakkal
"Sengunthar Engineering College (Autonomous), Kosavampalayam, Kumaramangalam (Post),Tiruchengode (Taluk),Namakkal District-637205. (2617)",INFORMATION TECHNOLOGY (IT),128.0,97.0,106.0,103.0,115.5,,,Namakkal
"Sengunthar Engineering College (Autonomous), Kosavampalayam, Kumaramangalam (Post),Tiruchengode (Taluk),Namakkal District-637205. (2617)",MECHANICAL ENGINEERING (ME),88.0,,,,,,,Namakkal
"Sengunthar Engineering College (Autonomous), Kosavampalayam, Kumaramangalam (Post),Tiruchengode (Taluk),Namakkal District-637205. (2617)",MEDICAL ELECTRONICS (MD),100.5,84.0,,82.5,91.0,86.5,,Namakkal
"Sengunthar Engineering College (Autonomous), Kosavampalayam, Kumaramangalam (Post),Tiruchengode (Taluk),Namakkal District-637205. (2617)",PHARMACEUTICAL TECHNOLOGY (PH),118.0,89.5,,88.5,102.0,88.5,,Namakkal
"Sengunthar Engineering College (Autonomous), Kosavampalayam, Kumaramangalam (Post),Tiruchengode (Taluk),Namakkal District-637205. (2617)",ROBOTICS AND AUTOMATION (RM),82.5,,,,,,,Namakkal
"Sethu Institute of Technology (Autonomous), Pulloor, Kariapatti, Virudhunagar-626115. (4917)",AGRICULTURAL ENGINEERING (AG),82.0,,,,,,,Virudhunagar
"Sethu Institute of Technology (Autonomous), Pulloor, Kariapatti, Virudhunagar-626115. (4917)",Artificial Intelligence and Data Science (AD),154.5,142.5,154.0,128.5,112.5,145.5,,Virudhunagar
"Sethu Institute of Technology (Autonomous), Pulloor, Kariapatti, Virudhunagar-626115. (4917)",BIO MEDICAL ENGINEERING (BM),120.5,100.5,,120.0,118.0,,,Virudhunagar
"Sethu Institute of Technology (Autonomous), Pulloor, Kariapatti, Virudhunagar-626115. (4917)",BIO TECHNOLOGY (BT),114.0,108.0,,103.0,,,,Virudhunagar
"Sethu Institute of Technology (Autonomous), Pulloor, Kariapatti, Virudhunagar-626115. (4917)",CHEMICAL  ENGINEERING (CH),115.5,,,,,,,Virudhunagar
"Sethu Institute of Technology (Autonomous), Pulloor, Kariapatti, Virudhunagar-626115. (4917)",CIVIL  ENGINEERING (CE),127.0,116.5,,102.5,94.0,,,Virudhunagar
"Sethu Institute of Technology (Autonomous), Pulloor, Kariapatti, Virudhunagar-626115. (4917)",COMPUTER SCIENCE AND BUSSINESS SYSTEM (CB),145.5,132.0,144.5,114.5,117.5,,,Virudhunagar
"Sethu Institute of Technology (Autonomous), Pulloor, Kariapatti, Virudhunagar-626115. (4917)",COMPUTER SCIENCE AND DESIGN (CD),142.0,130.0,140.0,115.0,,,,Virudhunagar
"Sethu Institute of Technology (Autonomous), Pulloor, Kariapatti, Virudhunagar-626115. (4917)",COMPUTER SCIENCE AND ENGINEERING (CS),158.5,146.5,147.5,129.0,98.5,106.0,,Virudhunagar
"Sethu Institute of Technology (Autonomous), Pulloor, Kariapatti, Virudhunagar-626115. (4917)",COMPUTER SCIENCE AND ENGINEERING (AI AND MACHINE LEARNING) (AM),150.5,137.0,,128.0,,,,Virudhunagar
"Sethu Institute of Technology (Autonomous), Pulloor, Kariapatti, Virudhunagar-626115. (4917)",Computer Science and Engineering (Cyber Security) (SC),147.5,133.5,144.0,122.0,111.5,,,Virudhunagar
"Sethu Institute of Technology (Autonomous), Pulloor, Kariapatti, Virudhunagar-626115. (4917)",Computer Science and Engineering (Internet of Things) (CI),141.0,130.0,139.5,99.0,,,,Virudhunagar
"Sethu Institute of Technology (Autonomous), Pulloor, Kariapatti, Virudhunagar-626115. (4917)",ELECTRICAL AND ELECTRONICS ENGINEERING (EE),130.5,122.0,128.5,96.0,91.5,,,Virudhunagar
"Sethu Institute of Technology (Autonomous), Pulloor, Kariapatti, Virudhunagar-626115. (4917)",ELECTRONICS AND COMMUNICATION ENGINEERING (EC),148.0,134.5,143.5,115.5,94.5,,,Virudhunagar
"Sethu Institute of Technology (Autonomous), Pulloor, Kariapatti, Virudhunagar-626115. (4917)",INFORMATION TECHNOLOGY (IT),151.0,140.5,146.5,126.5,110.0,95.5,,Virudhunagar
"Sethu Institute of Technology (Autonomous), Pulloor, Kariapatti, Virudhunagar-626115. (4917)",MECHANICAL ENGINEERING (ME),119.0,104.5,113.5,102.5,,,,Virudhunagar
"Shanmuganathan Engineering College, Arasampatti, Pilivalam Post, Thirumayam Taluk, Pudukkottai District-622507. (3918)",CIVIL  ENGINEERING (CE),95.5,,,,,,,Pudukkottai
"Shanmuganathan Engineering College, Arasampatti, Pilivalam Post, Thirumayam Taluk, Pudukkottai District-622507. (3918)",COMPUTER SCIENCE AND ENGINEERING (CS),134.5,118.0,124.5,111.0,85.0,,,Pudukkottai
"Shanmuganathan Engineering College, Arasampatti, Pilivalam Post, Thirumayam Taluk, Pudukkottai District-622507. (3918)",COMPUTER SCIENCE AND ENGINEERING (AI AND MACHINE LEARNING) (AM),123.0,108.5,112.0,96.0,96.5,,,Pudukkottai
"Shanmuganathan Engineering College, Arasampatti, Pilivalam Post, Thirumayam Taluk, Pudukkottai District-622507. (3918)",Computer Science and Engineering (Cyber Security) (SC),115.0,98.0,,98.0,86.5,,,Pudukkottai
"Shanmuganathan Engineering College, Arasampatti, Pilivalam Post, Thirumayam Taluk, Pudukkottai District-622507. (3918)",ELECTRICAL AND ELECTRONICS ENGINEERING (EE),88.5,,,,,,,Pudukkottai
"Shanmuganathan Engineering College, Arasampatti, Pilivalam Post, Thirumayam Taluk, Pudukkottai District-622507. (3918)",ELECTRONICS AND COMMUNICATION ENGINEERING (EC),104.5,87.5,94.5,95.5,,,,Pudukkottai
"Shanmuganathan Engineering College, Arasampatti, Pilivalam Post, Thirumayam Taluk, Pudukkottai District-622507. (3918)",MECHANICAL ENGINEERING (ME),86.0,,,81.5,,,,Pudukkottai
"Shikshaa Institute of Advanced Technologies (formerly Vi Institute of Technology), No. 96 Sirunkundram Post,Chengalpattu Taluk,Kancheepuram District-603108. (1333)",Artificial Intelligence and Data Science (AD),85.5,,,,,,,Chengalpattu
"Shikshaa Institute of Advanced Technologies (formerly Vi Institute of Technology), No. 96 Sirunkundram Post,Chengalpattu Taluk,Kancheepuram District-603108. (1333)",COMPUTER SCIENCE AND ENGINEERING (CS),123.0,,,,,,,Chengalpattu
"Shikshaa Institute of Advanced Technologies (formerly Vi Institute of Technology), No. 96 Sirunkundram Post,Chengalpattu Taluk,Kancheepuram District-603108. (1333)",COMPUTER SCIENCE AND ENGINEERING (AI AND MACHINE LEARNING) (AM),86.0,,,,,,,Chengalpattu
"Shikshaa Institute of Advanced Technologies (formerly Vi Institute of Technology), No. 96 Sirunkundram Post,Chengalpattu Taluk,Kancheepuram District-603108. (1333)",ELECTRICAL AND ELECTRONICS ENGINEERING (EE),,,,,,,,Chengalpattu
"Shikshaa Institute of Advanced Technologies (formerly Vi Institute of Technology), No. 96 Sirunkundram Post,Chengalpattu Taluk,Kancheepuram District-603108. (1333)",ELECTRONICS AND COMMUNICATION ENGINEERING (EC),115.0,,,,,,,Chengalpattu
"Shikshaa Institute of Advanced Technologies (formerly Vi Institute of Technology), No. 96 Sirunkundram Post,Chengalpattu Taluk,Kancheepuram District-603108. (1333)",MECHANICAL ENGINEERING (ME),,,,,,,,Chengalpattu
"Shivani Engineering College, Poolangulathupatti (Post), Srirangam (Taluk), Tiruchirappalli-620009. (3844)",Artificial Intelligence and Data Science (AD),112.0,82.5,,98.5,97.5,,,Tiruchirappalli
"Shivani Engineering College, Poolangulathupatti (Post), Srirangam (Taluk), Tiruchirappalli-620009. (3844)",BIO MEDICAL ENGINEERING (BM),105.0,93.0,,85.5,86.0,98.0,,Tiruchirappalli
"Shivani Engineering College, Poolangulathupatti (Post), Srirangam (Taluk), Tiruchirappalli-620009. (3844)",COMPUTER SCIENCE AND ENGINEERING (CS),117.0,103.0,,107.0,96.0,,,Tiruchirappalli
"Shivani Engineering College, Poolangulathupatti (Post), Srirangam (Taluk), Tiruchirappalli-620009. (3844)",Computer Science and Engineering (Cyber Security) (SC),99.5,93.0,,97.5,91.0,,,Tiruchirappalli
"Shivani Engineering College, Poolangulathupatti (Post), Srirangam (Taluk), Tiruchirappalli-620009. (3844)",ELECTRICAL AND ELECTRONICS ENGINEERING (EE),93.5,,,,,,,Tiruchirappalli
"Shivani Engineering College, Poolangulathupatti (Post), Srirangam (Taluk), Tiruchirappalli-620009. (3844)",ELECTRONICS AND COMMUNICATION ENGINEERING (EC),121.0,114.5,,93.0,,,,Tiruchirappalli
"Shivani Engineering College, Poolangulathupatti (Post), Srirangam (Taluk), Tiruchirappalli-620009. (3844)",INFORMATION TECHNOLOGY (IT),93.5,,,90.0,,,,Tiruchirappalli
"Shivani Engineering College, Poolangulathupatti (Post), Srirangam (Taluk), Tiruchirappalli-620009. (3844)",MECHANICAL ENGINEERING (ME),89.0,,,,,,,Tiruchirappalli
"Shree Sathyam College of Engineering and Technology, Manjakkal Patti, Kuppanur Post, Sankari Taluk, Salem District-637301. (2346)",Artificial Intelligence and Data Science (AD),111.5,,,,,,,Salem
"Shree Sathyam College of Engineering and Technology, Manjakkal Patti, Kuppanur Post, Sankari Taluk, Salem District-637301. (2346)",BIO MEDICAL ENGINEERING (BM),105.5,,,,,,,Salem
"Shree Sathyam College of Engineering and Technology, Manjakkal Patti, Kuppanur Post, Sankari Taluk, Salem District-637301. (2346)",COMPUTER SCIENCE AND ENGINEERING (CS),96.5,95.5,,96.5,,92.5,,Salem
"Shree Sathyam College of Engineering and Technology, Manjakkal Patti, Kuppanur Post, Sankari Taluk, Salem District-637301. (2346)",ELECTRICAL AND ELECTRONICS ENGINEERING (EE),85.0,,,,,,,Salem
"Shree Sathyam College of Engineering and Technology, Manjakkal Patti, Kuppanur Post, Sankari Taluk, Salem District-637301. (2346)",ELECTRONICS AND COMMUNICATION ENGINEERING (EC),85.5,,,,,,,Salem
"Shree Sathyam College of Engineering and Technology, Manjakkal Patti, Kuppanur Post, Sankari Taluk, Salem District-637301. (2346)",INFORMATION TECHNOLOGY (IT),88.5,,,,,,,Salem
"Shree Sathyam College of Engineering and Technology, Manjakkal Patti, Kuppanur Post, Sankari Taluk, Salem District-637301. (2346)",MECHANICAL ENGINEERING (ME),90.0,,,,,,,Salem
"Shree Venkateshwara Hi-Tech Engineering College (Autonomous), Erode-Sathy Main Road,Sri Kalaivani Nagar, Othakuthirai,K, Mettupalayam (Po), Gobichettipalayam (Tk), Erode (Dt)-638455. (2747)",Artificial Intelligence and Data Science (AD),139.0,114.0,92.5,122.0,97.0,126.5,,Erode
"Shree Venkateshwara Hi-Tech Engineering College (Autonomous), Erode-Sathy Main Road,Sri Kalaivani Nagar, Othakuthirai,K, Mettupalayam (Po), Gobichettipalayam (Tk), Erode (Dt)-638455. (2747)",BIO MEDICAL ENGINEERING (BM),124.5,104.0,108.0,85.0,91.0,,93.0,Erode
"Shree Venkateshwara Hi-Tech Engineering College (Autonomous), Erode-Sathy Main Road,Sri Kalaivani Nagar, Othakuthirai,K, Mettupalayam (Po), Gobichettipalayam (Tk), Erode (Dt)-638455. (2747)",BIO TECHNOLOGY (BT),109.0,99.0,,,,102.0,,Erode
"Shree Venkateshwara Hi-Tech Engineering College (Autonomous), Erode-Sathy Main Road,Sri Kalaivani Nagar, Othakuthirai,K, Mettupalayam (Po), Gobichettipalayam (Tk), Erode (Dt)-638455. (2747)",CIVIL  ENGINEERING (CE),89.5,,,,,,,Erode
"Shree Venkateshwara Hi-Tech Engineering College (Autonomous), Erode-Sathy Main Road,Sri Kalaivani Nagar, Othakuthirai,K, Mettupalayam (Po), Gobichettipalayam (Tk), Erode (Dt)-638455. (2747)",COMPUTER SCIENCE AND ENGINEERING (CS),120.0,85.0,104.5,97.5,81.0,82.5,,Erode
"Shree Venkateshwara Hi-Tech Engineering College (Autonomous), Erode-Sathy Main Road,Sri Kalaivani Nagar, Othakuthirai,K, Mettupalayam (Po), Gobichettipalayam (Tk), Erode (Dt)-638455. (2747)",COMPUTER SCIENCE AND ENGINEERING (AI AND MACHINE LEARNING) (AM),109.0,89.5,,95.0,90.0,92.5,,Erode
"Shree Venkateshwara Hi-Tech Engineering College (Autonomous), Erode-Sathy Main Road,Sri Kalaivani Nagar, Othakuthirai,K, Mettupalayam (Po), Gobichettipalayam (Tk), Erode (Dt)-638455. (2747)",Computer Science and Engineering (Cyber Security) (SC),117.0,87.0,89.5,87.0,108.0,,,Erode
"Shree Venkateshwara Hi-Tech Engineering College (Autonomous), Erode-Sathy Main Road,Sri Kalaivani Nagar, Othakuthirai,K, Mettupalayam (Po), Gobichettipalayam (Tk), Erode (Dt)-638455. (2747)",ELECTRICAL AND ELECTRONICS ENGINEERING (EE),89.5,,,,,,,Erode
"Shree Venkateshwara Hi-Tech Engineering College (Autonomous), Erode-Sathy Main Road,Sri Kalaivani Nagar, Othakuthirai,K, Mettupalayam (Po), Gobichettipalayam (Tk), Erode (Dt)-638455. (2747)",ELECTRONICS AND COMMUNICATION ENGINEERING (EC),122.0,85.0,,101.0,,116.5,,Erode
"Shree Venkateshwara Hi-Tech Engineering College (Autonomous), Erode-Sathy Main Road,Sri Kalaivani Nagar, Othakuthirai,K, Mettupalayam (Po), Gobichettipalayam (Tk), Erode (Dt)-638455. (2747)",INFORMATION TECHNOLOGY (IT),126.0,97.5,,97.5,95.5,90.5,,Erode
"Shree Venkateshwara Hi-Tech Engineering College (Autonomous), Erode-Sathy Main Road,Sri Kalaivani Nagar, Othakuthirai,K, Mettupalayam (Po), Gobichettipalayam (Tk), Erode (Dt)-638455. (2747)",MECHANICAL ENGINEERING (ME),85.0,,,,,,,Erode
"Shree Venkateshwara Hi-Tech Engineering College (Autonomous), Erode-Sathy Main Road,Sri Kalaivani Nagar, Othakuthirai,K, Mettupalayam (Po), Gobichettipalayam (Tk), Erode (Dt)-638455. (2747)",PHARMACEUTICAL TECHNOLOGY (PH),120.5,83.5,,92.0,92.5,119.5,83.0,Erode
"Shreenivasa Engineering College, B.Pallipatti, Bommidi, Pappireddipatti Taluk, Dharmapuri District-635301. (2683)",AGRICULTURAL ENGINEERING (AG),92.0,,,,,,,Dharmapuri
"Shreenivasa Engineering College, B.Pallipatti, Bommidi, Pappireddipatti Taluk, Dharmapuri District-635301. (2683)",Artificial Intelligence and Data Science (AD),102.0,,,80.0,,,,Dharmapuri
"Shreenivasa Engineering College, B.Pallipatti, Bommidi, Pappireddipatti Taluk, Dharmapuri District-635301. (2683)",BIO MEDICAL ENGINEERING (BM),91.5,,,,,,,Dharmapuri
"Shreenivasa Engineering College, B.Pallipatti, Bommidi, Pappireddipatti Taluk, Dharmapuri District-635301. (2683)",COMPUTER SCIENCE AND ENGINEERING (CS),104.0,102.5,98.5,85.0,103.0,,,Dharmapuri
"Shreenivasa Engineering College, B.Pallipatti, Bommidi, Pappireddipatti Taluk, Dharmapuri District-635301. (2683)",ELECTRICAL AND ELECTRONICS ENGINEERING (EE),99.0,97.0,,88.5,,,,Dharmapuri
"Shreenivasa Engineering College, B.Pallipatti, Bommidi, Pappireddipatti Taluk, Dharmapuri District-635301. (2683)",INFORMATION TECHNOLOGY (IT),98.0,86.0,,85.0,82.5,,91.5,Dharmapuri
"Shreenivasa Engineering College, B.Pallipatti, Bommidi, Pappireddipatti Taluk, Dharmapuri District-635301. (2683)",MECHANICAL ENGINEERING (ME),84.0,,,,,,,Dharmapuri
"Shri Angalamman College of Engineering and Technology, Ramanan Nagar, Siruganoor, Tiruchirappalli-621105. (3802)",Civil Engineering (CE),,,,,,,,Tiruchirappalli
"Shri Angalamman College of Engineering and Technology, Ramanan Nagar, Siruganoor, Tiruchirappalli-621105. (3802)",Computer Science and Engineering (CS),,,,,,,,Tiruchirappalli
"Shri Angalamman College of Engineering and Technology, Ramanan Nagar, Siruganoor, Tiruchirappalli-621105. (3802)",Electrical and Electronics Engineering (EE),,,,,,,,Tiruchirappalli
"Shri Angalamman College of Engineering and Technology, Ramanan Nagar, Siruganoor, Tiruchirappalli-621105. (3802)",Mechanical Engineering (ME),,,,,,,,Tiruchirappalli
"Sir Issac Newton College of Engineering and Technology, Andhanapeetai Post, Pappakoil, Nagapattinam-611102. (3760)",AGRICULTURAL ENGINEERING (AG),109.0,86.5,,,85.5,,,Nagapattinam
"Sir Issac Newton College of Engineering and Technology, Andhanapeetai Post, Pappakoil, Nagapattinam-611102. (3760)",Artificial Intelligence and Data Science (AD),128.0,93.0,126.5,101.0,84.5,,,Nagapattinam
"Sir Issac Newton College of Engineering and Technology, Andhanapeetai Post, Pappakoil, Nagapattinam-611102. (3760)",COMPUTER SCIENCE AND ENGINEERING (CS),120.0,92.5,106.0,104.5,97.0,,,Nagapattinam
"Sir Issac Newton College of Engineering and Technology, Andhanapeetai Post, Pappakoil, Nagapattinam-611102. (3760)",ELECTRONICS AND COMMUNICATION ENGINEERING (EC),104.5,85.5,102.5,80.5,85.0,,,Nagapattinam
"Sir Issac Newton College of Engineering and Technology, Andhanapeetai Post, Pappakoil, Nagapattinam-611102. (3760)",INFORMATION TECHNOLOGY (IT),119.0,90.5,112.5,99.0,113.0,,,Nagapattinam
"Sir Issac Newton College of Engineering and Technology, Andhanapeetai Post, Pappakoil, Nagapattinam-611102. (3760)",MECHANICAL ENGINEERING (ME),94.5,80.0,,94.0,82.0,,,Nagapattinam
"Sivaji College of Engineering and Technology, Manivilai Post, Kanyakumari -629171. (4938)",AGRICULTURAL ENGINEERING (AG),103.5,,,,,,,Other
"Sivaji College of Engineering and Technology, Manivilai Post, Kanyakumari -629171. (4938)",Artificial Intelligence and Data Science (AD),96.0,,,,,,,Other
"Sivaji College of Engineering and Technology, Manivilai Post, Kanyakumari -629171. (4938)",CIVIL  ENGINEERING (CE),,,,,,,,Other
"Sivaji College of Engineering and Technology, Manivilai Post, Kanyakumari -629171. (4938)",COMPUTER SCIENCE AND ENGINEERING (CS),89.5,87.0,,88.0,,,,Other
"Sivaji College of Engineering and Technology, Manivilai Post, Kanyakumari -629171. (4938)",ELECTRICAL AND ELECTRONICS ENGINEERING (EE),,,,,,,,Other
"Sivaji College of Engineering and Technology, Manivilai Post, Kanyakumari -629171. (4938)",MECHANICAL ENGINEERING (ME),,,,,,,,Other
"SNS College of Engineering (Autonomous), Sathy Main Road, Kurumbapalayam Post, Coimbatore-641107. (2734)",Artificial Intelligence and Data Science (AD),166.5,159.5,157.5,155.5,92.0,110.5,,Coimbatore
"SNS College of Engineering (Autonomous), Sathy Main Road, Kurumbapalayam Post, Coimbatore-641107. (2734)",COMPUTER SCIENCE AND DESIGN (CD),161.0,151.0,139.5,149.5,118.5,,,Coimbatore
"SNS College of Engineering (Autonomous), Sathy Main Road, Kurumbapalayam Post, Coimbatore-641107. (2734)",COMPUTER SCIENCE AND ENGINEERING (CS),171.0,162.0,152.5,155.5,92.0,150.0,,Coimbatore
"SNS College of Engineering (Autonomous), Sathy Main Road, Kurumbapalayam Post, Coimbatore-641107. (2734)",Computer Science and Engineering (Internet of Things and Cyber Security including Block Chain Technology) (SB),173.5,156.0,139.5,150.5,85.0,104.5,157.0,Coimbatore
"SNS College of Engineering (Autonomous), Sathy Main Road, Kurumbapalayam Post, Coimbatore-641107. (2734)",Computer Science and Technology (TS),159.5,154.0,142.0,150.0,106.0,,,Coimbatore
"SNS College of Engineering (Autonomous), Sathy Main Road, Kurumbapalayam Post, Coimbatore-641107. (2734)",ELECTRICAL AND ELECTRONICS ENGINEERING (EE),160.0,151.0,129.0,139.5,109.5,,,Coimbatore
"SNS College of Engineering (Autonomous), Sathy Main Road, Kurumbapalayam Post, Coimbatore-641107. (2734)",ELECTRONICS AND COMMUNICATION ENGINEERING (EC),167.0,159.5,152.5,155.5,93.0,,,Coimbatore
"SNS College of Engineering (Autonomous), Sathy Main Road, Kurumbapalayam Post, Coimbatore-641107. (2734)",INFORMATION TECHNOLOGY (IT),162.5,159.0,160.0,154.0,105.0,118.0,,Coimbatore
"SNS College of Engineering (Autonomous), Sathy Main Road, Kurumbapalayam Post, Coimbatore-641107. (2734)",Mechanical and Mechatronics Engineering (Additive Manufacturing) (MO),132.0,111.5,120.0,89.0,,,,Coimbatore
"SNS College of Engineering (Autonomous), Sathy Main Road, Kurumbapalayam Post, Coimbatore-641107. (2734)",MECHANICAL ENGINEERING (ME),134.5,113.0,119.5,102.5,,,,Coimbatore
"SNS College of Technology (Autonomous), Sathy Main Road, Vazhiyampalayam, Saravanampatti Post, Coimbatore-641035. (2726)",AEROSPACE ENGINEERING (AO),177.315,163.5,,152.0,120.5,,,Coimbatore
"SNS College of Technology (Autonomous), Sathy Main Road, Vazhiyampalayam, Saravanampatti Post, Coimbatore-641035. (2726)",AGRICULTURAL ENGINEERING (AG),115.5,104.5,,104.0,114.0,,,Coimbatore
"SNS College of Technology (Autonomous), Sathy Main Road, Vazhiyampalayam, Saravanampatti Post, Coimbatore-641035. (2726)",Artificial Intelligence and Machine Learning (AL),166.0,159.5,151.0,153.0,104.5,110.5,,Coimbatore
"SNS College of Technology (Autonomous), Sathy Main Road, Vazhiyampalayam, Saravanampatti Post, Coimbatore-641035. (2726)",AUTOMOBILE ENGINEERING (AU),137.0,100.5,,99.0,,,,Coimbatore
"SNS College of Technology (Autonomous), Sathy Main Road, Vazhiyampalayam, Saravanampatti Post, Coimbatore-641035. (2726)",BIO MEDICAL ENGINEERING (BM),157.5,142.0,147.0,143.0,103.5,,,Coimbatore
"SNS College of Technology (Autonomous), Sathy Main Road, Vazhiyampalayam, Saravanampatti Post, Coimbatore-641035. (2726)",CIVIL  ENGINEERING (CE),117.0,95.5,,82.0,105.0,,,Coimbatore
"SNS College of Technology (Autonomous), Sathy Main Road, Vazhiyampalayam, Saravanampatti Post, Coimbatore-641035. (2726)",COMPUTER SCIENCE AND ENGINEERING (CS),173.0,164.0,150.0,158.5,114.5,102.5,166.5,Coimbatore
"SNS College of Technology (Autonomous), Sathy Main Road, Vazhiyampalayam, Saravanampatti Post, Coimbatore-641035. (2726)",ELECTRICAL AND ELECTRONICS ENGINEERING (EE),157.0,150.5,147.5,144.5,107.0,,,Coimbatore
"SNS College of Technology (Autonomous), Sathy Main Road, Vazhiyampalayam, Saravanampatti Post, Coimbatore-641035. (2726)",ELECTRONICS AND COMMUNICATION ENGINEERING (EC),166.5,161.0,147.0,155.0,81.0,115.0,,Coimbatore
"SNS College of Technology (Autonomous), Sathy Main Road, Vazhiyampalayam, Saravanampatti Post, Coimbatore-641035. (2726)",FOOD TECHNOLOGY (FD),143.0,116.5,,94.0,130.5,,,Coimbatore
"SNS College of Technology (Autonomous), Sathy Main Road, Vazhiyampalayam, Saravanampatti Post, Coimbatore-641035. (2726)",INFORMATION TECHNOLOGY (IT),170.0,163.0,163.5,159.0,113.0,123.5,,Coimbatore
"SNS College of Technology (Autonomous), Sathy Main Road, Vazhiyampalayam, Saravanampatti Post, Coimbatore-641035. (2726)",MECHANICAL ENGINEERING (ME),142.5,123.0,120.0,114.0,87.0,,,Coimbatore
"SNS College of Technology (Autonomous), Sathy Main Road, Vazhiyampalayam, Saravanampatti Post, Coimbatore-641035. (2726)",Mechatronics Engineering (MZ),148.5,142.5,114.5,122.0,95.5,110.5,,Coimbatore
"Solamalai College of Engineering , S.V Raja Nagar, Veerapanjan, Madurai-625020. (5914)",Artificial Intelligence and Data Science (AD),142.5,109.0,97.5,107.0,86.0,140.0,,Madurai
"Solamalai College of Engineering , S.V Raja Nagar, Veerapanjan, Madurai-625020. (5914)",CIVIL  ENGINEERING (CE),111.0,89.0,,,,,,Madurai
"Solamalai College of Engineering , S.V Raja Nagar, Veerapanjan, Madurai-625020. (5914)",COMPUTER SCIENCE AND BUSSINESS SYSTEM (CB),135.5,112.0,110.5,98.5,96.0,,,Madurai
"Solamalai College of Engineering , S.V Raja Nagar, Veerapanjan, Madurai-625020. (5914)",COMPUTER SCIENCE AND ENGINEERING (CS),130.5,102.5,119.5,117.5,96.5,119.0,,Madurai
"Solamalai College of Engineering , S.V Raja Nagar, Veerapanjan, Madurai-625020. (5914)",ELECTRICAL AND ELECTRONICS ENGINEERING (EE),119.0,115.0,,,,,,Madurai
"Solamalai College of Engineering , S.V Raja Nagar, Veerapanjan, Madurai-625020. (5914)",ELECTRONICS AND COMMUNICATION ENGINEERING (EC),131.5,107.0,125.5,96.0,99.5,,,Madurai
"Solamalai College of Engineering , S.V Raja Nagar, Veerapanjan, Madurai-625020. (5914)",MECHANICAL ENGINEERING (ME),90.5,,,,,,,Madurai
"Sona College of Technology (Autonomous), Sona Nagar, Thiagarajar Polytechnic College Road, Suramangalam (P.O),Salem District-636005. (2618)",Artificial Intelligence and Data Science (AD),177.5,172.0,172.0,170.0,122.5,117.0,124.0,Salem
"Sona College of Technology (Autonomous), Sona Nagar, Thiagarajar Polytechnic College Road, Suramangalam (P.O),Salem District-636005. (2618)",BIO MEDICAL ENGINEERING (BM),158.5,147.5,158.0,145.5,131.5,129.5,,Salem
"Sona College of Technology (Autonomous), Sona Nagar, Thiagarajar Polytechnic College Road, Suramangalam (P.O),Salem District-636005. (2618)",CIVIL  ENGINEERING (CE),149.0,122.0,,133.5,120.0,,,Salem
"Sona College of Technology (Autonomous), Sona Nagar, Thiagarajar Polytechnic College Road, Suramangalam (P.O),Salem District-636005. (2618)",COMPUTER SCIENCE AND DESIGN (CD),170.5,167.5,160.0,164.0,118.0,114.0,,Salem
"Sona College of Technology (Autonomous), Sona Nagar, Thiagarajar Polytechnic College Road, Suramangalam (P.O),Salem District-636005. (2618)",COMPUTER SCIENCE AND ENGINEERING (CS),181.0,176.0,168.5,173.5,137.5,138.0,145.5,Salem
"Sona College of Technology (Autonomous), Sona Nagar, Thiagarajar Polytechnic College Road, Suramangalam (P.O),Salem District-636005. (2618)",COMPUTER SCIENCE AND ENGINEERING (AI AND MACHINE LEARNING) (AM),172.5,169.0,168.0,168.5,131.5,,,Salem
"Sona College of Technology (Autonomous), Sona Nagar, Thiagarajar Polytechnic College Road, Suramangalam (P.O),Salem District-636005. (2618)",Electrical and Computer Engineering (EF),165.0,154.5,158.5,152.0,86.0,,,Salem
"Sona College of Technology (Autonomous), Sona Nagar, Thiagarajar Polytechnic College Road, Suramangalam (P.O),Salem District-636005. (2618)",ELECTRICAL AND ELECTRONICS ENGINEERING (EE),165.5,160.5,152.5,159.5,121.0,101.0,,Salem
"Sona College of Technology (Autonomous), Sona Nagar, Thiagarajar Polytechnic College Road, Suramangalam (P.O),Salem District-636005. (2618)",ELECTRONICS AND COMMUNICATION ENGINEERING (EC),175.0,170.0,164.5,167.0,125.0,129.0,108.0,Salem
"Sona College of Technology (Autonomous), Sona Nagar, Thiagarajar Polytechnic College Road, Suramangalam (P.O),Salem District-636005. (2618)",Electronics and Computer Engineering (EX),165.5,157.5,160.0,157.0,100.5,104.5,110.5,Salem
"Sona College of Technology (Autonomous), Sona Nagar, Thiagarajar Polytechnic College Road, Suramangalam (P.O),Salem District-636005. (2618)",FASHION TECHNOLOGY (FT),150.0,142.5,138.0,123.0,87.0,,,Salem
"Sona College of Technology (Autonomous), Sona Nagar, Thiagarajar Polytechnic College Road, Suramangalam (P.O),Salem District-636005. (2618)",INFORMATION TECHNOLOGY (IT),175.0,171.0,163.5,170.5,126.5,119.0,134.5,Salem
"Sona College of Technology (Autonomous), Sona Nagar, Thiagarajar Polytechnic College Road, Suramangalam (P.O),Salem District-636005. (2618)",MECHANICAL ENGINEERING (ME),153.5,143.0,125.5,142.0,90.5,106.0,,Salem
"Sona College of Technology (Autonomous), Sona Nagar, Thiagarajar Polytechnic College Road, Suramangalam (P.O),Salem District-636005. (2618)",Mechatronics Engineering (MZ),156.5,150.5,155.5,147.5,110.5,,,Salem
"Sree Krishna College of Engineering, Anaicut Post, Unnai Village, Vellore-632101. (1438)",CIVIL  ENGINEERING (CE),,,,,,,,Vellore
"Sree Krishna College of Engineering, Anaicut Post, Unnai Village, Vellore-632101. (1438)",COMPUTER SCIENCE AND ENGINEERING (CS),79.0,,,,,,,Vellore
"Sree Krishna College of Engineering, Anaicut Post, Unnai Village, Vellore-632101. (1438)",ELECTRICAL AND ELECTRONICS ENGINEERING (EE),,,,,,,,Vellore
"Sree Krishna College of Engineering, Anaicut Post, Unnai Village, Vellore-632101. (1438)",ELECTRONICS AND COMMUNICATION ENGINEERING (EC),114.5,,,,,,,Vellore
"Sree Krishna College of Engineering, Anaicut Post, Unnai Village, Vellore-632101. (1438)",MECHANICAL ENGINEERING (ME),,,,,,,,Vellore
"Sree Sakthi Engineering College (Autonomous), 899/1 & 898/2, Bettathapuram, Bilichi Village, Karamadai, Coimbatore-641104. (2673)",Artificial Intelligence and Data Science (AD),151.0,131.5,90.5,138.5,112.5,104.5,,Coimbatore
"Sree Sakthi Engineering College (Autonomous), 899/1 & 898/2, Bettathapuram, Bilichi Village, Karamadai, Coimbatore-641104. (2673)",CIVIL  ENGINEERING (CE),120.0,102.0,,115.0,100.0,104.5,,Coimbatore
"Sree Sakthi Engineering College (Autonomous), 899/1 & 898/2, Bettathapuram, Bilichi Village, Karamadai, Coimbatore-641104. (2673)",COMPUTER SCIENCE AND ENGINEERING (CS),151.5,144.0,131.5,132.0,112.5,117.5,106.5,Coimbatore
"Sree Sakthi Engineering College (Autonomous), 899/1 & 898/2, Bettathapuram, Bilichi Village, Karamadai, Coimbatore-641104. (2673)",COMPUTER SCIENCE AND ENGINEERING (AI AND MACHINE LEARNING) (AM),145.5,133.0,129.5,132.5,125.5,116.0,110.5,Coimbatore
"Sree Sakthi Engineering College (Autonomous), 899/1 & 898/2, Bettathapuram, Bilichi Village, Karamadai, Coimbatore-641104. (2673)",Computer Science and Engineering (Cyber Security) (SC),148.5,129.0,140.5,129.5,123.5,145.0,133.5,Coimbatore
"Sree Sakthi Engineering College (Autonomous), 899/1 & 898/2, Bettathapuram, Bilichi Village, Karamadai, Coimbatore-641104. (2673)",ELECTRICAL AND ELECTRONICS ENGINEERING (EE),129.5,112.5,,115.5,114.0,115.5,,Coimbatore
"Sree Sakthi Engineering College (Autonomous), 899/1 & 898/2, Bettathapuram, Bilichi Village, Karamadai, Coimbatore-641104. (2673)",ELECTRONICS AND COMMUNICATION ENGINEERING (EC),146.5,120.5,94.0,127.5,111.0,119.0,135.5,Coimbatore
"Sree Sakthi Engineering College (Autonomous), 899/1 & 898/2, Bettathapuram, Bilichi Village, Karamadai, Coimbatore-641104. (2673)",INFORMATION TECHNOLOGY (IT),151.0,125.0,130.5,130.0,125.0,126.0,,Coimbatore
"Sree Sakthi Engineering College (Autonomous), 899/1 & 898/2, Bettathapuram, Bilichi Village, Karamadai, Coimbatore-641104. (2673)",MECHANICAL ENGINEERING (ME),114.5,103.5,,108.5,101.5,99.0,,Coimbatore
"Sree Sastha Institute of Engineering and Technology, Chennai-Bangalore Highway, Chembarambakkam, Thiruvallur District, Chennai-600123. (1217)",Artificial Intelligence and Data Science (AD),114.0,108.5,,91.5,112.5,,,Chennai
"Sree Sastha Institute of Engineering and Technology, Chennai-Bangalore Highway, Chembarambakkam, Thiruvallur District, Chennai-600123. (1217)",AUTOMOBILE ENGINEERING (AU),,,,,,,,Chennai
"Sree Sastha Institute of Engineering and Technology, Chennai-Bangalore Highway, Chembarambakkam, Thiruvallur District, Chennai-600123. (1217)",BIO MEDICAL ENGINEERING (BM),113.5,,,,,,,Chennai
"Sree Sastha Institute of Engineering and Technology, Chennai-Bangalore Highway, Chembarambakkam, Thiruvallur District, Chennai-600123. (1217)",BIO TECHNOLOGY (BT),102.5,,,,,,,Chennai
"Sree Sastha Institute of Engineering and Technology, Chennai-Bangalore Highway, Chembarambakkam, Thiruvallur District, Chennai-600123. (1217)",CIVIL  ENGINEERING (CE),,,,,,,,Chennai
"Sree Sastha Institute of Engineering and Technology, Chennai-Bangalore Highway, Chembarambakkam, Thiruvallur District, Chennai-600123. (1217)",COMPUTER SCIENCE AND BUSSINESS SYSTEM (CB),98.0,,,,,,,Chennai
"Sree Sastha Institute of Engineering and Technology, Chennai-Bangalore Highway, Chembarambakkam, Thiruvallur District, Chennai-600123. (1217)",COMPUTER SCIENCE AND ENGINEERING (CS),143.0,96.5,89.5,124.5,107.5,,,Chennai
"Sree Sastha Institute of Engineering and Technology, Chennai-Bangalore Highway, Chembarambakkam, Thiruvallur District, Chennai-600123. (1217)",COMPUTER SCIENCE AND ENGINEERING (AI AND MACHINE LEARNING) (AM),116.0,,,113.0,97.0,,,Chennai
"Sree Sastha Institute of Engineering and Technology, Chennai-Bangalore Highway, Chembarambakkam, Thiruvallur District, Chennai-600123. (1217)",Computer Science and Engineering (Cyber Security) (SC),109.5,103.0,,,,,,Chennai
"Sree Sastha Institute of Engineering and Technology, Chennai-Bangalore Highway, Chembarambakkam, Thiruvallur District, Chennai-600123. (1217)",ELECTRICAL AND ELECTRONICS ENGINEERING (EE),97.5,,,,,,,Chennai
"Sree Sastha Institute of Engineering and Technology, Chennai-Bangalore Highway, Chembarambakkam, Thiruvallur District, Chennai-600123. (1217)",ELECTRONICS AND COMMUNICATION ENGINEERING (EC),90.0,,,,,,,Chennai
"Sree Sastha Institute of Engineering and Technology, Chennai-Bangalore Highway, Chembarambakkam, Thiruvallur District, Chennai-600123. (1217)",FOOD TECHNOLOGY (FD),95.5,,,,,,,Chennai
"Sree Sastha Institute of Engineering and Technology, Chennai-Bangalore Highway, Chembarambakkam, Thiruvallur District, Chennai-600123. (1217)",INFORMATION TECHNOLOGY (IT),99.0,,,,,,,Chennai
"Sree Sastha Institute of Engineering and Technology, Chennai-Bangalore Highway, Chembarambakkam, Thiruvallur District, Chennai-600123. (1217)",MECHANICAL AND AUTOMATION ENGINEERING (MU),106.0,,,,,,,Chennai
"Sree Sowdambika College of Engineering, Chettikurichi, Aruppukottai, Virudhunagar-626134. (4970)",CIVIL  ENGINEERING (CE),111.5,,,,,,,Virudhunagar
"Sree Sowdambika College of Engineering, Chettikurichi, Aruppukottai, Virudhunagar-626134. (4970)",COMPUTER SCIENCE AND ENGINEERING (CS),112.0,88.0,,89.5,88.5,104.0,,Virudhunagar
"Sree Sowdambika College of Engineering, Chettikurichi, Aruppukottai, Virudhunagar-626134. (4970)",ELECTRICAL AND ELECTRONICS ENGINEERING (EE),83.5,,,,,,,Virudhunagar
"Sree Sowdambika College of Engineering, Chettikurichi, Aruppukottai, Virudhunagar-626134. (4970)",ELECTRONICS AND COMMUNICATION ENGINEERING (EC),97.5,,,,,,,Virudhunagar
"Sree Sowdambika College of Engineering, Chettikurichi, Aruppukottai, Virudhunagar-626134. (4970)",MECHANICAL ENGINEERING (ME),103.5,,,,,,,Virudhunagar
"SRG Engineering College, SH-95,Mohanur Road, Aniyapuram, Namakkal-637017. (2767)",Artificial Intelligence and Data Science (AD),95.0,91.0,,,,,,Namakkal
"SRG Engineering College, SH-95,Mohanur Road, Aniyapuram, Namakkal-637017. (2767)",BIO MEDICAL ENGINEERING (BM),92.0,,,,,,,Namakkal
"SRG Engineering College, SH-95,Mohanur Road, Aniyapuram, Namakkal-637017. (2767)",CIVIL  ENGINEERING (CE),,,,,,,,Namakkal
"SRG Engineering College, SH-95,Mohanur Road, Aniyapuram, Namakkal-637017. (2767)",COMPUTER SCIENCE AND ENGINEERING (CS),82.0,,,,,,,Namakkal
"SRG Engineering College, SH-95,Mohanur Road, Aniyapuram, Namakkal-637017. (2767)",Computer Science and Engineering (Cyber Security) (SC),88.5,,,,,,,Namakkal
"SRG Engineering College, SH-95,Mohanur Road, Aniyapuram, Namakkal-637017. (2767)",ELECTRICAL AND ELECTRONICS ENGINEERING (EE),,,,,,,,Namakkal
"SRG Engineering College, SH-95,Mohanur Road, Aniyapuram, Namakkal-637017. (2767)",INFORMATION TECHNOLOGY (IT),81.5,,,,,,,Namakkal
"SRG Engineering College, SH-95,Mohanur Road, Aniyapuram, Namakkal-637017. (2767)",MECHANICAL ENGINEERING (ME),,,,,,,,Namakkal
"Sri Balaji Chockalingam Engineering College, Irumbedu, Arni Taluk,Tiruvannamalai District-632317. (1513)",Artificial Intelligence and Data Science (AD),127.5,98.5,,102.5,,122.5,,Other
"Sri Balaji Chockalingam Engineering College, Irumbedu, Arni Taluk,Tiruvannamalai District-632317. (1513)",COMPUTER SCIENCE AND BUSSINESS SYSTEM (CB),98.5,,,,,,,Other
"Sri Balaji Chockalingam Engineering College, Irumbedu, Arni Taluk,Tiruvannamalai District-632317. (1513)",COMPUTER SCIENCE AND ENGINEERING (CS),117.0,95.5,,108.5,92.0,,,Other
"Sri Balaji Chockalingam Engineering College, Irumbedu, Arni Taluk,Tiruvannamalai District-632317. (1513)",ELECTRONICS AND COMMUNICATION ENGINEERING (EC),88.5,,,,,,,Other
"Sri Balaji Chockalingam Engineering College, Irumbedu, Arni Taluk,Tiruvannamalai District-632317. (1513)",INFORMATION TECHNOLOGY (IT),116.0,91.5,,89.0,91.5,,,Other
"Sri Bharathi Engineering College for Women, Aranthangi Road, Kaikurichi, Alangudi Taluk, Pudukkottai-622303. (3852)",CIVIL  ENGINEERING (CE),105.5,,,,,,,Pudukkottai
"Sri Bharathi Engineering College for Women, Aranthangi Road, Kaikurichi, Alangudi Taluk, Pudukkottai-622303. (3852)",COMPUTER SCIENCE AND ENGINEERING (CS),123.5,86.5,,101.5,,,,Pudukkottai
"Sri Bharathi Engineering College for Women, Aranthangi Road, Kaikurichi, Alangudi Taluk, Pudukkottai-622303. (3852)",ELECTRICAL AND ELECTRONICS ENGINEERING (EE),108.0,,,,,,,Pudukkottai
"Sri Bharathi Engineering College for Women, Aranthangi Road, Kaikurichi, Alangudi Taluk, Pudukkottai-622303. (3852)",ELECTRONICS AND COMMUNICATION ENGINEERING (EC),92.5,,,,,,,Pudukkottai
"Sri Bharathi Engineering College for Women, Aranthangi Road, Kaikurichi, Alangudi Taluk, Pudukkottai-622303. (3852)",INFORMATION TECHNOLOGY (IT),121.5,94.0,106.0,83.5,91.0,,,Pudukkottai
"Sri Eshwar College of Engineering (Autonomous), Kondampatti Post, Vadasithur Via, Coimbatore-641202. (2739)",Artificial Intelligence and Data Science (AD),187.5,184.0,176.0,179.0,149.0,171.0,130.5,Coimbatore
"Sri Eshwar College of Engineering (Autonomous), Kondampatti Post, Vadasithur Via, Coimbatore-641202. (2739)",COMPUTER AND  COMMUNICATION ENGINEERING (CO),181.0,180.0,176.5,176.5,138.5,142.5,152.0,Coimbatore
"Sri Eshwar College of Engineering (Autonomous), Kondampatti Post, Vadasithur Via, Coimbatore-641202. (2739)",COMPUTER SCIENCE AND BUSSINESS SYSTEM (CB),182.5,180.5,175.5,174.5,144.0,162.0,,Coimbatore
"Sri Eshwar College of Engineering (Autonomous), Kondampatti Post, Vadasithur Via, Coimbatore-641202. (2739)",COMPUTER SCIENCE AND ENGINEERING (CS),191.0,188.0,179.0,181.0,156.0,133.5,155.0,Coimbatore
"Sri Eshwar College of Engineering (Autonomous), Kondampatti Post, Vadasithur Via, Coimbatore-641202. (2739)",COMPUTER SCIENCE AND ENGINEERING (AI AND MACHINE LEARNING) (AM),185.5,182.0,176.5,175.0,139.0,146.0,146.0,Coimbatore
"Sri Eshwar College of Engineering (Autonomous), Kondampatti Post, Vadasithur Via, Coimbatore-641202. (2739)",Computer Science and Engineering (Cyber Security) (SC),184.0,181.0,180.5,175.5,139.0,139.5,,Coimbatore
"Sri Eshwar College of Engineering (Autonomous), Kondampatti Post, Vadasithur Via, Coimbatore-641202. (2739)",ELECTRICAL AND ELECTRONICS ENGINEERING (EE),179.0,177.5,178.5,172.5,139.5,140.0,,Coimbatore
"Sri Eshwar College of Engineering (Autonomous), Kondampatti Post, Vadasithur Via, Coimbatore-641202. (2739)",ELECTRONICS AND COMMUNICATION ENGINEERING (EC),187.0,183.5,182.5,177.5,140.5,132.5,155.5,Coimbatore
"Sri Eshwar College of Engineering (Autonomous), Kondampatti Post, Vadasithur Via, Coimbatore-641202. (2739)",INFORMATION TECHNOLOGY (IT),188.0,186.5,181.5,179.5,142.5,140.5,,Coimbatore
"Sri Eshwar College of Engineering (Autonomous), Kondampatti Post, Vadasithur Via, Coimbatore-641202. (2739)",MECHANICAL ENGINEERING (ME),178.5,172.5,174.5,166.0,137.0,138.0,,Coimbatore
"Sri Jayaram Institute of Engineering and Technology, 51 N,Elavur, 58 N Natham Village,Gumudipoondi Taluk, Thiruvallur District-601201. (1150)",AGRICULTURAL ENGINEERING (AG),94.5,,,,,,,Other
"Sri Jayaram Institute of Engineering and Technology, 51 N,Elavur, 58 N Natham Village,Gumudipoondi Taluk, Thiruvallur District-601201. (1150)",Artificial Intelligence and Data Science (AD),90.0,,,,,,,Other
"Sri Jayaram Institute of Engineering and Technology, 51 N,Elavur, 58 N Natham Village,Gumudipoondi Taluk, Thiruvallur District-601201. (1150)",BIO MEDICAL ENGINEERING (BM),,,,,,,,Other
"Sri Jayaram Institute of Engineering and Technology, 51 N,Elavur, 58 N Natham Village,Gumudipoondi Taluk, Thiruvallur District-601201. (1150)",COMPUTER SCIENCE AND ENGINEERING (CS),81.0,,,,,,,Other
"Sri Jayaram Institute of Engineering and Technology, 51 N,Elavur, 58 N Natham Village,Gumudipoondi Taluk, Thiruvallur District-601201. (1150)",MECHANICAL ENGINEERING (ME),,,,,,,,Other
"Sri Krishna College of Engineering and Technology (Autonomous), Sugunapuram, Kuniamuthur Post, Coimbatore-641008. (2718)",Artificial Intelligence and Data Science (AD),190.0,188.5,185.5,187.0,167.5,166.0,144.0,Coimbatore
"Sri Krishna College of Engineering and Technology (Autonomous), Sugunapuram, Kuniamuthur Post, Coimbatore-641008. (2718)",CIVIL  ENGINEERING (CE),172.0,168.5,154.5,164.5,139.0,105.5,,Coimbatore
"Sri Krishna College of Engineering and Technology (Autonomous), Sugunapuram, Kuniamuthur Post, Coimbatore-641008. (2718)",COMPUTER SCIENCE AND BUSSINESS SYSTEM (CB),187.5,186.0,,183.5,156.5,144.135,,Coimbatore
"Sri Krishna College of Engineering and Technology (Autonomous), Sugunapuram, Kuniamuthur Post, Coimbatore-641008. (2718)",COMPUTER SCIENCE AND DESIGN (CD),186.0,185.0,185.0,183.0,152.5,159.5,,Coimbatore
"Sri Krishna College of Engineering and Technology (Autonomous), Sugunapuram, Kuniamuthur Post, Coimbatore-641008. (2718)",COMPUTER SCIENCE AND ENGINEERING (CS),192.0,190.0,187.0,188.0,169.5,157.0,160.5,Coimbatore
"Sri Krishna College of Engineering and Technology (Autonomous), Sugunapuram, Kuniamuthur Post, Coimbatore-641008. (2718)",Computer Science and Engineering (Cyber Security) (SC),188.5,187.5,184.5,184.5,160.0,166.0,137.5,Coimbatore
"Sri Krishna College of Engineering and Technology (Autonomous), Sugunapuram, Kuniamuthur Post, Coimbatore-641008. (2718)",ELECTRICAL AND ELECTRONICS ENGINEERING (EE),187.0,184.5,184.0,181.0,146.5,117.0,,Coimbatore
"Sri Krishna College of Engineering and Technology (Autonomous), Sugunapuram, Kuniamuthur Post, Coimbatore-641008. (2718)",ELECTRONICS AND COMMUNICATION ENGINEERING (EC),190.0,188.5,186.5,186.0,162.5,149.0,149.0,Coimbatore
"Sri Krishna College of Engineering and Technology (Autonomous), Sugunapuram, Kuniamuthur Post, Coimbatore-641008. (2718)",INFORMATION TECHNOLOGY (IT),189.5,188.0,185.5,186.0,160.5,151.0,149.5,Coimbatore
"Sri Krishna College of Engineering and Technology (Autonomous), Sugunapuram, Kuniamuthur Post, Coimbatore-641008. (2718)",M.Tech. Computer Science and Engineering (Integrated 5 years) (CJ),185.5,182.5,181.0,179.0,151.5,130.5,114.0,Coimbatore
"Sri Krishna College of Engineering and Technology (Autonomous), Sugunapuram, Kuniamuthur Post, Coimbatore-641008. (2718)",MECHANICAL ENGINEERING (ME),177.0,172.5,169.0,165.5,133.5,110.0,136.0,Coimbatore
"Sri Krishna College of Engineering and Technology (Autonomous), Sugunapuram, Kuniamuthur Post, Coimbatore-641008. (2718)",Mechatronics Engineering (MZ),177.5,174.0,171.5,166.5,135.5,117.0,119.0,Coimbatore
"Sri Krishna College of Engineering, T.R.S. Campus, Sri Krishna Nagar, Tiruttani Road,Arakkonam, Vellore-631003. (1526)",CIVIL  ENGINEERING (CE),,,,,,,,Vellore
"Sri Krishna College of Engineering, T.R.S. Campus, Sri Krishna Nagar, Tiruttani Road,Arakkonam, Vellore-631003. (1526)",COMPUTER SCIENCE AND ENGINEERING (CS),102.5,,,,,,,Vellore
"Sri Krishna College of Engineering, T.R.S. Campus, Sri Krishna Nagar, Tiruttani Road,Arakkonam, Vellore-631003. (1526)",ELECTRICAL AND ELECTRONICS ENGINEERING (EE),,,,,,,,Vellore
"Sri Krishna College of Engineering, T.R.S. Campus, Sri Krishna Nagar, Tiruttani Road,Arakkonam, Vellore-631003. (1526)",ELECTRONICS AND COMMUNICATION ENGINEERING (EC),98.0,,,,,,,Vellore
"Sri Krishna College of Engineering, T.R.S. Campus, Sri Krishna Nagar, Tiruttani Road,Arakkonam, Vellore-631003. (1526)",MECHANICAL ENGINEERING (ME),,,,,,,,Vellore
"Sri Krishna College of Technology (Autonomous), Kovaipudur Post, Coimbatore-641042. (2722)",Artificial Intelligence and Data Science (AD),184.0,180.0,178.5,177.0,151.5,133.5,153.5,Coimbatore
"Sri Krishna College of Technology (Autonomous), Kovaipudur Post, Coimbatore-641042. (2722)",CIVIL  ENGINEERING (CE),166.0,159.5,148.5,148.0,127.0,118.0,,Coimbatore
"Sri Krishna College of Technology (Autonomous), Kovaipudur Post, Coimbatore-641042. (2722)",COMPUTER SCIENCE AND ENGINEERING (CS),185.0,181.5,180.0,177.0,150.0,144.0,127.0,Coimbatore
"Sri Krishna College of Technology (Autonomous), Kovaipudur Post, Coimbatore-641042. (2722)",COMPUTER SCIENCE AND ENGINEERING (AI AND MACHINE LEARNING) (AM),181.5,179.5,176.0,176.5,146.0,160.5,,Coimbatore
"Sri Krishna College of Technology (Autonomous), Kovaipudur Post, Coimbatore-641042. (2722)",Computer Science and Engineering (Cyber Security) (SC),182.0,179.5,181.5,176.0,144.0,156.5,,Coimbatore
"Sri Krishna College of Technology (Autonomous), Kovaipudur Post, Coimbatore-641042. (2722)",Computer Science and Engineering (Internet of Things) (CI),179.0,178.5,176.5,174.5,139.5,125.0,,Coimbatore
"Sri Krishna College of Technology (Autonomous), Kovaipudur Post, Coimbatore-641042. (2722)",ELECTRICAL AND ELECTRONICS ENGINEERING (EE),178.5,176.0,168.5,169.0,129.5,,112.0,Coimbatore
"Sri Krishna College of Technology (Autonomous), Kovaipudur Post, Coimbatore-641042. (2722)",ELECTRONICS AND COMMUNICATION ENGINEERING (EC),183.0,180.5,182.5,175.5,144.5,127.5,135.0,Coimbatore
"Sri Krishna College of Technology (Autonomous), Kovaipudur Post, Coimbatore-641042. (2722)",INFORMATION TECHNOLOGY (IT),181.0,179.0,177.0,177.0,149.5,136.0,126.0,Coimbatore
"Sri Krishna College of Technology (Autonomous), Kovaipudur Post, Coimbatore-641042. (2722)",MECHANICAL ENGINEERING (ME),170.5,167.0,167.5,161.0,134.5,,,Coimbatore
"Sri Krishna Engineering College, Panapakkam Near Padappai Via Tambaram, Kanchipuram, Chennai-601301. (1427)",Artificial Intelligence and Data Science (AD),97.5,,,,,,,Chennai
"Sri Krishna Engineering College, Panapakkam Near Padappai Via Tambaram, Kanchipuram, Chennai-601301. (1427)",COMPUTER SCIENCE AND ENGINEERING (CS),98.0,,,,,,,Chennai
"Sri Krishna Engineering College, Panapakkam Near Padappai Via Tambaram, Kanchipuram, Chennai-601301. (1427)",ELECTRICAL AND ELECTRONICS ENGINEERING (EE),,,,,,,,Chennai
"Sri Krishna Engineering College, Panapakkam Near Padappai Via Tambaram, Kanchipuram, Chennai-601301. (1427)",ELECTRONICS AND COMMUNICATION ENGINEERING (EC),105.0,,,,,,,Chennai
"Sri Krishna Engineering College, Panapakkam Near Padappai Via Tambaram, Kanchipuram, Chennai-601301. (1427)",FASHION TECHNOLOGY (FT),130.0,,,,,,,Chennai
"Sri Krishna Engineering College, Panapakkam Near Padappai Via Tambaram, Kanchipuram, Chennai-601301. (1427)",INFORMATION TECHNOLOGY (IT),87.0,,,,,,,Chennai
"Sri Krishna Institute of Technology, Navaneedam Nagar, Panapakkam, Near Padappai, Kanchipuram-601301. (1335)",CIVIL  ENGINEERING (CE),,,,,,,,Other
"Sri Krishna Institute of Technology, Navaneedam Nagar, Panapakkam, Near Padappai, Kanchipuram-601301. (1335)",COMPUTER SCIENCE AND ENGINEERING (AI AND MACHINE LEARNING) (AM),112.5,,,,,,,Other
"Sri Krishna Institute of Technology, Navaneedam Nagar, Panapakkam, Near Padappai, Kanchipuram-601301. (1335)",Computer Science and Engineering (Cyber Security) (SC),96.5,,,,,,,Other
"Sri Krishna Institute of Technology, Navaneedam Nagar, Panapakkam, Near Padappai, Kanchipuram-601301. (1335)",ELECTRICAL AND ELECTRONICS ENGINEERING (EE),,,,,,,,Other
"Sri Krishna Institute of Technology, Navaneedam Nagar, Panapakkam, Near Padappai, Kanchipuram-601301. (1335)",ELECTRONICS AND COMMUNICATION ENGINEERING (EC),114.5,,,,,,,Other
"Sri Krishna Institute of Technology, Navaneedam Nagar, Panapakkam, Near Padappai, Kanchipuram-601301. (1335)",MECHANICAL ENGINEERING (ME),,,,,,,,Other
"Sri Muthukumaran Institute of Technology, Chikkarayapuram Near Mangadu, Kanchipuram, Chennai-600069. (1218)",Artificial Intelligence and Data Science (AD),128.5,92.0,111.0,124.5,105.0,107.0,,Chennai
"Sri Muthukumaran Institute of Technology, Chikkarayapuram Near Mangadu, Kanchipuram, Chennai-600069. (1218)",BIO MEDICAL ENGINEERING (BM),105.5,,,,,,,Chennai
"Sri Muthukumaran Institute of Technology, Chikkarayapuram Near Mangadu, Kanchipuram, Chennai-600069. (1218)",CIVIL  ENGINEERING (CE),,,,,,,,Chennai
"Sri Muthukumaran Institute of Technology, Chikkarayapuram Near Mangadu, Kanchipuram, Chennai-600069. (1218)",COMPUTER SCIENCE AND ENGINEERING (CS),119.0,104.5,91.0,91.0,93.0,94.0,,Chennai
"Sri Muthukumaran Institute of Technology, Chikkarayapuram Near Mangadu, Kanchipuram, Chennai-600069. (1218)",ELECTRICAL AND ELECTRONICS ENGINEERING (EE),84.5,,,,,,,Chennai
"Sri Muthukumaran Institute of Technology, Chikkarayapuram Near Mangadu, Kanchipuram, Chennai-600069. (1218)",ELECTRONICS AND COMMUNICATION ENGINEERING (EC),105.0,,,,,,,Chennai
"Sri Muthukumaran Institute of Technology, Chikkarayapuram Near Mangadu, Kanchipuram, Chennai-600069. (1218)",INFORMATION TECHNOLOGY (IT),111.5,,,98.0,92.5,,,Chennai
"Sri Muthukumaran Institute of Technology, Chikkarayapuram Near Mangadu, Kanchipuram, Chennai-600069. (1218)",MECHANICAL ENGINEERING (ME),82.0,,,,,,,Chennai
"Sri Muthukumaran Institute of Technology, Chikkarayapuram Near Mangadu, Kanchipuram, Chennai-600069. (1218)",Mechatronics Engineering (MZ),116.5,,,,,,,Chennai
"Sri Muthukumaran Institute of Technology, Chikkarayapuram Near Mangadu, Kanchipuram, Chennai-600069. (1218)",PHARMACEUTICAL TECHNOLOGY (PH),,,,,,,,Chennai
"Sri Muthukumaran Institute of Technology, Chikkarayapuram Near Mangadu, Kanchipuram, Chennai-600069. (1218)",ROBOTICS AND AUTOMATION (RM),89.5,,,,,,,Chennai
"Sri Nandhanam College of Engineering and Technology, Molagarampatti, Tirupattur, Vellore-635601. (1514)",COMPUTER SCIENCE AND ENGINEERING (CS),,,,,,,,Tirupattur
"Sri Raajaraajan College of Engineering and Technology, No.146/4B1, Amaravathi Village, Amaravathypudhur(Post), Karaikudi Taluk, Sivagangai District-630301. (5502)",AGRICULTURAL ENGINEERING (AG),151.5,,,,,,,Sivaganga
"Sri Raajaraajan College of Engineering and Technology, No.146/4B1, Amaravathi Village, Amaravathypudhur(Post), Karaikudi Taluk, Sivagangai District-630301. (5502)",Artificial Intelligence and Data Science (AD),101.0,99.0,,,,,,Sivaganga
"Sri Raajaraajan College of Engineering and Technology, No.146/4B1, Amaravathi Village, Amaravathypudhur(Post), Karaikudi Taluk, Sivagangai District-630301. (5502)",CIVIL  ENGINEERING (CE),,,,,,,,Sivaganga
"Sri Raajaraajan College of Engineering and Technology, No.146/4B1, Amaravathi Village, Amaravathypudhur(Post), Karaikudi Taluk, Sivagangai District-630301. (5502)",COMPUTER SCIENCE AND ENGINEERING (CS),114.5,95.5,110.0,106.0,,,,Sivaganga
"Sri Raajaraajan College of Engineering and Technology, No.146/4B1, Amaravathi Village, Amaravathypudhur(Post), Karaikudi Taluk, Sivagangai District-630301. (5502)",ELECTRICAL AND ELECTRONICS ENGINEERING (EE),82.5,,,,,,,Sivaganga
"Sri Raajaraajan College of Engineering and Technology, No.146/4B1, Amaravathi Village, Amaravathypudhur(Post), Karaikudi Taluk, Sivagangai District-630301. (5502)",ELECTRONICS AND COMMUNICATION ENGINEERING (EC),103.5,87.0,,83.0,,,,Sivaganga
"Sri Raajaraajan College of Engineering and Technology, No.146/4B1, Amaravathi Village, Amaravathypudhur(Post), Karaikudi Taluk, Sivagangai District-630301. (5502)",MECHANICAL ENGINEERING (ME),84.5,,,,,,,Sivaganga
"Sri Ramakrishna College of Engineering, Sri Saradha Nagar, NH - 45, Perambalur-621113. (3454)",AGRICULTURAL ENGINEERING (AG),127.5,,,80.5,108.0,105.0,,Perambalur
"Sri Ramakrishna College of Engineering, Sri Saradha Nagar, NH - 45, Perambalur-621113. (3454)",Artificial Intelligence and Data Science (AD),144.5,100.5,116.0,105.5,113.0,,,Perambalur
"Sri Ramakrishna College of Engineering, Sri Saradha Nagar, NH - 45, Perambalur-621113. (3454)",BIO MEDICAL ENGINEERING (BM),132.5,116.0,,125.5,124.0,,,Perambalur
"Sri Ramakrishna College of Engineering, Sri Saradha Nagar, NH - 45, Perambalur-621113. (3454)",CIVIL  ENGINEERING (CE),107.0,,,,,,,Perambalur
"Sri Ramakrishna College of Engineering, Sri Saradha Nagar, NH - 45, Perambalur-621113. (3454)",COMPUTER SCIENCE AND ENGINEERING (CS),135.5,102.0,115.5,104.5,103.5,,,Perambalur
"Sri Ramakrishna College of Engineering, Sri Saradha Nagar, NH - 45, Perambalur-621113. (3454)",Computer Science and Engineering (Cyber Security) (SC),120.0,,,101.0,,,,Perambalur
"Sri Ramakrishna College of Engineering, Sri Saradha Nagar, NH - 45, Perambalur-621113. (3454)",MECHANICAL ENGINEERING (ME),117.5,,,95.5,,,,Perambalur
"Sri Ramakrishna Engineering College (Autonomous), Vattamalaipalayam, NGGO Colony Post,  Coimbatore-641022. (2719)",AERONAUTICAL ENGINEERING (AE),173.5,166.5,,168.0,123.0,119.5,,Coimbatore
"Sri Ramakrishna Engineering College (Autonomous), Vattamalaipalayam, NGGO Colony Post,  Coimbatore-641022. (2719)",Artificial Intelligence and Data Science (AD),183.5,179.0,177.0,174.5,146.5,120.5,,Coimbatore
"Sri Ramakrishna Engineering College (Autonomous), Vattamalaipalayam, NGGO Colony Post,  Coimbatore-641022. (2719)",BIO MEDICAL ENGINEERING (BM),172.0,162.5,157.0,148.0,158.5,162.5,92.0,Coimbatore
"Sri Ramakrishna Engineering College (Autonomous), Vattamalaipalayam, NGGO Colony Post,  Coimbatore-641022. (2719)",CIVIL  ENGINEERING (CE),150.5,144.0,107.5,132.0,119.0,107.5,,Coimbatore
"Sri Ramakrishna Engineering College (Autonomous), Vattamalaipalayam, NGGO Colony Post,  Coimbatore-641022. (2719)",COMPUTER SCIENCE AND ENGINEERING (CS),184.5,179.5,178.0,177.0,148.5,139.0,117.5,Coimbatore
"Sri Ramakrishna Engineering College (Autonomous), Vattamalaipalayam, NGGO Colony Post,  Coimbatore-641022. (2719)",ELECTRICAL AND ELECTRONICS ENGINEERING (EE),177.0,172.5,170.5,164.5,120.0,,,Coimbatore
"Sri Ramakrishna Engineering College (Autonomous), Vattamalaipalayam, NGGO Colony Post,  Coimbatore-641022. (2719)",ELECTRONICS AND COMMUNICATION ENGINEERING (EC),181.0,178.5,174.0,173.0,133.0,103.5,111.5,Coimbatore
"Sri Ramakrishna Engineering College (Autonomous), Vattamalaipalayam, NGGO Colony Post,  Coimbatore-641022. (2719)",ELECTRONICS AND INSTRUMENTATION ENGINEERING (EI),174.0,168.0,172.0,160.0,125.5,112.0,,Coimbatore
"Sri Ramakrishna Engineering College (Autonomous), Vattamalaipalayam, NGGO Colony Post,  Coimbatore-641022. (2719)",INFORMATION TECHNOLOGY (IT),179.0,178.0,171.0,174.5,146.5,133.5,,Coimbatore
"Sri Ramakrishna Engineering College (Autonomous), Vattamalaipalayam, NGGO Colony Post,  Coimbatore-641022. (2719)",M.Tech. Computer Science and Engineering (Integrated 5 years) (CJ),177.5,174.5,170.0,163.5,133.0,137.0,,Coimbatore
"Sri Ramakrishna Engineering College (Autonomous), Vattamalaipalayam, NGGO Colony Post,  Coimbatore-641022. (2719)",MECHANICAL ENGINEERING (ME),165.0,156.5,144.5,148.0,122.0,115.0,,Coimbatore
"Sri Ramakrishna Engineering College (Autonomous), Vattamalaipalayam, NGGO Colony Post,  Coimbatore-641022. (2719)",ROBOTICS AND AUTOMATION (RM),172.5,166.5,161.5,159.0,129.5,,,Coimbatore
"Sri Ramakrishna Institute of Technology (Autonomous), Pachapalayam, Perur Chettipalayam, Coimbatore-641010. (2725)",COMPUTER SCIENCE AND ENGINEERING (CS),172.5,164.5,161.5,159.0,123.5,97.5,,Coimbatore
"Sri Ramakrishna Institute of Technology (Autonomous), Pachapalayam, Perur Chettipalayam, Coimbatore-641010. (2725)",ELECTRICAL AND ELECTRONICS ENGINEERING (EE),160.5,156.0,144.0,149.0,105.0,,,Coimbatore
"Sri Ramakrishna Institute of Technology (Autonomous), Pachapalayam, Perur Chettipalayam, Coimbatore-641010. (2725)",ELECTRONICS AND COMMUNICATION ENGINEERING (EC),170.5,164.0,149.5,162.0,113.5,150.0,151.5,Coimbatore
"Sri Ramakrishna Institute of Technology (Autonomous), Pachapalayam, Perur Chettipalayam, Coimbatore-641010. (2725)",INFORMATION TECHNOLOGY (IT),171.0,163.0,160.5,161.5,121.5,,,Coimbatore
"Sri Ramakrishna Institute of Technology (Autonomous), Pachapalayam, Perur Chettipalayam, Coimbatore-641010. (2725)",MECHANICAL ENGINEERING (ME),143.5,137.0,119.0,116.5,96.5,,,Coimbatore
"Sri Ramanujar Engineering College, Vandalur, Kolapakkam, Kanchipuram, Chennai-600127. (1426)",Artificial Intelligence and Data Science (AD),129.0,104.5,114.5,94.5,85.0,,,Chennai
"Sri Ramanujar Engineering College, Vandalur, Kolapakkam, Kanchipuram, Chennai-600127. (1426)",COMPUTER SCIENCE AND BUSSINESS SYSTEM (CB),103.0,80.0,,88.0,95.5,,,Chennai
"Sri Ramanujar Engineering College, Vandalur, Kolapakkam, Kanchipuram, Chennai-600127. (1426)",COMPUTER SCIENCE AND ENGINEERING (CS),129.5,112.0,,107.5,92.5,125.5,,Chennai
"Sri Ramanujar Engineering College, Vandalur, Kolapakkam, Kanchipuram, Chennai-600127. (1426)",ELECTRICAL AND ELECTRONICS ENGINEERING (EE),106.0,82.0,,100.0,94.5,,,Chennai
"Sri Ramanujar Engineering College, Vandalur, Kolapakkam, Kanchipuram, Chennai-600127. (1426)",ELECTRONICS AND COMMUNICATION ENGINEERING (EC),122.0,97.0,112.0,104.0,81.0,,,Chennai
"Sri Ramanujar Engineering College, Vandalur, Kolapakkam, Kanchipuram, Chennai-600127. (1426)",INFORMATION TECHNOLOGY (IT),121.0,80.0,100.0,95.5,91.5,111.0,,Chennai
"Sri Ramanujar Engineering College, Vandalur, Kolapakkam, Kanchipuram, Chennai-600127. (1426)",MECHANICAL ENGINEERING (ME),84.0,84.0,,82.0,,,,Chennai
"Sri Ranganathar Institute of Engineering and Technology, S.F No:162, Athipalayam village, Thudiyalur-kovilpalayam Road, Coimbatore-641110. (2342)",Artificial Intelligence and Data Science (AD),137.0,106.0,,92.0,116.5,94.5,111.0,Coimbatore
"Sri Ranganathar Institute of Engineering and Technology, S.F No:162, Athipalayam village, Thudiyalur-kovilpalayam Road, Coimbatore-641110. (2342)",CIVIL  ENGINEERING (CE),83.0,,,,,,,Coimbatore
"Sri Ranganathar Institute of Engineering and Technology, S.F No:162, Athipalayam village, Thudiyalur-kovilpalayam Road, Coimbatore-641110. (2342)",COMPUTER SCIENCE AND ENGINEERING (CS),127.5,102.5,87.0,84.5,86.5,111.5,,Coimbatore
"Sri Ranganathar Institute of Engineering and Technology, S.F No:162, Athipalayam village, Thudiyalur-kovilpalayam Road, Coimbatore-641110. (2342)",ELECTRICAL AND ELECTRONICS ENGINEERING (EE),96.0,91.5,,94.0,83.0,,,Coimbatore
"Sri Ranganathar Institute of Engineering and Technology, S.F No:162, Athipalayam village, Thudiyalur-kovilpalayam Road, Coimbatore-641110. (2342)",ELECTRONICS AND COMMUNICATION ENGINEERING (EC),127.5,99.5,,104.0,93.0,120.5,,Coimbatore
"Sri Ranganathar Institute of Engineering and Technology, S.F No:162, Athipalayam village, Thudiyalur-kovilpalayam Road, Coimbatore-641110. (2342)",INFORMATION TECHNOLOGY (IT),122.0,95.5,,84.5,99.0,119.0,,Coimbatore
"Sri Ranganathar Institute of Engineering and Technology, S.F No:162, Athipalayam village, Thudiyalur-kovilpalayam Road, Coimbatore-641110. (2342)",MECHANICAL ENGINEERING (ME),87.0,,,,80.0,,,Coimbatore
"Sri Rangapoopathi College of Engineering, Alampoondi Village & Post, Gingee Taluk, Villupuram District-604151. (1445)",Artificial Intelligence and Data Science (AD),111.5,,,,,,,Villupuram
"Sri Rangapoopathi College of Engineering, Alampoondi Village & Post, Gingee Taluk, Villupuram District-604151. (1445)",CIVIL  ENGINEERING (CE),120.5,,,,,,,Villupuram
"Sri Rangapoopathi College of Engineering, Alampoondi Village & Post, Gingee Taluk, Villupuram District-604151. (1445)",COMPUTER SCIENCE AND ENGINEERING (CS),83.0,,,,,,,Villupuram
"Sri Rangapoopathi College of Engineering, Alampoondi Village & Post, Gingee Taluk, Villupuram District-604151. (1445)",Computer Science and Engineering (Cyber Security) (SC),,,,,,,,Villupuram
"Sri Rangapoopathi College of Engineering, Alampoondi Village & Post, Gingee Taluk, Villupuram District-604151. (1445)",ELECTRICAL AND ELECTRONICS ENGINEERING (EE),,,,,,,,Villupuram
"Sri Rangapoopathi College of Engineering, Alampoondi Village & Post, Gingee Taluk, Villupuram District-604151. (1445)",ELECTRONICS AND COMMUNICATION ENGINEERING (EC),84.0,,,,,,,Villupuram
"Sri Rangapoopathi College of Engineering, Alampoondi Village & Post, Gingee Taluk, Villupuram District-604151. (1445)",MECHANICAL ENGINEERING (ME),98.0,,,,,,,Villupuram
"Sri Sai Ram Engineering College (Autonomous), Sai Leo Nagar, Poonthandalam Village, Dharkast Post, West Tambram, Kanchipuram, Chennai-600044. (1419)",Artificial Intelligence and Data Science (AD),181.0,176.0,173.5,174.0,154.0,113.5,,Chennai
"Sri Sai Ram Engineering College (Autonomous), Sai Leo Nagar, Poonthandalam Village, Dharkast Post, West Tambram, Kanchipuram, Chennai-600044. (1419)",CIVIL  ENGINEERING (CE),155.0,142.0,128.5,128.0,116.0,131.5,,Chennai
"Sri Sai Ram Engineering College (Autonomous), Sai Leo Nagar, Poonthandalam Village, Dharkast Post, West Tambram, Kanchipuram, Chennai-600044. (1419)",COMPUTER SCIENCE AND BUSSINESS SYSTEM (CB),175.0,169.5,163.5,169.5,139.5,132.0,,Chennai
"Sri Sai Ram Engineering College (Autonomous), Sai Leo Nagar, Poonthandalam Village, Dharkast Post, West Tambram, Kanchipuram, Chennai-600044. (1419)",COMPUTER SCIENCE AND ENGINEERING (CS),186.0,181.0,178.5,178.5,160.5,127.0,107.0,Chennai
"Sri Sai Ram Engineering College (Autonomous), Sai Leo Nagar, Poonthandalam Village, Dharkast Post, West Tambram, Kanchipuram, Chennai-600044. (1419)",COMPUTER SCIENCE AND ENGINEERING (AI AND MACHINE LEARNING) (AM),179.0,174.0,169.0,172.0,144.0,,122.5,Chennai
"Sri Sai Ram Engineering College (Autonomous), Sai Leo Nagar, Poonthandalam Village, Dharkast Post, West Tambram, Kanchipuram, Chennai-600044. (1419)",Computer Science and Engineering (Cyber Security) (SC),179.0,174.0,172.5,175.0,154.5,113.0,,Chennai
"Sri Sai Ram Engineering College (Autonomous), Sai Leo Nagar, Poonthandalam Village, Dharkast Post, West Tambram, Kanchipuram, Chennai-600044. (1419)",Computer Science and Engineering (Internet of Things) (CI),177.5,171.0,166.0,168.5,140.5,,,Chennai
"Sri Sai Ram Engineering College (Autonomous), Sai Leo Nagar, Poonthandalam Village, Dharkast Post, West Tambram, Kanchipuram, Chennai-600044. (1419)",ELECTRICAL AND ELECTRONICS ENGINEERING (EE),172.5,165.0,164.0,162.0,134.5,,,Chennai
"Sri Sai Ram Engineering College (Autonomous), Sai Leo Nagar, Poonthandalam Village, Dharkast Post, West Tambram, Kanchipuram, Chennai-600044. (1419)",Electronic Instrumentation and Control Engineering (IX),165.5,160.0,151.5,154.5,122.5,,,Chennai
"Sri Sai Ram Engineering College (Autonomous), Sai Leo Nagar, Poonthandalam Village, Dharkast Post, West Tambram, Kanchipuram, Chennai-600044. (1419)",ELECTRONICS AND COMMUNICATION ENGINEERING (EC),182.5,177.5,173.5,172.0,149.5,,116.5,Chennai
"Sri Sai Ram Engineering College (Autonomous), Sai Leo Nagar, Poonthandalam Village, Dharkast Post, West Tambram, Kanchipuram, Chennai-600044. (1419)",ELECTRONICS AND INSTRUMENTATION ENGINEERING (EI),167.5,163.0,160.0,156.5,130.0,,,Chennai
"Sri Sai Ram Engineering College (Autonomous), Sai Leo Nagar, Poonthandalam Village, Dharkast Post, West Tambram, Kanchipuram, Chennai-600044. (1419)",INFORMATION TECHNOLOGY (IT),181.0,176.0,169.5,174.5,147.0,100.5,,Chennai
"Sri Sai Ram Engineering College (Autonomous), Sai Leo Nagar, Poonthandalam Village, Dharkast Post, West Tambram, Kanchipuram, Chennai-600044. (1419)",M.Tech. Computer Science and Engineering (Integrated 5 years) (CJ),174.5,170.0,164.5,165.0,140.0,135.5,,Chennai
"Sri Sai Ram Engineering College (Autonomous), Sai Leo Nagar, Poonthandalam Village, Dharkast Post, West Tambram, Kanchipuram, Chennai-600044. (1419)",MECHANICAL AND AUTOMATION ENGINEERING (MU),155.0,144.5,137.5,136.5,119.0,,,Chennai
"Sri Sai Ram Engineering College (Autonomous), Sai Leo Nagar, Poonthandalam Village, Dharkast Post, West Tambram, Kanchipuram, Chennai-600044. (1419)",MECHANICAL ENGINEERING (ME),164.0,151.0,148.0,149.0,121.0,,,Chennai
"Sri Sai Ram Institute of Technology (Autonomous), Sai Leo Nagar, Dharkast Road, West Tambaram, Kanchipuram, Chennai-600044. (1324)",Artificial Intelligence and Data Science (AD),174.5,171.0,165.0,168.0,150.5,165.5,130.5,Chennai
"Sri Sai Ram Institute of Technology (Autonomous), Sai Leo Nagar, Dharkast Road, West Tambaram, Kanchipuram, Chennai-600044. (1324)",COMPUTER AND  COMMUNICATION ENGINEERING (CO),171.0,167.5,167.5,163.0,134.0,,,Chennai
"Sri Sai Ram Institute of Technology (Autonomous), Sai Leo Nagar, Dharkast Road, West Tambaram, Kanchipuram, Chennai-600044. (1324)",COMPUTER SCIENCE AND ENGINEERING (CS),178.5,175.0,169.0,170.5,142.5,107.5,,Chennai
"Sri Sai Ram Institute of Technology (Autonomous), Sai Leo Nagar, Dharkast Road, West Tambaram, Kanchipuram, Chennai-600044. (1324)",COMPUTER SCIENCE AND ENGINEERING (AI AND MACHINE LEARNING) (AM),174.0,169.0,170.5,166.5,142.0,,,Chennai
"Sri Sai Ram Institute of Technology (Autonomous), Sai Leo Nagar, Dharkast Road, West Tambaram, Kanchipuram, Chennai-600044. (1324)",Computer Science and Engineering (Cyber Security) (SC),174.5,171.5,169.5,165.5,141.5,,,Chennai
"Sri Sai Ram Institute of Technology (Autonomous), Sai Leo Nagar, Dharkast Road, West Tambaram, Kanchipuram, Chennai-600044. (1324)",Computer Science and Engineering (Internet of Things) (CI),171.5,168.0,170.0,163.5,134.5,,,Chennai
"Sri Sai Ram Institute of Technology (Autonomous), Sai Leo Nagar, Dharkast Road, West Tambaram, Kanchipuram, Chennai-600044. (1324)",ELECTRICAL AND ELECTRONICS ENGINEERING (EE),165.0,163.5,161.0,157.0,130.5,,,Chennai
"Sri Sai Ram Institute of Technology (Autonomous), Sai Leo Nagar, Dharkast Road, West Tambaram, Kanchipuram, Chennai-600044. (1324)",ELECTRONICS AND COMMUNICATION ENGINEERING (EC),176.5,172.5,166.0,171.0,133.5,,,Chennai
"Sri Sai Ram Institute of Technology (Autonomous), Sai Leo Nagar, Dharkast Road, West Tambaram, Kanchipuram, Chennai-600044. (1324)",INFORMATION TECHNOLOGY (IT),174.5,171.0,169.5,168.0,142.5,,114.0,Chennai
"Sri Sai Ram Institute of Technology (Autonomous), Sai Leo Nagar, Dharkast Road, West Tambaram, Kanchipuram, Chennai-600044. (1324)",MECHANICAL ENGINEERING (ME),149.5,143.0,138.5,136.5,120.0,,,Chennai
"Sri Sai Ranganathan Engineering College , Viraliyur Post, Thondamuthur(via), Coimbatore-641109. (2737)",Artificial Intelligence and Data Science (AD),172.5,133.0,119.5,129.0,127.0,147.0,,Coimbatore
"Sri Sai Ranganathan Engineering College , Viraliyur Post, Thondamuthur(via), Coimbatore-641109. (2737)",CIVIL  ENGINEERING (CE),81.5,,,,,,,Coimbatore
"Sri Sai Ranganathan Engineering College , Viraliyur Post, Thondamuthur(via), Coimbatore-641109. (2737)",COMPUTER SCIENCE AND ENGINEERING (CS),157.0,131.0,,105.5,121.5,105.0,138.0,Coimbatore
"Sri Sai Ranganathan Engineering College , Viraliyur Post, Thondamuthur(via), Coimbatore-641109. (2737)",COMPUTER SCIENCE AND ENGINEERING (AI AND MACHINE LEARNING) (AM),129.0,113.5,94.0,95.0,118.0,,,Coimbatore
"Sri Sai Ranganathan Engineering College , Viraliyur Post, Thondamuthur(via), Coimbatore-641109. (2737)",Computer Science and Engineering (Cyber Security) (SC),148.0,124.5,,102.0,121.5,,,Coimbatore
"Sri Sai Ranganathan Engineering College , Viraliyur Post, Thondamuthur(via), Coimbatore-641109. (2737)",ELECTRICAL AND ELECTRONICS ENGINEERING (EE),123.0,100.5,,79.0,100.5,,,Coimbatore
"Sri Sai Ranganathan Engineering College , Viraliyur Post, Thondamuthur(via), Coimbatore-641109. (2737)",ELECTRONICS AND COMMUNICATION ENGINEERING (EC),138.0,106.0,,98.0,124.0,113.0,,Coimbatore
"Sri Sai Ranganathan Engineering College , Viraliyur Post, Thondamuthur(via), Coimbatore-641109. (2737)",INFORMATION TECHNOLOGY (IT),158.5,133.0,,83.0,134.0,93.5,,Coimbatore
"Sri Sai Ranganathan Engineering College , Viraliyur Post, Thondamuthur(via), Coimbatore-641109. (2737)",MECHANICAL ENGINEERING (ME),94.5,,,,83.0,,,Coimbatore
"Sri Shakthi Institute of Engineering and Technology (Autonomous), Sri Shakthi Nagar, L & T By-pass Road, Chinniyampalayam Post, Coimbatore-641062. (2727)",AGRICULTURAL ENGINEERING (AG),132.0,96.0,130.5,91.0,,,,Coimbatore
"Sri Shakthi Institute of Engineering and Technology (Autonomous), Sri Shakthi Nagar, L & T By-pass Road, Chinniyampalayam Post, Coimbatore-641062. (2727)",Artificial Intelligence and Data Science (AD),163.0,155.5,147.5,146.0,95.0,133.0,,Coimbatore
"Sri Shakthi Institute of Engineering and Technology (Autonomous), Sri Shakthi Nagar, L & T By-pass Road, Chinniyampalayam Post, Coimbatore-641062. (2727)",Artificial Intelligence and Machine Learning (AL),159.0,152.5,144.5,144.5,91.0,,,Coimbatore
"Sri Shakthi Institute of Engineering and Technology (Autonomous), Sri Shakthi Nagar, L & T By-pass Road, Chinniyampalayam Post, Coimbatore-641062. (2727)",BIO MEDICAL ENGINEERING (BM),139.5,109.5,119.5,111.0,107.0,103.5,,Coimbatore
"Sri Shakthi Institute of Engineering and Technology (Autonomous), Sri Shakthi Nagar, L & T By-pass Road, Chinniyampalayam Post, Coimbatore-641062. (2727)",BIO TECHNOLOGY (BT),148.5,126.5,119.5,126.0,119.5,,,Coimbatore
"Sri Shakthi Institute of Engineering and Technology (Autonomous), Sri Shakthi Nagar, L & T By-pass Road, Chinniyampalayam Post, Coimbatore-641062. (2727)",CIVIL  ENGINEERING (CE),130.5,106.5,119.5,108.0,125.5,,,Coimbatore
"Sri Shakthi Institute of Engineering and Technology (Autonomous), Sri Shakthi Nagar, L & T By-pass Road, Chinniyampalayam Post, Coimbatore-641062. (2727)",COMPUTER SCIENCE AND ENGINEERING (CS),170.0,161.5,154.0,155.0,95.0,85.5,,Coimbatore
"Sri Shakthi Institute of Engineering and Technology (Autonomous), Sri Shakthi Nagar, L & T By-pass Road, Chinniyampalayam Post, Coimbatore-641062. (2727)",Computer Science and Engineering (Cyber Security) (SC),159.5,152.5,143.0,143.0,96.0,105.5,,Coimbatore
"Sri Shakthi Institute of Engineering and Technology (Autonomous), Sri Shakthi Nagar, L & T By-pass Road, Chinniyampalayam Post, Coimbatore-641062. (2727)",ELECTRICAL AND ELECTRONICS ENGINEERING (EE),152.5,147.0,124.0,138.5,,,,Coimbatore
"Sri Shakthi Institute of Engineering and Technology (Autonomous), Sri Shakthi Nagar, L & T By-pass Road, Chinniyampalayam Post, Coimbatore-641062. (2727)",ELECTRONICS AND COMMUNICATION ENGINEERING (EC),165.0,157.5,154.5,147.5,89.5,,,Coimbatore
"Sri Shakthi Institute of Engineering and Technology (Autonomous), Sri Shakthi Nagar, L & T By-pass Road, Chinniyampalayam Post, Coimbatore-641062. (2727)",Electronics Engineering (VLSI Design and Technology) (EV),154.5,142.0,113.5,143.0,,,,Coimbatore
"Sri Shakthi Institute of Engineering and Technology (Autonomous), Sri Shakthi Nagar, L & T By-pass Road, Chinniyampalayam Post, Coimbatore-641062. (2727)",FOOD TECHNOLOGY (FD),142.0,98.5,110.0,97.5,,,,Coimbatore
"Sri Shakthi Institute of Engineering and Technology (Autonomous), Sri Shakthi Nagar, L & T By-pass Road, Chinniyampalayam Post, Coimbatore-641062. (2727)",INFORMATION TECHNOLOGY (IT),162.5,156.0,147.5,147.0,103.0,,,Coimbatore
"Sri Shakthi Institute of Engineering and Technology (Autonomous), Sri Shakthi Nagar, L & T By-pass Road, Chinniyampalayam Post, Coimbatore-641062. (2727)",MECHANICAL ENGINEERING (ME),145.5,132.5,131.5,116.5,115.0,,,Coimbatore
"Sri Shanmugha College of Engineering and Technology (Autonomous), Pullipalayam, Morur(PO), Sankari Taluk, Salem District-637304. (2302)",AGRICULTURAL ENGINEERING (AG),93.5,81.5,,92.0,85.5,,,Salem
"Sri Shanmugha College of Engineering and Technology (Autonomous), Pullipalayam, Morur(PO), Sankari Taluk, Salem District-637304. (2302)",Artificial Intelligence and Data Science (AD),135.0,105.5,109.0,95.0,103.0,124.5,,Salem
"Sri Shanmugha College of Engineering and Technology (Autonomous), Pullipalayam, Morur(PO), Sankari Taluk, Salem District-637304. (2302)",BIO MEDICAL ENGINEERING (BM),130.5,83.0,125.0,93.0,89.0,128.5,,Salem
"Sri Shanmugha College of Engineering and Technology (Autonomous), Pullipalayam, Morur(PO), Sankari Taluk, Salem District-637304. (2302)",COMPUTER SCIENCE AND ENGINEERING (CS),142.0,120.0,131.5,126.5,104.5,107.0,,Salem
"Sri Shanmugha College of Engineering and Technology (Autonomous), Pullipalayam, Morur(PO), Sankari Taluk, Salem District-637304. (2302)",Computer Science and Engineering (Cyber Security) (SC),116.5,88.5,,98.5,,104.5,,Salem
"Sri Shanmugha College of Engineering and Technology (Autonomous), Pullipalayam, Morur(PO), Sankari Taluk, Salem District-637304. (2302)",ELECTRONICS AND COMMUNICATION ENGINEERING (EC),127.5,104.0,,97.0,85.5,,,Salem
"Sri Shanmugha College of Engineering and Technology (Autonomous), Pullipalayam, Morur(PO), Sankari Taluk, Salem District-637304. (2302)",INFORMATION TECHNOLOGY (IT),123.5,88.0,96.5,104.5,93.5,102.0,,Salem
"Sri Shanmugha College of Engineering and Technology (Autonomous), Pullipalayam, Morur(PO), Sankari Taluk, Salem District-637304. (2302)",MECHANICAL ENGINEERING (ME),106.5,94.0,,82.0,99.5,,,Salem
"Sri Sivasubramaniya Nadar College of Engineering (Autonomous), Rajiv Gandhi Salai (OMR), Kalavakkam,Kanchipuram District-603110. (1315)",BIO MEDICAL ENGINEERING (BM),191.0,189.0,190.5,187.0,167.0,166.5,,Other
"Sri Sivasubramaniya Nadar College of Engineering (Autonomous), Rajiv Gandhi Salai (OMR), Kalavakkam,Kanchipuram District-603110. (1315)",CHEMICAL  ENGINEERING (CH),190.5,187.5,189.5,187.5,168.5,135.0,158.0,Other
"Sri Sivasubramaniya Nadar College of Engineering (Autonomous), Rajiv Gandhi Salai (OMR), Kalavakkam,Kanchipuram District-603110. (1315)",CIVIL  ENGINEERING (CE),188.5,185.0,188.0,183.0,166.5,126.0,,Other
"Sri Sivasubramaniya Nadar College of Engineering (Autonomous), Rajiv Gandhi Salai (OMR), Kalavakkam,Kanchipuram District-603110. (1315)",COMPUTER SCIENCE AND ENGINEERING (CS),198.5,197.5,197.0,196.5,191.5,184.0,178.0,Other
"Sri Sivasubramaniya Nadar College of Engineering (Autonomous), Rajiv Gandhi Salai (OMR), Kalavakkam,Kanchipuram District-603110. (1315)",ELECTRICAL AND ELECTRONICS ENGINEERING (EE),195.0,194.5,193.5,192.5,182.0,159.0,168.5,Other
"Sri Sivasubramaniya Nadar College of Engineering (Autonomous), Rajiv Gandhi Salai (OMR), Kalavakkam,Kanchipuram District-603110. (1315)",ELECTRONICS AND COMMUNICATION ENGINEERING (EC),197.0,196.0,196.5,195.0,189.0,178.0,170.5,Other
"Sri Sivasubramaniya Nadar College of Engineering (Autonomous), Rajiv Gandhi Salai (OMR), Kalavakkam,Kanchipuram District-603110. (1315)",INFORMATION TECHNOLOGY (IT),197.0,196.5,196.5,195.5,189.5,178.0,,Other
"Sri Sivasubramaniya Nadar College of Engineering (Autonomous), Rajiv Gandhi Salai (OMR), Kalavakkam,Kanchipuram District-603110. (1315)",M.Tech. Computer Science and Engineering (Integrated 5 years) (CJ),195.0,194.0,194.5,192.5,183.0,161.0,,Other
"Sri Sivasubramaniya Nadar College of Engineering (Autonomous), Rajiv Gandhi Salai (OMR), Kalavakkam,Kanchipuram District-603110. (1315)",MECHANICAL ENGINEERING (ME),192.0,190.5,190.0,189.5,175.5,156.5,159.5,Other
"Sri Venkateswara College of Engineering (Autonomous), Post Bag No.3, Pennalur, Sriperumbudur, Kanchipuram-602105. (1219)",Artificial Intelligence and Data Science (AD),187.0,185.5,183.0,183.0,163.0,95.0,,Other
"Sri Venkateswara College of Engineering (Autonomous), Post Bag No.3, Pennalur, Sriperumbudur, Kanchipuram-602105. (1219)",BIO TECHNOLOGY (BT),179.5,170.0,153.5,162.5,143.0,,,Other
"Sri Venkateswara College of Engineering (Autonomous), Post Bag No.3, Pennalur, Sriperumbudur, Kanchipuram-602105. (1219)",CHEMICAL  ENGINEERING (CH),174.0,161.5,171.0,165.0,153.0,167.0,,Other
"Sri Venkateswara College of Engineering (Autonomous), Post Bag No.3, Pennalur, Sriperumbudur, Kanchipuram-602105. (1219)",CIVIL  ENGINEERING (CE),164.0,153.0,159.0,143.5,135.0,144.5,,Other
"Sri Venkateswara College of Engineering (Autonomous), Post Bag No.3, Pennalur, Sriperumbudur, Kanchipuram-602105. (1219)",COMPUTER SCIENCE AND ENGINEERING (CS),190.5,188.0,188.0,186.0,169.0,171.5,153.0,Other
"Sri Venkateswara College of Engineering (Autonomous), Post Bag No.3, Pennalur, Sriperumbudur, Kanchipuram-602105. (1219)",ELECTRICAL AND ELECTRONICS ENGINEERING (EE),182.0,180.0,172.0,171.5,144.0,120.5,,Other
"Sri Venkateswara College of Engineering (Autonomous), Post Bag No.3, Pennalur, Sriperumbudur, Kanchipuram-602105. (1219)",ELECTRONICS AND COMMUNICATION ENGINEERING (EC),188.0,185.5,183.0,181.5,164.5,150.0,128.5,Other
"Sri Venkateswara College of Engineering (Autonomous), Post Bag No.3, Pennalur, Sriperumbudur, Kanchipuram-602105. (1219)",INFORMATION TECHNOLOGY (IT),187.5,186.5,183.5,184.0,160.5,131.0,125.5,Other
"Sri Venkateswara College of Engineering (Autonomous), Post Bag No.3, Pennalur, Sriperumbudur, Kanchipuram-602105. (1219)",MARINE ENGINEERING (MR),152.5,,,,,,,Other
"Sri Venkateswara College of Engineering (Autonomous), Post Bag No.3, Pennalur, Sriperumbudur, Kanchipuram-602105. (1219)",MECHANICAL AND AUTOMATION ENGINEERING (MU),166.0,157.5,146.0,153.5,130.0,109.0,,Other
"Sri Venkateswara College of Engineering (Autonomous), Post Bag No.3, Pennalur, Sriperumbudur, Kanchipuram-602105. (1219)",MECHANICAL ENGINEERING (ME),174.0,168.0,171.5,165.0,157.5,105.5,,Other
"Sri Venkateswara College of Engineering (Autonomous), Post Bag No.3, Pennalur, Sriperumbudur, Kanchipuram-602105. (1219)",Mechanical Engineering (Automobile) (MB),161.0,155.5,,150.0,128.5,,,Other
"Sri Venkateswara College of Engineering and Technology, Thirupachur, Thiruvallur Taluk & District-631203. (1116)",Artificial Intelligence and Data Science (AD),154.0,149.5,148.5,145.0,113.5,,,Other
"Sri Venkateswara College of Engineering and Technology, Thirupachur, Thiruvallur Taluk & District-631203. (1116)",CIVIL  ENGINEERING (CE),106.0,,,,,,,Other
"Sri Venkateswara College of Engineering and Technology, Thirupachur, Thiruvallur Taluk & District-631203. (1116)",COMPUTER SCIENCE AND ENGINEERING (CS),172.5,156.0,155.5,159.0,107.0,,,Other
"Sri Venkateswara College of Engineering and Technology, Thirupachur, Thiruvallur Taluk & District-631203. (1116)",COMPUTER SCIENCE AND ENGINEERING (AI AND MACHINE LEARNING) (AM),163.0,150.0,,148.0,104.0,,,Other
"Sri Venkateswara College of Engineering and Technology, Thirupachur, Thiruvallur Taluk & District-631203. (1116)",Computer Science and Engineering (Cyber Security) (SC),151.0,144.0,117.0,142.0,114.0,,,Other
"Sri Venkateswara College of Engineering and Technology, Thirupachur, Thiruvallur Taluk & District-631203. (1116)",ELECTRICAL AND ELECTRONICS ENGINEERING (EE),126.5,,,,,,,Other
"Sri Venkateswara College of Engineering and Technology, Thirupachur, Thiruvallur Taluk & District-631203. (1116)",ELECTRONICS AND COMMUNICATION ENGINEERING (EC),146.5,105.0,128.5,91.5,,,,Other
"Sri Venkateswara College of Engineering and Technology, Thirupachur, Thiruvallur Taluk & District-631203. (1116)",INFORMATION TECHNOLOGY (IT),159.0,154.5,150.0,148.5,98.0,,,Other
"Sri Venkateswara College of Engineering and Technology, Thirupachur, Thiruvallur Taluk & District-631203. (1116)",MECHANICAL ENGINEERING (ME),103.5,,,,,,,Other
"Sri Venkateswara Institute of Science and Technology, Kolundhalur, Thiruvallur Taluk & District-631203. (1121)",Artificial Intelligence and Data Science (AD),89.0,,,,,,,Other
"Sri Venkateswara Institute of Science and Technology, Kolundhalur, Thiruvallur Taluk & District-631203. (1121)",CIVIL  ENGINEERING (CE),,,,,,,,Other
"Sri Venkateswara Institute of Science and Technology, Kolundhalur, Thiruvallur Taluk & District-631203. (1121)",COMPUTER SCIENCE AND ENGINEERING (CS),117.0,102.0,,105.0,90.5,,,Other
"Sri Venkateswara Institute of Science and Technology, Kolundhalur, Thiruvallur Taluk & District-631203. (1121)",Computer Science and Engineering (Cyber Security) (SC),112.0,,,,,,,Other
"Sri Venkateswara Institute of Science and Technology, Kolundhalur, Thiruvallur Taluk & District-631203. (1121)",ELECTRICAL AND ELECTRONICS ENGINEERING (EE),,,,,,,,Other
"Sri Venkateswara Institute of Science and Technology, Kolundhalur, Thiruvallur Taluk & District-631203. (1121)",ELECTRONICS AND COMMUNICATION ENGINEERING (EC),113.5,,,,,,,Other
"Sri Venkateswara Institute of Science and Technology, Kolundhalur, Thiruvallur Taluk & District-631203. (1121)",MECHANICAL ENGINEERING (ME),,,,,,,,Other
"Sri Venkateswaraa College of Technology, Sirukulathur, Vadakal Village, Mathur Post, Sriperumbhudur, Kanchipuram-602105. (1413)",Artificial Intelligence and Data Science (AD),142.5,98.0,124.5,113.0,108.5,120.5,,Other
"Sri Venkateswaraa College of Technology, Sirukulathur, Vadakal Village, Mathur Post, Sriperumbhudur, Kanchipuram-602105. (1413)",COMPUTER SCIENCE AND BUSSINESS SYSTEM (CB),87.5,,,,,,,Other
"Sri Venkateswaraa College of Technology, Sirukulathur, Vadakal Village, Mathur Post, Sriperumbhudur, Kanchipuram-602105. (1413)",COMPUTER SCIENCE AND DESIGN (CD),88.5,,,,,,,Other
"Sri Venkateswaraa College of Technology, Sirukulathur, Vadakal Village, Mathur Post, Sriperumbhudur, Kanchipuram-602105. (1413)",COMPUTER SCIENCE AND ENGINEERING (CS),149.0,93.0,141.0,80.0,93.0,,,Other
"Sri Venkateswaraa College of Technology, Sirukulathur, Vadakal Village, Mathur Post, Sriperumbhudur, Kanchipuram-602105. (1413)",COMPUTER SCIENCE AND ENGINEERING (AI AND MACHINE LEARNING) (AM),97.5,94.5,,92.0,,,,Other
"Sri Venkateswaraa College of Technology, Sirukulathur, Vadakal Village, Mathur Post, Sriperumbhudur, Kanchipuram-602105. (1413)",Computer Science and Engineering (Cyber Security) (SC),87.0,,,,,,,Other
"Sri Venkateswaraa College of Technology, Sirukulathur, Vadakal Village, Mathur Post, Sriperumbhudur, Kanchipuram-602105. (1413)",ELECTRICAL AND ELECTRONICS ENGINEERING (EE),119.0,,,,,,,Other
"Sri Venkateswaraa College of Technology, Sirukulathur, Vadakal Village, Mathur Post, Sriperumbhudur, Kanchipuram-602105. (1413)",Electronics and Communication (Advanced Communication Technology) (EA),108.5,,,,,,,Other
"Sri Venkateswaraa College of Technology, Sirukulathur, Vadakal Village, Mathur Post, Sriperumbhudur, Kanchipuram-602105. (1413)",ELECTRONICS AND COMMUNICATION ENGINEERING (EC),142.0,128.0,93.0,118.5,98.5,,,Other
"Sri Venkateswaraa College of Technology, Sirukulathur, Vadakal Village, Mathur Post, Sriperumbhudur, Kanchipuram-602105. (1413)",Electronics Engineering (VLSI Design and Technology) (EV),103.0,,,,,,,Other
"Sri Venkateswaraa College of Technology, Sirukulathur, Vadakal Village, Mathur Post, Sriperumbhudur, Kanchipuram-602105. (1413)",INFORMATION TECHNOLOGY (IT),137.5,120.5,125.5,101.0,99.0,,,Other
"Sri Venkateswaraa College of Technology, Sirukulathur, Vadakal Village, Mathur Post, Sriperumbhudur, Kanchipuram-602105. (1413)",MECHANICAL ENGINEERING (ME),94.5,,,,82.5,,,Other
"Sri Vidya College of Engineering and Technology, Sivakasi Main Road, P.Kumaralingapuram, Virudhunagar-626005. (4996)",Artificial Intelligence and Data Science (AD),112.5,88.0,111.0,90.0,91.0,,,Virudhunagar
"Sri Vidya College of Engineering and Technology, Sivakasi Main Road, P.Kumaralingapuram, Virudhunagar-626005. (4996)",CIVIL  ENGINEERING (CE),103.5,,,,,,,Virudhunagar
"Sri Vidya College of Engineering and Technology, Sivakasi Main Road, P.Kumaralingapuram, Virudhunagar-626005. (4996)",COMPUTER SCIENCE AND BUSSINESS SYSTEM (CB),81.5,,,,,,,Virudhunagar
"Sri Vidya College of Engineering and Technology, Sivakasi Main Road, P.Kumaralingapuram, Virudhunagar-626005. (4996)",COMPUTER SCIENCE AND ENGINEERING (CS),113.5,94.0,102.5,98.5,87.5,,,Virudhunagar
"Sri Vidya College of Engineering and Technology, Sivakasi Main Road, P.Kumaralingapuram, Virudhunagar-626005. (4996)",ELECTRICAL AND ELECTRONICS ENGINEERING (EE),105.5,,,,,,,Virudhunagar
"Sri Vidya College of Engineering and Technology, Sivakasi Main Road, P.Kumaralingapuram, Virudhunagar-626005. (4996)",ELECTRONICS AND COMMUNICATION ENGINEERING (EC),87.5,,,,,,,Virudhunagar
"Sri Vidya College of Engineering and Technology, Sivakasi Main Road, P.Kumaralingapuram, Virudhunagar-626005. (4996)",MECHANICAL ENGINEERING (ME),104.0,,,,,,,Virudhunagar
"SriRam Engineering College, Perumalpattu, Veppampattu R.S., Tiruvallur District, Chennai-602024. (1115)",Artificial Intelligence and Data Science (AD),120.0,117.0,,109.0,91.5,,,Tiruvallur
"SriRam Engineering College, Perumalpattu, Veppampattu R.S., Tiruvallur District, Chennai-602024. (1115)",COMPUTER SCIENCE AND BUSSINESS SYSTEM (CB),,,,,,,,Tiruvallur
"SriRam Engineering College, Perumalpattu, Veppampattu R.S., Tiruvallur District, Chennai-602024. (1115)",COMPUTER SCIENCE AND ENGINEERING (CS),126.0,107.0,,109.5,110.5,,,Tiruvallur
"SriRam Engineering College, Perumalpattu, Veppampattu R.S., Tiruvallur District, Chennai-602024. (1115)",COMPUTER SCIENCE AND ENGINEERING (AI AND MACHINE LEARNING) (AM),101.0,,,,,,,Tiruvallur
"SriRam Engineering College, Perumalpattu, Veppampattu R.S., Tiruvallur District, Chennai-602024. (1115)",Computer Science and Engineering (Cyber Security) (SC),89.0,,,,,,,Tiruvallur
"SriRam Engineering College, Perumalpattu, Veppampattu R.S., Tiruvallur District, Chennai-602024. (1115)",ELECTRICAL AND ELECTRONICS ENGINEERING (EE),99.0,,,,,,,Tiruvallur
"SriRam Engineering College, Perumalpattu, Veppampattu R.S., Tiruvallur District, Chennai-602024. (1115)",ELECTRONICS AND COMMUNICATION ENGINEERING (EC),96.5,,,,,,,Tiruvallur
"SriRam Engineering College, Perumalpattu, Veppampattu R.S., Tiruvallur District, Chennai-602024. (1115)",MECHANICAL ENGINEERING (ME),,,,,,,,Tiruvallur
"SRM Madurai College for Engineering and Technology, Pottapalayam Village, Manamadurai Taluk, Sivagangai District-630611. (5842)",Artificial Intelligence and Data Science (AD),157.5,145.0,120.5,127.0,96.5,119.0,,Sivaganga
"SRM Madurai College for Engineering and Technology, Pottapalayam Village, Manamadurai Taluk, Sivagangai District-630611. (5842)",CIVIL  ENGINEERING (CE),116.5,,,,,,,Sivaganga
"SRM Madurai College for Engineering and Technology, Pottapalayam Village, Manamadurai Taluk, Sivagangai District-630611. (5842)",COMPUTER SCIENCE AND ENGINEERING (CS),167.5,158.5,150.5,143.0,116.0,,,Sivaganga
"SRM Madurai College for Engineering and Technology, Pottapalayam Village, Manamadurai Taluk, Sivagangai District-630611. (5842)",COMPUTER SCIENCE AND ENGINEERING (AI AND MACHINE LEARNING) (AM),153.0,142.0,124.0,105.0,,,,Sivaganga
"SRM Madurai College for Engineering and Technology, Pottapalayam Village, Manamadurai Taluk, Sivagangai District-630611. (5842)",Computer Science and Engineering (Cyber Security) (SC),152.5,137.5,,118.0,,,,Sivaganga
"SRM Madurai College for Engineering and Technology, Pottapalayam Village, Manamadurai Taluk, Sivagangai District-630611. (5842)",ELECTRICAL AND ELECTRONICS ENGINEERING (EE),144.0,133.5,,107.5,,,,Sivaganga
"SRM Madurai College for Engineering and Technology, Pottapalayam Village, Manamadurai Taluk, Sivagangai District-630611. (5842)",ELECTRONICS AND COMMUNICATION ENGINEERING (EC),155.5,138.0,151.0,106.0,119.0,,,Sivaganga
"SRM Madurai College for Engineering and Technology, Pottapalayam Village, Manamadurai Taluk, Sivagangai District-630611. (5842)",INFORMATION TECHNOLOGY (IT),157.0,149.0,142.0,125.0,,,,Sivaganga
"SRM Madurai College for Engineering and Technology, Pottapalayam Village, Manamadurai Taluk, Sivagangai District-630611. (5842)",MECHANICAL ENGINEERING (ME),105.5,,,,,,,Sivaganga
SRM TRP Engineering College  Irungalur  Manachanallur Taluk  Tiruchirappalli District 621105 (3795),Artificial Intelligence and Data Science (AD),163.5,152.5,150.5,142.5,114.0,113.0,,Tiruchirappalli
SRM TRP Engineering College  Irungalur  Manachanallur Taluk  Tiruchirappalli District 621105 (3795),CIVIL  ENGINEERING (CE),119.0,81.5,,104.0,,,,Tiruchirappalli
SRM TRP Engineering College  Irungalur  Manachanallur Taluk  Tiruchirappalli District 621105 (3795),COMPUTER SCIENCE AND ENGINEERING (CS),168.0,157.0,158.5,144.0,112.0,126.0,,Tiruchirappalli
SRM TRP Engineering College  Irungalur  Manachanallur Taluk  Tiruchirappalli District 621105 (3795),ELECTRICAL AND ELECTRONICS ENGINEERING (EE),146.5,135.0,142.0,119.5,110.0,,,Tiruchirappalli
SRM TRP Engineering College  Irungalur  Manachanallur Taluk  Tiruchirappalli District 621105 (3795),ELECTRONICS AND COMMUNICATION ENGINEERING (EC),158.0,151.0,152.0,143.5,97.5,,,Tiruchirappalli
SRM TRP Engineering College  Irungalur  Manachanallur Taluk  Tiruchirappalli District 621105 (3795),MECHANICAL ENGINEERING (ME),122.0,94.5,102.0,101.0,99.0,,95.0,Tiruchirappalli
"SRM Valliammai Engineering College (Autonomous), S.R.M. Nagar, Kattankulathur, Chengalpattu, Kancheepuram, Chennai-603203. (1422)",AGRICULTURAL ENGINEERING (AG),121.5,104.5,106.5,106.0,106.5,,,Chengalpattu
"SRM Valliammai Engineering College (Autonomous), S.R.M. Nagar, Kattankulathur, Chengalpattu, Kancheepuram, Chennai-603203. (1422)",Artificial Intelligence and Data Science (AD),179.5,172.0,163.0,172.0,150.5,134.5,150.0,Chengalpattu
"SRM Valliammai Engineering College (Autonomous), S.R.M. Nagar, Kattankulathur, Chengalpattu, Kancheepuram, Chennai-603203. (1422)",CIVIL  ENGINEERING (CE),153.5,132.5,115.5,135.5,115.0,93.0,,Chengalpattu
"SRM Valliammai Engineering College (Autonomous), S.R.M. Nagar, Kattankulathur, Chengalpattu, Kancheepuram, Chennai-603203. (1422)",COMPUTER SCIENCE AND ENGINEERING (CS),182.0,174.5,175.0,177.0,158.0,126.0,,Chengalpattu
"SRM Valliammai Engineering College (Autonomous), S.R.M. Nagar, Kattankulathur, Chengalpattu, Kancheepuram, Chennai-603203. (1422)",Cyber Security (CY),175.0,168.5,169.5,166.0,145.5,152.0,,Chengalpattu
"SRM Valliammai Engineering College (Autonomous), S.R.M. Nagar, Kattankulathur, Chengalpattu, Kancheepuram, Chennai-603203. (1422)",ELECTRICAL AND ELECTRONICS ENGINEERING (EE),164.5,159.5,151.5,156.5,135.5,,146.0,Chengalpattu
"SRM Valliammai Engineering College (Autonomous), S.R.M. Nagar, Kattankulathur, Chengalpattu, Kancheepuram, Chennai-603203. (1422)",ELECTRONICS AND COMMUNICATION ENGINEERING (EC),173.5,168.0,167.5,167.0,142.5,,,Chengalpattu
"SRM Valliammai Engineering College (Autonomous), S.R.M. Nagar, Kattankulathur, Chengalpattu, Kancheepuram, Chennai-603203. (1422)",ELECTRONICS AND INSTRUMENTATION ENGINEERING (EI),162.0,153.0,157.0,152.5,120.5,,,Chengalpattu
"SRM Valliammai Engineering College (Autonomous), S.R.M. Nagar, Kattankulathur, Chengalpattu, Kancheepuram, Chennai-603203. (1422)",INFORMATION TECHNOLOGY (IT),176.0,171.5,171.0,169.5,151.5,104.5,,Chengalpattu
"SRM Valliammai Engineering College (Autonomous), S.R.M. Nagar, Kattankulathur, Chengalpattu, Kancheepuram, Chennai-603203. (1422)",MECHANICAL ENGINEERING (ME),154.0,142.5,153.5,136.0,112.5,,92.0,Chengalpattu
"SRM Valliammai Engineering College (Autonomous), S.R.M. Nagar, Kattankulathur, Chengalpattu, Kancheepuram, Chennai-603203. (1422)",MEDICAL ELECTRONICS (MD),142.0,125.5,129.0,115.0,108.5,,,Chengalpattu
"SSM College of Engineering, NH-47 Salem Main Road, Komarapalayam, Namakkal District-638183. (2614)",CIVIL  ENGINEERING (CE),,,,,,,,Namakkal
"SSM College of Engineering, NH-47 Salem Main Road, Komarapalayam, Namakkal District-638183. (2614)",COMPUTER SCIENCE AND ENGINEERING (CS),108.5,88.0,,102.0,89.0,104.5,,Namakkal
"SSM College of Engineering, NH-47 Salem Main Road, Komarapalayam, Namakkal District-638183. (2614)",ELECTRICAL AND ELECTRONICS ENGINEERING (EE),87.5,,,,,,,Namakkal
"SSM College of Engineering, NH-47 Salem Main Road, Komarapalayam, Namakkal District-638183. (2614)",ELECTRONICS AND COMMUNICATION ENGINEERING (EC),100.0,88.5,,89.0,,,,Namakkal
"SSM College of Engineering, NH-47 Salem Main Road, Komarapalayam, Namakkal District-638183. (2614)",INFORMATION TECHNOLOGY (IT),91.0,80.0,,,,,,Namakkal
"SSM College of Engineering, NH-47 Salem Main Road, Komarapalayam, Namakkal District-638183. (2614)",MECHANICAL ENGINEERING (ME),80.5,,,,,,,Namakkal
"SSM College of Engineering, NH-47 Salem Main Road, Komarapalayam, Namakkal District-638183. (2614)",PETRO CHEMICAL TECHNOLOGY (PC),84.0,,,,,,,Namakkal
"SSM College of Engineering, NH-47 Salem Main Road, Komarapalayam, Namakkal District-638183. (2614)",PETROLEUM ENGINEERING (PE),121.0,,,,,,,Namakkal
"SSM College of Engineering, NH-47 Salem Main Road, Komarapalayam, Namakkal District-638183. (2614)",TEXTILE CHEMISTRY (TC),,,,,,,,Namakkal
"SSM College of Engineering, NH-47 Salem Main Road, Komarapalayam, Namakkal District-638183. (2614)",TEXTILE TECHNOLOGY (TX),92.0,,,,,,,Namakkal
"SSM Institute of Engineering and Technology, Kuttathupatti Village, Begambur Post, Dindigul Taluk & District-624002. (5530)",Artificial Intelligence and Data Science (AD),149.5,141.0,137.0,122.5,100.0,123.5,,Dindigul
"SSM Institute of Engineering and Technology, Kuttathupatti Village, Begambur Post, Dindigul Taluk & District-624002. (5530)",CIVIL  ENGINEERING (CE),93.5,,,,80.0,,,Dindigul
"SSM Institute of Engineering and Technology, Kuttathupatti Village, Begambur Post, Dindigul Taluk & District-624002. (5530)",COMPUTER SCIENCE AND BUSSINESS SYSTEM (CB),127.0,117.5,122.0,97.5,,,,Dindigul
"SSM Institute of Engineering and Technology, Kuttathupatti Village, Begambur Post, Dindigul Taluk & District-624002. (5530)",COMPUTER SCIENCE AND ENGINEERING (CS),158.0,139.0,150.0,131.0,116.5,,,Dindigul
"SSM Institute of Engineering and Technology, Kuttathupatti Village, Begambur Post, Dindigul Taluk & District-624002. (5530)",COMPUTER SCIENCE AND ENGINEERING (AI AND MACHINE LEARNING) (AM),132.5,118.5,126.0,104.0,97.5,,,Dindigul
"SSM Institute of Engineering and Technology, Kuttathupatti Village, Begambur Post, Dindigul Taluk & District-624002. (5530)",Computer Science and Engineering (Cyber Security) (SC),136.5,122.5,119.0,107.5,112.0,,,Dindigul
"SSM Institute of Engineering and Technology, Kuttathupatti Village, Begambur Post, Dindigul Taluk & District-624002. (5530)",ELECTRICAL AND ELECTRONICS ENGINEERING (EE),115.0,106.0,104.0,106.0,,,,Dindigul
"SSM Institute of Engineering and Technology, Kuttathupatti Village, Begambur Post, Dindigul Taluk & District-624002. (5530)",ELECTRONICS AND COMMUNICATION ENGINEERING (EC),148.0,137.5,143.5,100.0,102.5,,,Dindigul
"SSM Institute of Engineering and Technology, Kuttathupatti Village, Begambur Post, Dindigul Taluk & District-624002. (5530)",INFORMATION TECHNOLOGY (IT),151.0,140.5,139.5,131.5,99.5,,,Dindigul
"SSM Institute of Engineering and Technology, Kuttathupatti Village, Begambur Post, Dindigul Taluk & District-624002. (5530)",MECHANICAL ENGINEERING (ME),114.0,96.0,104.0,91.0,90.5,,,Dindigul
"St. Joseph College of Engineering, Trinity Campus, Nemili B Beemanthangal Village, Sriperumbudur, Kancheepuram District, Chennai-602105. (1325)",Artificial Intelligence and Data Science (AD),146.0,126.5,142.0,110.5,105.5,,111.0,Kancheepuram
"St. Joseph College of Engineering, Trinity Campus, Nemili B Beemanthangal Village, Sriperumbudur, Kancheepuram District, Chennai-602105. (1325)",COMPUTER SCIENCE AND ENGINEERING (CS),145.0,113.5,118.0,104.0,88.0,,111.5,Kancheepuram
"St. Joseph College of Engineering, Trinity Campus, Nemili B Beemanthangal Village, Sriperumbudur, Kancheepuram District, Chennai-602105. (1325)",ELECTRONICS AND COMMUNICATION ENGINEERING (EC),146.0,120.5,143.5,117.5,115.5,,,Kancheepuram
"St. Joseph College of Engineering, Trinity Campus, Nemili B Beemanthangal Village, Sriperumbudur, Kancheepuram District, Chennai-602105. (1325)",INFORMATION TECHNOLOGY (IT),141.5,113.5,110.0,103.0,102.0,,,Kancheepuram
"St. Joseph College of Engineering, Trinity Campus, Nemili B Beemanthangal Village, Sriperumbudur, Kancheepuram District, Chennai-602105. (1325)",MECHANICAL ENGINEERING (ME),119.0,84.0,106.5,92.5,85.0,103.5,,Kancheepuram
"St. Joseph's College of Engineering (Autonomous), Jeppiaar Nagar, Old Mamallapuram Road, Kanchipuram, Chennai-600119. (1317)",Artificial Intelligence and Data Science (AD),176.5,171.5,167.5,166.5,135.5,104.5,105.5,Chennai
"St. Joseph's College of Engineering (Autonomous), Jeppiaar Nagar, Old Mamallapuram Road, Kanchipuram, Chennai-600119. (1317)",Artificial Intelligence and Machine Learning (AL),172.5,169.0,162.0,164.5,140.5,,,Chennai
"St. Joseph's College of Engineering (Autonomous), Jeppiaar Nagar, Old Mamallapuram Road, Kanchipuram, Chennai-600119. (1317)",BIO TECHNOLOGY (BT),169.0,159.0,156.5,155.0,132.0,,,Chennai
"St. Joseph's College of Engineering (Autonomous), Jeppiaar Nagar, Old Mamallapuram Road, Kanchipuram, Chennai-600119. (1317)",CHEMICAL  ENGINEERING (CH),166.5,150.0,140.0,118.0,90.5,,,Chennai
"St. Joseph's College of Engineering (Autonomous), Jeppiaar Nagar, Old Mamallapuram Road, Kanchipuram, Chennai-600119. (1317)",COMPUTER SCIENCE AND ENGINEERING (CS),185.0,177.5,176.5,176.5,150.5,128.0,151.5,Chennai
"St. Joseph's College of Engineering (Autonomous), Jeppiaar Nagar, Old Mamallapuram Road, Kanchipuram, Chennai-600119. (1317)",Computer Science and Engineering (Cyber Security) (SC),176.0,173.0,167.0,167.5,141.0,,,Chennai
"St. Joseph's College of Engineering (Autonomous), Jeppiaar Nagar, Old Mamallapuram Road, Kanchipuram, Chennai-600119. (1317)",ELECTRICAL AND ELECTRONICS ENGINEERING (EE),165.5,161.0,157.0,155.0,125.5,,,Chennai
"St. Joseph's College of Engineering (Autonomous), Jeppiaar Nagar, Old Mamallapuram Road, Kanchipuram, Chennai-600119. (1317)",ELECTRONICS AND COMMUNICATION ENGINEERING (EC),181.5,175.0,178.0,167.5,138.0,,,Chennai
"St. Joseph's College of Engineering (Autonomous), Jeppiaar Nagar, Old Mamallapuram Road, Kanchipuram, Chennai-600119. (1317)",INFORMATION TECHNOLOGY (IT),179.0,174.5,172.0,168.5,141.5,,122.0,Chennai
"St. Joseph's College of Engineering (Autonomous), Jeppiaar Nagar, Old Mamallapuram Road, Kanchipuram, Chennai-600119. (1317)",MECHANICAL ENGINEERING (ME),150.0,137.5,120.0,127.0,109.0,,,Chennai
"St. Joseph's College of Engineering (Autonomous), Jeppiaar Nagar, Old Mamallapuram Road, Kanchipuram, Chennai-600119. (1317)",Mechatronics Engineering (MZ),167.5,157.5,117.5,153.5,135.5,,,Chennai
"St. Joseph's College of Engineering and Technology, A.S.Nagar, Ellupatti, Rawasapatti Post, Inathukanpatti Village, Thanjavur-613403. (3825)",Artificial Intelligence and Data Science (AD),141.0,123.5,129.0,85.5,107.5,,,Thanjavur
"St. Joseph's College of Engineering and Technology, A.S.Nagar, Ellupatti, Rawasapatti Post, Inathukanpatti Village, Thanjavur-613403. (3825)",COMPUTER SCIENCE AND ENGINEERING (CS),125.5,104.5,109.5,99.5,89.5,,,Thanjavur
"St. Joseph's College of Engineering and Technology, A.S.Nagar, Ellupatti, Rawasapatti Post, Inathukanpatti Village, Thanjavur-613403. (3825)",ELECTRICAL AND ELECTRONICS ENGINEERING (EE),106.5,81.5,,,90.0,,,Thanjavur
"St. Joseph's College of Engineering and Technology, A.S.Nagar, Ellupatti, Rawasapatti Post, Inathukanpatti Village, Thanjavur-613403. (3825)",ELECTRONICS AND COMMUNICATION ENGINEERING (EC),112.0,89.99,86.0,91.5,86.5,,,Thanjavur
"St. Joseph's College of Engineering and Technology, A.S.Nagar, Ellupatti, Rawasapatti Post, Inathukanpatti Village, Thanjavur-613403. (3825)",INFORMATION TECHNOLOGY (IT),128.5,110.5,87.5,92.5,108.5,,,Thanjavur
"St. Joseph's College of Engineering and Technology, A.S.Nagar, Ellupatti, Rawasapatti Post, Inathukanpatti Village, Thanjavur-613403. (3825)",MECHANICAL ENGINEERING (ME),98.5,85.0,,80.5,88.5,,,Thanjavur
"St. Joseph's Institute of Technology (Autonomous), Jeppiaar Nagar, Old Mamallapuram Road, Kanchipuram, Chennai-600119. (1149)",Artificial Intelligence and Data Science (AD),169.5,165.5,162.5,163.0,138.0,,,Chennai
"St. Joseph's Institute of Technology (Autonomous), Jeppiaar Nagar, Old Mamallapuram Road, Kanchipuram, Chennai-600119. (1149)",COMPUTER SCIENCE AND ENGINEERING (CS),176.0,169.0,168.0,164.0,135.0,115.5,,Chennai
"St. Joseph's Institute of Technology (Autonomous), Jeppiaar Nagar, Old Mamallapuram Road, Kanchipuram, Chennai-600119. (1149)",Computer Science and Engineering (Cyber Security) (SC),170.5,165.0,159.0,162.5,137.5,156.0,,Chennai
"St. Joseph's Institute of Technology (Autonomous), Jeppiaar Nagar, Old Mamallapuram Road, Kanchipuram, Chennai-600119. (1149)",ELECTRICAL AND ELECTRONICS ENGINEERING (EE),159.0,155.0,142.5,149.5,111.5,,,Chennai
"St. Joseph's Institute of Technology (Autonomous), Jeppiaar Nagar, Old Mamallapuram Road, Kanchipuram, Chennai-600119. (1149)",ELECTRONICS AND COMMUNICATION ENGINEERING (EC),171.0,165.5,162.0,163.0,126.5,,116.5,Chennai
"St. Joseph's Institute of Technology (Autonomous), Jeppiaar Nagar, Old Mamallapuram Road, Kanchipuram, Chennai-600119. (1149)",INFORMATION TECHNOLOGY (IT),171.0,166.5,166.5,162.5,133.0,131.5,,Chennai
"St. Joseph's Institute of Technology (Autonomous), Jeppiaar Nagar, Old Mamallapuram Road, Kanchipuram, Chennai-600119. (1149)",MECHANICAL ENGINEERING (ME),137.0,121.5,126.0,119.0,103.5,,,Chennai
"St. Michael College of Engineering and Technology, St. Santhiagaper Nagar, Kalayarkoil, Sivaganga District-630551. (5919)",BIO MEDICAL ENGINEERING (BM),110.0,,,,,,,Sivaganga
"St. Michael College of Engineering and Technology, St. Santhiagaper Nagar, Kalayarkoil, Sivaganga District-630551. (5919)",BIO TECHNOLOGY (BT),97.0,,,,,,,Sivaganga
"St. Michael College of Engineering and Technology, St. Santhiagaper Nagar, Kalayarkoil, Sivaganga District-630551. (5919)",CHEMICAL  ENGINEERING (CH),85.0,,,,,,,Sivaganga
"St. Michael College of Engineering and Technology, St. Santhiagaper Nagar, Kalayarkoil, Sivaganga District-630551. (5919)",COMPUTER SCIENCE AND ENGINEERING (CS),88.5,,,,,,,Sivaganga
"St. Michael College of Engineering and Technology, St. Santhiagaper Nagar, Kalayarkoil, Sivaganga District-630551. (5919)",COMPUTER SCIENCE AND ENGINEERING (AI AND MACHINE LEARNING) (AM),86.0,,,,,,,Sivaganga
"St. Michael College of Engineering and Technology, St. Santhiagaper Nagar, Kalayarkoil, Sivaganga District-630551. (5919)",ELECTRICAL AND ELECTRONICS ENGINEERING (EE),85.5,,,,,,,Sivaganga
"St. Michael College of Engineering and Technology, St. Santhiagaper Nagar, Kalayarkoil, Sivaganga District-630551. (5919)",ELECTRONICS AND COMMUNICATION ENGINEERING (EC),89.5,,,,,,,Sivaganga
"St. Michael College of Engineering and Technology, St. Santhiagaper Nagar, Kalayarkoil, Sivaganga District-630551. (5919)",MECHANICAL ENGINEERING (ME),90.0,,,,,,,Sivaganga
"St. Mother Theresa Engineering College, Vagaikulam, Mudivaithanendal Post, Tuticorin District-628102. (4933)",Artificial Intelligence and Data Science (AD),122.0,98.5,,88.0,115.0,92.0,,Other
"St. Mother Theresa Engineering College, Vagaikulam, Mudivaithanendal Post, Tuticorin District-628102. (4933)",COMPUTER SCIENCE AND ENGINEERING (CS),118.5,87.0,95.5,80.5,87.5,94.5,,Other
"St. Mother Theresa Engineering College, Vagaikulam, Mudivaithanendal Post, Tuticorin District-628102. (4933)",ELECTRICAL AND ELECTRONICS ENGINEERING (EE),105.5,,,99.0,103.5,,,Other
"St. Mother Theresa Engineering College, Vagaikulam, Mudivaithanendal Post, Tuticorin District-628102. (4933)",ELECTRONICS AND COMMUNICATION ENGINEERING (EC),124.0,108.0,118.5,114.5,98.0,,,Other
"St. Mother Theresa Engineering College, Vagaikulam, Mudivaithanendal Post, Tuticorin District-628102. (4933)",MECHANICAL ENGINEERING (ME),106.5,89.0,,,92.0,,,Other
"St. Peter's College of Engineering and Technology, College Road, Avadi Taluk, Thiruvallur District, Chennai-600054. (1127)",Artificial Intelligence and Data Science (AD),128.0,106.0,108.0,120.5,118.0,,,Chennai
"St. Peter's College of Engineering and Technology, College Road, Avadi Taluk, Thiruvallur District, Chennai-600054. (1127)",BIO TECHNOLOGY (BT),118.0,87.0,,95.0,88.5,,,Chennai
"St. Peter's College of Engineering and Technology, College Road, Avadi Taluk, Thiruvallur District, Chennai-600054. (1127)",CHEMICAL  ENGINEERING (CH),102.0,91.5,,,,,,Chennai
"St. Peter's College of Engineering and Technology, College Road, Avadi Taluk, Thiruvallur District, Chennai-600054. (1127)",CIVIL  ENGINEERING (CE),,,,,,,,Chennai
"St. Peter's College of Engineering and Technology, College Road, Avadi Taluk, Thiruvallur District, Chennai-600054. (1127)",COMPUTER SCIENCE AND ENGINEERING (CS),138.5,100.5,136.5,116.5,98.5,,,Chennai
"St. Peter's College of Engineering and Technology, College Road, Avadi Taluk, Thiruvallur District, Chennai-600054. (1127)",ELECTRICAL AND ELECTRONICS ENGINEERING (EE),102.0,83.0,,81.5,,,,Chennai
"St. Peter's College of Engineering and Technology, College Road, Avadi Taluk, Thiruvallur District, Chennai-600054. (1127)",ELECTRONICS AND COMMUNICATION ENGINEERING (EC),115.0,92.5,109.5,98.0,,,,Chennai
"St. Peter's College of Engineering and Technology, College Road, Avadi Taluk, Thiruvallur District, Chennai-600054. (1127)",INFORMATION TECHNOLOGY (IT),120.0,108.5,115.5,103.5,83.0,,,Chennai
"St. Peter's College of Engineering and Technology, College Road, Avadi Taluk, Thiruvallur District, Chennai-600054. (1127)",MECHANICAL ENGINEERING (ME),105.5,,,,,,,Chennai
"St. Xavier's Catholic College of Engineering (Autonomous), Chunkankadai, Kanyakumari District, Nagercoil-629003. (4971)",Artificial Intelligence and Data Science (AD),171.0,152.5,141.5,141.5,110.5,,,Other
"St. Xavier's Catholic College of Engineering (Autonomous), Chunkankadai, Kanyakumari District, Nagercoil-629003. (4971)",CIVIL  ENGINEERING (CE),114.5,104.0,,,,,,Other
"St. Xavier's Catholic College of Engineering (Autonomous), Chunkankadai, Kanyakumari District, Nagercoil-629003. (4971)",COMPUTER SCIENCE AND ENGINEERING (CS),175.5,158.5,154.5,149.5,103.5,111.0,,Other
"St. Xavier's Catholic College of Engineering (Autonomous), Chunkankadai, Kanyakumari District, Nagercoil-629003. (4971)",ELECTRICAL AND ELECTRONICS ENGINEERING (EE),147.5,140.0,136.0,113.5,,,,Other
"St. Xavier's Catholic College of Engineering (Autonomous), Chunkankadai, Kanyakumari District, Nagercoil-629003. (4971)",ELECTRONICS AND COMMUNICATION ENGINEERING (EC),164.5,152.0,163.0,131.0,106.0,,,Other
"St. Xavier's Catholic College of Engineering (Autonomous), Chunkankadai, Kanyakumari District, Nagercoil-629003. (4971)",INFORMATION TECHNOLOGY (IT),162.0,149.0,154.5,143.0,104.5,,,Other
"St. Xavier's Catholic College of Engineering (Autonomous), Chunkankadai, Kanyakumari District, Nagercoil-629003. (4971)",MECHANICAL ENGINEERING (ME),133.5,106.0,106.5,106.0,93.5,,,Other
"St.Anne's College of Engineering and Technology, Anguchettypalayam, Siruvathur Post, Panruti Taluk, Cuddalore District-607110. (3860)",COMPUTER SCIENCE AND ENGINEERING (CS),96.5,82.0,,88.5,84.5,,,Cuddalore
"St.Anne's College of Engineering and Technology, Anguchettypalayam, Siruvathur Post, Panruti Taluk, Cuddalore District-607110. (3860)",COMPUTER SCIENCE AND ENGINEERING (AI AND MACHINE LEARNING) (AM),87.5,,,83.5,,,,Cuddalore
"St.Anne's College of Engineering and Technology, Anguchettypalayam, Siruvathur Post, Panruti Taluk, Cuddalore District-607110. (3860)",ELECTRICAL AND ELECTRONICS ENGINEERING (EE),84.0,,,,,,,Cuddalore
"St.Anne's College of Engineering and Technology, Anguchettypalayam, Siruvathur Post, Panruti Taluk, Cuddalore District-607110. (3860)",ELECTRONICS AND COMMUNICATION ENGINEERING (EC),83.5,,,,,,,Cuddalore
"St.Anne's College of Engineering and Technology, Anguchettypalayam, Siruvathur Post, Panruti Taluk, Cuddalore District-607110. (3860)",MECHANICAL ENGINEERING (ME),82.0,,,,,,,Cuddalore
"Star Lion College of Engineering and Technology, Main Road, Manankorai, Thanjavur-614206. (3766)",Artificial Intelligence and Data Science (AD),,,,,,,,Thanjavur
"Star Lion College of Engineering and Technology, Main Road, Manankorai, Thanjavur-614206. (3766)",CIVIL  ENGINEERING (CE),,,,,,,,Thanjavur
"Star Lion College of Engineering and Technology, Main Road, Manankorai, Thanjavur-614206. (3766)",COMPUTER SCIENCE AND ENGINEERING (CS),112.0,,,,,,,Thanjavur
"Star Lion College of Engineering and Technology, Main Road, Manankorai, Thanjavur-614206. (3766)",COMPUTER SCIENCE AND ENGINEERING (AI AND MACHINE LEARNING) (AM),,,,,,,,Thanjavur
"Star Lion College of Engineering and Technology, Main Road, Manankorai, Thanjavur-614206. (3766)",ELECTRICAL AND ELECTRONICS ENGINEERING (EE),87.0,,,,,,,Thanjavur
"Star Lion College of Engineering and Technology, Main Road, Manankorai, Thanjavur-614206. (3766)",ELECTRONICS AND COMMUNICATION ENGINEERING (EC),,,,,,,,Thanjavur
"Star Lion College of Engineering and Technology, Main Road, Manankorai, Thanjavur-614206. (3766)",MECHANICAL ENGINEERING (ME),83.0,,,,,,,Thanjavur
"Stella Mary's College of Engineering, Arunthenkanvilai, Azhikal, Kanyakumari-629202. (4672)",Artificial Intelligence and Data Science (AD),139.0,102.0,113.0,93.0,125.5,,,Other
"Stella Mary's College of Engineering, Arunthenkanvilai, Azhikal, Kanyakumari-629202. (4672)",CIVIL  ENGINEERING (CE),97.5,,,,,,,Other
"Stella Mary's College of Engineering, Arunthenkanvilai, Azhikal, Kanyakumari-629202. (4672)",COMPUTER SCIENCE AND ENGINEERING (CS),138.5,113.0,133.0,92.5,101.5,,,Other
"Stella Mary's College of Engineering, Arunthenkanvilai, Azhikal, Kanyakumari-629202. (4672)",ELECTRICAL AND ELECTRONICS ENGINEERING (EE),99.0,84.0,91.0,93.0,,,,Other
"Stella Mary's College of Engineering, Arunthenkanvilai, Azhikal, Kanyakumari-629202. (4672)",ELECTRONICS AND COMMUNICATION ENGINEERING (EC),130.5,103.5,,83.5,120.5,,,Other
"Stella Mary's College of Engineering, Arunthenkanvilai, Azhikal, Kanyakumari-629202. (4672)",MECHANICAL ENGINEERING (ME),111.5,97.0,,100.5,,,,Other
"Studyworld College of Engineering, Alagu Nachiamman Koil Road, Palathurai Post, Coimbatore-641105. (2770)",Artificial Intelligence and Data Science (AD),122.5,102.0,109.0,101.0,101.5,,,Coimbatore
"Studyworld College of Engineering, Alagu Nachiamman Koil Road, Palathurai Post, Coimbatore-641105. (2770)",COMPUTER SCIENCE AND ENGINEERING (CS),115.5,91.5,100.0,98.0,92.5,83.0,,Coimbatore
"Studyworld College of Engineering, Alagu Nachiamman Koil Road, Palathurai Post, Coimbatore-641105. (2770)",COMPUTER SCIENCE AND ENGINEERING (AI AND MACHINE LEARNING) (AM),106.5,98.5,,,98.0,,,Coimbatore
"Studyworld College of Engineering, Alagu Nachiamman Koil Road, Palathurai Post, Coimbatore-641105. (2770)",Computer Science and Engineering (Cyber Security) (SC),130.5,93.0,112.0,110.0,105.0,,,Coimbatore
"Studyworld College of Engineering, Alagu Nachiamman Koil Road, Palathurai Post, Coimbatore-641105. (2770)",ELECTRICAL AND ELECTRONICS ENGINEERING (EE),102.5,102.0,,,88.0,,,Coimbatore
"Studyworld College of Engineering, Alagu Nachiamman Koil Road, Palathurai Post, Coimbatore-641105. (2770)",ELECTRONICS AND COMMUNICATION ENGINEERING (EC),105.5,89.5,,98.0,87.0,,,Coimbatore
"Studyworld College of Engineering, Alagu Nachiamman Koil Road, Palathurai Post, Coimbatore-641105. (2770)",INFORMATION TECHNOLOGY (IT),142.0,119.5,,113.5,126.0,,,Coimbatore
"Studyworld College of Engineering, Alagu Nachiamman Koil Road, Palathurai Post, Coimbatore-641105. (2770)",MECHANICAL ENGINEERING (ME),122.0,,,,,,,Coimbatore
"Sudharsan Engineering College, Sathiyamangalam, Kulathur Taluk, Pudukkottai District-622501. (3920)",Artificial Intelligence and Data Science (AD),118.5,80.0,85.0,104.0,82.0,,,Pudukkottai
"Sudharsan Engineering College, Sathiyamangalam, Kulathur Taluk, Pudukkottai District-622501. (3920)",CIVIL  ENGINEERING (CE),100.0,,,,,,,Pudukkottai
"Sudharsan Engineering College, Sathiyamangalam, Kulathur Taluk, Pudukkottai District-622501. (3920)",COMPUTER SCIENCE AND ENGINEERING (CS),123.0,82.5,,98.5,80.5,,,Pudukkottai
"Sudharsan Engineering College, Sathiyamangalam, Kulathur Taluk, Pudukkottai District-622501. (3920)",COMPUTER SCIENCE AND ENGINEERING (AI AND MACHINE LEARNING) (AM),94.5,,,,,,,Pudukkottai
"Sudharsan Engineering College, Sathiyamangalam, Kulathur Taluk, Pudukkottai District-622501. (3920)",ELECTRICAL AND ELECTRONICS ENGINEERING (EE),84.0,,,,,,,Pudukkottai
"Sudharsan Engineering College, Sathiyamangalam, Kulathur Taluk, Pudukkottai District-622501. (3920)",ELECTRONICS AND COMMUNICATION ENGINEERING (EC),118.0,,,,,,,Pudukkottai
"Sudharsan Engineering College, Sathiyamangalam, Kulathur Taluk, Pudukkottai District-622501. (3920)",MECHANICAL ENGINEERING (ME),,,,,,,,Pudukkottai
"Suguna College of Engineering, Nehru Nagar (West), Kalapatti Road, Civil Aerodrome (Post), Coimbatore-641014. (2360)",AGRICULTURAL ENGINEERING (AG),100.5,90.0,,82.0,93.0,,,Coimbatore
"Suguna College of Engineering, Nehru Nagar (West), Kalapatti Road, Civil Aerodrome (Post), Coimbatore-641014. (2360)",Artificial Intelligence and Data Science (AD),143.5,111.5,88.0,108.5,101.5,121.0,82.5,Coimbatore
"Suguna College of Engineering, Nehru Nagar (West), Kalapatti Road, Civil Aerodrome (Post), Coimbatore-641014. (2360)",COMPUTER SCIENCE AND ENGINEERING (CS),142.0,118.5,105.5,96.5,126.5,137.5,,Coimbatore
"Suguna College of Engineering, Nehru Nagar (West), Kalapatti Road, Civil Aerodrome (Post), Coimbatore-641014. (2360)",ELECTRONICS AND COMMUNICATION ENGINEERING (EC),127.0,102.0,,102.0,100.5,,87.0,Coimbatore
"Suguna College of Engineering, Nehru Nagar (West), Kalapatti Road, Civil Aerodrome (Post), Coimbatore-641014. (2360)",INFORMATION TECHNOLOGY (IT),135.5,112.5,,100.0,102.5,104.5,,Coimbatore
"Suguna College of Engineering, Nehru Nagar (West), Kalapatti Road, Civil Aerodrome (Post), Coimbatore-641014. (2360)",MECHANICAL ENGINEERING (ME),100.5,91.0,,83.0,80.0,100.0,,Coimbatore
"Suguna College of Engineering, Nehru Nagar (West), Kalapatti Road, Civil Aerodrome (Post), Coimbatore-641014. (2360)",Mechatronics Engineering (MZ),106.5,92.5,,85.5,84.0,,,Coimbatore
"Sun College of Engineering and Technology, Udaya Nagar, Ammandivilai & Post, Kadiyapattanam, Kanyakumari-629204. (4925)",Artificial Intelligence and Data Science (AD),100.5,,,,,,,Other
"Sun College of Engineering and Technology, Udaya Nagar, Ammandivilai & Post, Kadiyapattanam, Kanyakumari-629204. (4925)",AUTOMOBILE ENGINEERING (AU),,,,,,,,Other
"Sun College of Engineering and Technology, Udaya Nagar, Ammandivilai & Post, Kadiyapattanam, Kanyakumari-629204. (4925)",CHEMICAL  ENGINEERING (CH),84.0,,,,,,,Other
"Sun College of Engineering and Technology, Udaya Nagar, Ammandivilai & Post, Kadiyapattanam, Kanyakumari-629204. (4925)",COMPUTER SCIENCE AND ENGINEERING (CS),125.0,,,,,,,Other
"Sun College of Engineering and Technology, Udaya Nagar, Ammandivilai & Post, Kadiyapattanam, Kanyakumari-629204. (4925)",FOOD TECHNOLOGY (FD),85.0,,,,,,,Other
"Sun College of Engineering and Technology, Udaya Nagar, Ammandivilai & Post, Kadiyapattanam, Kanyakumari-629204. (4925)",INFORMATION TECHNOLOGY (IT),129.0,,,,,,,Other
"Sun College of Engineering and Technology, Udaya Nagar, Ammandivilai & Post, Kadiyapattanam, Kanyakumari-629204. (4925)",MEDICAL ELECTRONICS (MD),,,,,,,,Other
"Sun College of Engineering and Technology, Udaya Nagar, Ammandivilai & Post, Kadiyapattanam, Kanyakumari-629204. (4925)",PETRO CHEMICAL TECHNOLOGY (PC),123.5,,,,,,,Other
"Sun College of Engineering and Technology, Udaya Nagar, Ammandivilai & Post, Kadiyapattanam, Kanyakumari-629204. (4925)",PHARMACEUTICAL TECHNOLOGY (PH),93.0,,,,,,,Other
"Surya College of Engineering , Somu Nagar, Konalai, Tiruchirappalli-621132. (3460)",CIVIL  ENGINEERING (CE),,,,,,,,Tiruchirappalli
"Surya College of Engineering , Somu Nagar, Konalai, Tiruchirappalli-621132. (3460)",COMPUTER SCIENCE AND ENGINEERING (CS),93.0,,,,,,,Tiruchirappalli
"Surya College of Engineering , Somu Nagar, Konalai, Tiruchirappalli-621132. (3460)",ELECTRICAL AND ELECTRONICS ENGINEERING (EE),88.0,,,,,,,Tiruchirappalli
"Surya College of Engineering , Somu Nagar, Konalai, Tiruchirappalli-621132. (3460)",MECHANICAL ENGINEERING (ME),85.0,,,,,,,Tiruchirappalli
"Surya Engineering College, Perundurai Road,Manalmedu, Mettukadai,Kathirampatti Post, Erode-638107. (2748)",Artificial Intelligence and Data Science (AD),133.0,95.0,104.0,128.5,105.5,132.5,,Erode
"Surya Engineering College, Perundurai Road,Manalmedu, Mettukadai,Kathirampatti Post, Erode-638107. (2748)",BIO MEDICAL ENGINEERING (BM),106.5,80.5,,103.0,98.5,,,Erode
"Surya Engineering College, Perundurai Road,Manalmedu, Mettukadai,Kathirampatti Post, Erode-638107. (2748)",CIVIL  ENGINEERING (CE),81.25,,,,,,,Erode
"Surya Engineering College, Perundurai Road,Manalmedu, Mettukadai,Kathirampatti Post, Erode-638107. (2748)",COMPUTER SCIENCE AND ENGINEERING (CS),115.5,98.5,97.5,80.0,100.0,,101.5,Erode
"Surya Engineering College, Perundurai Road,Manalmedu, Mettukadai,Kathirampatti Post, Erode-638107. (2748)",COMPUTER SCIENCE AND ENGINEERING (AI AND MACHINE LEARNING) (AM),96.0,,,85.0,,,,Erode
"Surya Engineering College, Perundurai Road,Manalmedu, Mettukadai,Kathirampatti Post, Erode-638107. (2748)",Computer Science and Engineering (Cyber Security) (SC),108.0,,,102.0,100.0,108.0,,Erode
"Surya Engineering College, Perundurai Road,Manalmedu, Mettukadai,Kathirampatti Post, Erode-638107. (2748)",ELECTRICAL AND ELECTRONICS ENGINEERING (EE),94.5,,,,,,,Erode
"Surya Engineering College, Perundurai Road,Manalmedu, Mettukadai,Kathirampatti Post, Erode-638107. (2748)",ELECTRONICS AND COMMUNICATION ENGINEERING (EC),83.0,,,,,,,Erode
"Surya Engineering College, Perundurai Road,Manalmedu, Mettukadai,Kathirampatti Post, Erode-638107. (2748)",INFORMATION TECHNOLOGY (IT),103.0,87.5,,85.5,93.5,,,Erode
"Surya Engineering College, Perundurai Road,Manalmedu, Mettukadai,Kathirampatti Post, Erode-638107. (2748)",MECHANICAL ENGINEERING (ME),77.5,,,,,,,Erode
"Surya Group of Institutions, NH-45, GST Road, Vikiravandi, Villupuram-605652. (1434)",AERONAUTICAL ENGINEERING (AE),106.0,,,,,,,Villupuram
"Surya Group of Institutions, NH-45, GST Road, Vikiravandi, Villupuram-605652. (1434)",AGRICULTURAL ENGINEERING (AG),122.5,,,106.0,122.0,91.5,,Villupuram
"Surya Group of Institutions, NH-45, GST Road, Vikiravandi, Villupuram-605652. (1434)",Artificial Intelligence and Data Science (AD),131.5,86.5,,110.5,96.5,,,Villupuram
"Surya Group of Institutions, NH-45, GST Road, Vikiravandi, Villupuram-605652. (1434)",AUTOMOBILE ENGINEERING (AU),,,,,,,,Villupuram
"Surya Group of Institutions, NH-45, GST Road, Vikiravandi, Villupuram-605652. (1434)",CIVIL  ENGINEERING (CE),,,,,,,,Villupuram
"Surya Group of Institutions, NH-45, GST Road, Vikiravandi, Villupuram-605652. (1434)",COMPUTER SCIENCE AND ENGINEERING (CS),135.0,103.0,,102.0,103.5,,,Villupuram
"Surya Group of Institutions, NH-45, GST Road, Vikiravandi, Villupuram-605652. (1434)",Computer Science and Engineering (Cyber Security) (SC),102.0,,,88.5,,,,Villupuram
"Surya Group of Institutions, NH-45, GST Road, Vikiravandi, Villupuram-605652. (1434)",ELECTRICAL AND ELECTRONICS ENGINEERING (EE),90.5,,,,,,,Villupuram
"Surya Group of Institutions, NH-45, GST Road, Vikiravandi, Villupuram-605652. (1434)",ELECTRONICS AND COMMUNICATION ENGINEERING (EC),85.5,,,,,,,Villupuram
"Surya Group of Institutions, NH-45, GST Road, Vikiravandi, Villupuram-605652. (1434)",MECHANICAL ENGINEERING (ME),95.5,,,,,,,Villupuram
"Syed Ammal Engineering College (Autonomous), Dr. E.M.Abdullah Campus, Lanthai, Achunthanvayal Post, Ramanathapuram-623502. (5921)",Artificial Intelligence and Data Science (AD),153.0,135.5,151.5,130.5,116.0,,,Ramanathapuram
"Syed Ammal Engineering College (Autonomous), Dr. E.M.Abdullah Campus, Lanthai, Achunthanvayal Post, Ramanathapuram-623502. (5921)",BIO MEDICAL ENGINEERING (BM),127.0,107.0,124.5,,102.0,,,Ramanathapuram
"Syed Ammal Engineering College (Autonomous), Dr. E.M.Abdullah Campus, Lanthai, Achunthanvayal Post, Ramanathapuram-623502. (5921)",CIVIL  ENGINEERING (CE),88.5,,,,,,,Ramanathapuram
"Syed Ammal Engineering College (Autonomous), Dr. E.M.Abdullah Campus, Lanthai, Achunthanvayal Post, Ramanathapuram-623502. (5921)",COMPUTER SCIENCE AND BUSSINESS SYSTEM (CB),138.0,128.5,127.5,124.5,,,,Ramanathapuram
"Syed Ammal Engineering College (Autonomous), Dr. E.M.Abdullah Campus, Lanthai, Achunthanvayal Post, Ramanathapuram-623502. (5921)",COMPUTER SCIENCE AND ENGINEERING (CS),160.5,143.5,158.0,103.5,91.5,102.5,,Ramanathapuram
"Syed Ammal Engineering College (Autonomous), Dr. E.M.Abdullah Campus, Lanthai, Achunthanvayal Post, Ramanathapuram-623502. (5921)",ELECTRICAL AND ELECTRONICS ENGINEERING (EE),113.0,102.5,,93.0,103.0,,,Ramanathapuram
"Syed Ammal Engineering College (Autonomous), Dr. E.M.Abdullah Campus, Lanthai, Achunthanvayal Post, Ramanathapuram-623502. (5921)",ELECTRONICS AND COMMUNICATION ENGINEERING (EC),154.0,133.5,,96.5,83.0,,,Ramanathapuram
"Syed Ammal Engineering College (Autonomous), Dr. E.M.Abdullah Campus, Lanthai, Achunthanvayal Post, Ramanathapuram-623502. (5921)",INFORMATION TECHNOLOGY (IT),145.5,136.0,,84.5,85.0,,,Ramanathapuram
"Syed Ammal Engineering College (Autonomous), Dr. E.M.Abdullah Campus, Lanthai, Achunthanvayal Post, Ramanathapuram-623502. (5921)",MECHANICAL ENGINEERING (ME),119.5,89.0,,107.5,,,,Ramanathapuram
"T.J. Institute of Technology, Rajiv Gandhi Salai, Karapakkam, Chennai-600097. (1318)",Artificial Intelligence and Data Science (AD),92.0,,,92.0,,,,Chennai
"T.J. Institute of Technology, Rajiv Gandhi Salai, Karapakkam, Chennai-600097. (1318)",CIVIL  ENGINEERING (CE),,,,,,,,Chennai
"T.J. Institute of Technology, Rajiv Gandhi Salai, Karapakkam, Chennai-600097. (1318)",COMPUTER SCIENCE AND ENGINEERING (CS),82.0,,,,,,,Chennai
"T.J. Institute of Technology, Rajiv Gandhi Salai, Karapakkam, Chennai-600097. (1318)",COMPUTER SCIENCE AND ENGINEERING (AI AND MACHINE LEARNING) (AM),84.5,,,,,,,Chennai
"T.J. Institute of Technology, Rajiv Gandhi Salai, Karapakkam, Chennai-600097. (1318)",Computer Science and Engineering (Cyber Security) (SC),91.0,,,,,,,Chennai
"T.J. Institute of Technology, Rajiv Gandhi Salai, Karapakkam, Chennai-600097. (1318)",ELECTRICAL AND ELECTRONICS ENGINEERING (EE),,,,,,,,Chennai
"T.J. Institute of Technology, Rajiv Gandhi Salai, Karapakkam, Chennai-600097. (1318)",ELECTRONICS AND COMMUNICATION ENGINEERING (EC),110.5,,,,,,,Chennai
"T.J. Institute of Technology, Rajiv Gandhi Salai, Karapakkam, Chennai-600097. (1318)",INFORMATION TECHNOLOGY (IT),90.5,,,,,,,Chennai
"T.J. Institute of Technology, Rajiv Gandhi Salai, Karapakkam, Chennai-600097. (1318)",MECHANICAL ENGINEERING (ME),,,,,,,,Chennai
"T.J.S. Engineering College, Peruvoyal, Near Kavaraipettai,Gummidipoondi Taluk,Thiruvallur District-601206. (1241)",Artificial Intelligence and Data Science (AD),124.5,118.0,,116.5,85.0,,,Other
"T.J.S. Engineering College, Peruvoyal, Near Kavaraipettai,Gummidipoondi Taluk,Thiruvallur District-601206. (1241)",COMPUTER SCIENCE AND ENGINEERING (CS),136.5,116.0,123.5,125.5,81.5,,,Other
"T.J.S. Engineering College, Peruvoyal, Near Kavaraipettai,Gummidipoondi Taluk,Thiruvallur District-601206. (1241)",COMPUTER SCIENCE AND ENGINEERING (AI AND MACHINE LEARNING) (AM),134.5,101.5,,116.0,111.0,,,Other
"T.J.S. Engineering College, Peruvoyal, Near Kavaraipettai,Gummidipoondi Taluk,Thiruvallur District-601206. (1241)",ELECTRICAL AND ELECTRONICS ENGINEERING (EE),97.0,,88.5,94.5,88.0,,,Other
"T.J.S. Engineering College, Peruvoyal, Near Kavaraipettai,Gummidipoondi Taluk,Thiruvallur District-601206. (1241)",ELECTRONICS AND COMMUNICATION ENGINEERING (EC),114.5,85.5,,94.5,82.0,,,Other
"T.J.S. Engineering College, Peruvoyal, Near Kavaraipettai,Gummidipoondi Taluk,Thiruvallur District-601206. (1241)",INFORMATION TECHNOLOGY (IT),108.5,103.0,107.5,,87.5,,,Other
"T.J.S. Engineering College, Peruvoyal, Near Kavaraipettai,Gummidipoondi Taluk,Thiruvallur District-601206. (1241)",MECHANICAL ENGINEERING (ME),112.0,,,103.0,,,,Other
"T.S.M.Jain College of Technology, Melur,Kallakurichi Taluk,Villupuram District-606201. (1415)",CIVIL  ENGINEERING (CE),83.75,,,,,,,Kallakurichi
"T.S.M.Jain College of Technology, Melur,Kallakurichi Taluk,Villupuram District-606201. (1415)",COMPUTER SCIENCE AND ENGINEERING (CS),,,,,,,,Kallakurichi
"T.S.M.Jain College of Technology, Melur,Kallakurichi Taluk,Villupuram District-606201. (1415)",ELECTRICAL AND ELECTRONICS ENGINEERING (EE),,,,,,,,Kallakurichi
"T.S.M.Jain College of Technology, Melur,Kallakurichi Taluk,Villupuram District-606201. (1415)",ELECTRONICS AND COMMUNICATION ENGINEERING (EC),,,,,,,,Kallakurichi
"T.S.M.Jain College of Technology, Melur,Kallakurichi Taluk,Villupuram District-606201. (1415)",MECHANICAL ENGINEERING (ME),,,,,,,,Kallakurichi
"Tagore Engineering College, Rathinamangalam, Vandalur, Kanchipuram, Chennai-600127. (1420)",AERONAUTICAL ENGINEERING (AE),131.0,102.0,,119.5,83.5,,,Chennai
"Tagore Engineering College, Rathinamangalam, Vandalur, Kanchipuram, Chennai-600127. (1420)",Artificial Intelligence and Data Science (AD),153.0,127.5,96.0,122.5,117.0,,,Chennai
"Tagore Engineering College, Rathinamangalam, Vandalur, Kanchipuram, Chennai-600127. (1420)",COMPUTER SCIENCE AND ENGINEERING (CS),152.0,136.0,115.0,114.5,118.5,,,Chennai
"Tagore Engineering College, Rathinamangalam, Vandalur, Kanchipuram, Chennai-600127. (1420)",Computer Science and Engineering (Cyber Security) (SC),134.5,122.0,134.0,102.0,104.0,,,Chennai
"Tagore Engineering College, Rathinamangalam, Vandalur, Kanchipuram, Chennai-600127. (1420)",ELECTRONICS AND COMMUNICATION ENGINEERING (EC),146.0,130.0,132.0,107.5,119.0,,,Chennai
"Tagore Engineering College, Rathinamangalam, Vandalur, Kanchipuram, Chennai-600127. (1420)",INFORMATION TECHNOLOGY (IT),146.5,126.0,123.0,127.5,114.0,,,Chennai
"Tagore Engineering College, Rathinamangalam, Vandalur, Kanchipuram, Chennai-600127. (1420)",MECHANICAL ENGINEERING (ME),,,,,,,,Chennai
"Tagore Institute of Engineering and Technology, Salem-Chennai Bye Pass Road, Deviyakurichi (Po), Attur (Tk), Salem (Dt)-636112. (2646)",Artificial Intelligence and Data Science (AD),117.5,84.0,85.5,98.0,95.0,,,Chennai
"Tagore Institute of Engineering and Technology, Salem-Chennai Bye Pass Road, Deviyakurichi (Po), Attur (Tk), Salem (Dt)-636112. (2646)",CIVIL  ENGINEERING (CE),117.0,,,,,,,Chennai
"Tagore Institute of Engineering and Technology, Salem-Chennai Bye Pass Road, Deviyakurichi (Po), Attur (Tk), Salem (Dt)-636112. (2646)",COMPUTER SCIENCE AND ENGINEERING (CS),114.0,88.0,94.5,97.5,102.5,,,Chennai
"Tagore Institute of Engineering and Technology, Salem-Chennai Bye Pass Road, Deviyakurichi (Po), Attur (Tk), Salem (Dt)-636112. (2646)",COMPUTER SCIENCE AND ENGINEERING (AI AND MACHINE LEARNING) (AM),101.0,90.5,,86.0,,,,Chennai
"Tagore Institute of Engineering and Technology, Salem-Chennai Bye Pass Road, Deviyakurichi (Po), Attur (Tk), Salem (Dt)-636112. (2646)",ELECTRICAL AND ELECTRONICS ENGINEERING (EE),96.0,81.0,,86.0,,,,Chennai
"Tagore Institute of Engineering and Technology, Salem-Chennai Bye Pass Road, Deviyakurichi (Po), Attur (Tk), Salem (Dt)-636112. (2646)",ELECTRONICS AND COMMUNICATION ENGINEERING (EC),104.0,81.5,91.5,92.5,,,,Chennai
"Tagore Institute of Engineering and Technology, Salem-Chennai Bye Pass Road, Deviyakurichi (Po), Attur (Tk), Salem (Dt)-636112. (2646)",MECHANICAL ENGINEERING (ME),83.5,,,,,,,Chennai
"Tamilnadu College of Engineering, Palanisame Ravi Nagar, Karumathampatti Post, Coimbatore-641659. (2721)",Artificial Intelligence and Data Science (AD),142.5,125.0,,111.0,114.0,117.0,,Coimbatore
"Tamilnadu College of Engineering, Palanisame Ravi Nagar, Karumathampatti Post, Coimbatore-641659. (2721)",AUTOMOBILE ENGINEERING (AU),106.5,,,,,,,Coimbatore
"Tamilnadu College of Engineering, Palanisame Ravi Nagar, Karumathampatti Post, Coimbatore-641659. (2721)",CIVIL  ENGINEERING (CE),118.5,,,,,,,Coimbatore
"Tamilnadu College of Engineering, Palanisame Ravi Nagar, Karumathampatti Post, Coimbatore-641659. (2721)",COMPUTER SCIENCE AND ENGINEERING (CS),146.0,116.5,,107.0,95.5,,,Coimbatore
"Tamilnadu College of Engineering, Palanisame Ravi Nagar, Karumathampatti Post, Coimbatore-641659. (2721)",ELECTRICAL AND ELECTRONICS ENGINEERING (EE),118.0,,,,,,,Coimbatore
"Tamilnadu College of Engineering, Palanisame Ravi Nagar, Karumathampatti Post, Coimbatore-641659. (2721)",ELECTRONICS AND COMMUNICATION ENGINEERING (EC),138.5,98.5,,129.0,110.5,91.0,,Coimbatore
"Tamilnadu College of Engineering, Palanisame Ravi Nagar, Karumathampatti Post, Coimbatore-641659. (2721)",INFORMATION TECHNOLOGY (IT),127.5,92.0,,123.5,95.0,,,Coimbatore
"Tamilnadu College of Engineering, Palanisame Ravi Nagar, Karumathampatti Post, Coimbatore-641659. (2721)",INSTRUMENTATION AND CONTROL ENGINEERING (IC),99.5,,,89.5,98.0,,,Coimbatore
"Tamilnadu College of Engineering, Palanisame Ravi Nagar, Karumathampatti Post, Coimbatore-641659. (2721)",MECHANICAL ENGINEERING (ME),,,,,,,,Coimbatore
"Thamirabharani Engineering College, Ward - 1, Thatchanallur, Chattiram Puthukullam Village, Vepakullam - Chidhabra Nagar Road, Tirunelveli-627358. (4669)",Artificial Intelligence and Data Science (AD),82.0,,,,,,,Tirunelveli
"Thamirabharani Engineering College, Ward - 1, Thatchanallur, Chattiram Puthukullam Village, Vepakullam - Chidhabra Nagar Road, Tirunelveli-627358. (4669)",CIVIL  ENGINEERING (CE),107.0,,,,,,,Tirunelveli
"Thamirabharani Engineering College, Ward - 1, Thatchanallur, Chattiram Puthukullam Village, Vepakullam - Chidhabra Nagar Road, Tirunelveli-627358. (4669)",COMPUTER SCIENCE AND ENGINEERING (CS),107.5,85.5,,96.0,,,,Tirunelveli
"Thamirabharani Engineering College, Ward - 1, Thatchanallur, Chattiram Puthukullam Village, Vepakullam - Chidhabra Nagar Road, Tirunelveli-627358. (4669)",Computer Science and Engineering (Cyber Security) (SC),94.5,,,,,,,Tirunelveli
"Thamirabharani Engineering College, Ward - 1, Thatchanallur, Chattiram Puthukullam Village, Vepakullam - Chidhabra Nagar Road, Tirunelveli-627358. (4669)",ELECTRICAL AND ELECTRONICS ENGINEERING (EE),93.0,,,,,,,Tirunelveli
"Thamirabharani Engineering College, Ward - 1, Thatchanallur, Chattiram Puthukullam Village, Vepakullam - Chidhabra Nagar Road, Tirunelveli-627358. (4669)",ELECTRONICS AND COMMUNICATION ENGINEERING (EC),114.0,86.5,,91.0,113.0,,,Tirunelveli
"Thamirabharani Engineering College, Ward - 1, Thatchanallur, Chattiram Puthukullam Village, Vepakullam - Chidhabra Nagar Road, Tirunelveli-627358. (4669)",MECHANICAL ENGINEERING (ME),82.0,,,,,,,Tirunelveli
"Thangavelu Engineering College, Rajiv Gandhi Salai, Karapakkam, Chennai-600097. (1319)",Artificial Intelligence and Data Science (AD),115.5,87.0,,102.0,98.0,,,Chennai
"Thangavelu Engineering College, Rajiv Gandhi Salai, Karapakkam, Chennai-600097. (1319)",CIVIL  ENGINEERING (CE),,,,,,,,Chennai
"Thangavelu Engineering College, Rajiv Gandhi Salai, Karapakkam, Chennai-600097. (1319)",COMPUTER SCIENCE AND ENGINEERING (CS),91.0,,,,,,,Chennai
"Thangavelu Engineering College, Rajiv Gandhi Salai, Karapakkam, Chennai-600097. (1319)",ELECTRICAL AND ELECTRONICS ENGINEERING (EE),,,,,,,,Chennai
"Thangavelu Engineering College, Rajiv Gandhi Salai, Karapakkam, Chennai-600097. (1319)",ELECTRONICS AND COMMUNICATION ENGINEERING (EC),91.5,,,,,,,Chennai
"Thangavelu Engineering College, Rajiv Gandhi Salai, Karapakkam, Chennai-600097. (1319)",ELECTRONICS AND INSTRUMENTATION ENGINEERING (EI),100.0,,,,,,,Chennai
"Thangavelu Engineering College, Rajiv Gandhi Salai, Karapakkam, Chennai-600097. (1319)",INFORMATION TECHNOLOGY (IT),120.5,,,,,,,Chennai
"Thangavelu Engineering College, Rajiv Gandhi Salai, Karapakkam, Chennai-600097. (1319)",MECHANICAL ENGINEERING (ME),107.0,,,,,,,Chennai
Thanthai Periyar Government Institute of Technology  Bagayam  Vellore District 632002 (1516),CIVIL  ENGINEERING (CE),162.0,140.0,117.5,139.5,132.5,123.0,,Vellore
Thanthai Periyar Government Institute of Technology  Bagayam  Vellore District 632002 (1516),COMPUTER SCIENCE AND ENGINEERING (CS),184.5,178.5,177.0,179.0,161.0,161.0,166.0,Vellore
Thanthai Periyar Government Institute of Technology  Bagayam  Vellore District 632002 (1516),ELECTRICAL AND ELECTRONICS ENGINEERING (EE),172.0,166.5,152.5,163.0,143.0,159.0,149.0,Vellore
Thanthai Periyar Government Institute of Technology  Bagayam  Vellore District 632002 (1516),ELECTRONICS AND COMMUNICATION ENGINEERING (EC),178.5,172.0,169.0,173.5,151.5,129.0,166.0,Vellore
Thanthai Periyar Government Institute of Technology  Bagayam  Vellore District 632002 (1516),MECHANICAL ENGINEERING (ME),156.0,142.0,115.0,142.0,136.5,117.0,115.0,Vellore
"The Kavery Engineering College, M. Kalipatti, Mecheri (Post), Mettur Taluk, Salem District-636453. (2625)",AGRICULTURAL ENGINEERING (AG),103.5,,,89.0,,,,Salem
"The Kavery Engineering College, M. Kalipatti, Mecheri (Post), Mettur Taluk, Salem District-636453. (2625)",Artificial Intelligence and Data Science (AD),135.0,91.0,,109.0,110.0,122.0,,Salem
"The Kavery Engineering College, M. Kalipatti, Mecheri (Post), Mettur Taluk, Salem District-636453. (2625)",BIO MEDICAL ENGINEERING (BM),136.5,83.5,,118.0,96.5,104.5,,Salem
"The Kavery Engineering College, M. Kalipatti, Mecheri (Post), Mettur Taluk, Salem District-636453. (2625)",CHEMICAL  ENGINEERING (CH),120.5,,,95.5,,,,Salem
"The Kavery Engineering College, M. Kalipatti, Mecheri (Post), Mettur Taluk, Salem District-636453. (2625)",CIVIL  ENGINEERING (CE),122.5,92.0,,88.5,,,,Salem
"The Kavery Engineering College, M. Kalipatti, Mecheri (Post), Mettur Taluk, Salem District-636453. (2625)",COMPUTER SCIENCE AND ENGINEERING (CS),127.5,93.0,117.0,107.0,88.5,105.5,,Salem
"The Kavery Engineering College, M. Kalipatti, Mecheri (Post), Mettur Taluk, Salem District-636453. (2625)",ELECTRICAL AND ELECTRONICS ENGINEERING (EE),114.0,88.5,,103.5,,98.0,,Salem
"The Kavery Engineering College, M. Kalipatti, Mecheri (Post), Mettur Taluk, Salem District-636453. (2625)",ELECTRONICS AND COMMUNICATION ENGINEERING (EC),131.5,96.0,,106.0,84.5,,,Salem
"The Kavery Engineering College, M. Kalipatti, Mecheri (Post), Mettur Taluk, Salem District-636453. (2625)",INFORMATION TECHNOLOGY (IT),126.5,99.5,,109.0,96.5,108.5,92.5,Salem
"The Kavery Engineering College, M. Kalipatti, Mecheri (Post), Mettur Taluk, Salem District-636453. (2625)",MECHANICAL ENGINEERING (ME),108.5,105.5,,98.0,108.0,,,Salem
"Theni Kammavar Sangam College of Technology, Theni Main road, Koduvilarpatti (PO), Veerapandi(Via), Theni District-625534. (5988)",CIVIL  ENGINEERING (CE),90.5,,,,,,,Other
"Theni Kammavar Sangam College of Technology, Theni Main road, Koduvilarpatti (PO), Veerapandi(Via), Theni District-625534. (5988)",COMPUTER SCIENCE AND ENGINEERING (CS),143.5,103.5,138.5,111.5,115.5,,,Other
"Theni Kammavar Sangam College of Technology, Theni Main road, Koduvilarpatti (PO), Veerapandi(Via), Theni District-625534. (5988)",COMPUTER SCIENCE AND ENGINEERING (AI AND MACHINE LEARNING) (AM),107.0,91.0,92.0,89.5,88.0,,,Other
"Theni Kammavar Sangam College of Technology, Theni Main road, Koduvilarpatti (PO), Veerapandi(Via), Theni District-625534. (5988)",ELECTRICAL AND ELECTRONICS ENGINEERING (EE),84.0,,,,,,,Other
"Theni Kammavar Sangam College of Technology, Theni Main road, Koduvilarpatti (PO), Veerapandi(Via), Theni District-625534. (5988)",ELECTRONICS AND COMMUNICATION ENGINEERING (EC),105.5,104.5,,88.5,99.5,95.5,,Other
"Theni Kammavar Sangam College of Technology, Theni Main road, Koduvilarpatti (PO), Veerapandi(Via), Theni District-625534. (5988)",INFORMATION TECHNOLOGY (IT),121.0,86.5,,90.0,88.5,108.5,,Other
"Theni Kammavar Sangam College of Technology, Theni Main road, Koduvilarpatti (PO), Veerapandi(Via), Theni District-625534. (5988)",MECHANICAL ENGINEERING (ME),95.5,,,,,,,Other
Thiagarajar College of Engineering (Autonomous) Tirupparankundram  Madurai District 625015 (5008),CIVIL  ENGINEERING (CE),187.0,183.0,184.0,184.0,173.5,181.0,151.0,Madurai
Thiagarajar College of Engineering (Autonomous) Tirupparankundram  Madurai District 625015 (5008),CIVIL  ENGINEERING (SS) (CN),181.5,177.0,172.5,175.0,151.0,129.0,120.5,Madurai
Thiagarajar College of Engineering (Autonomous) Tirupparankundram  Madurai District 625015 (5008),Computer Science and Business System (SS) (CW),191.5,190.0,190.5,187.0,175.0,173.505,140.5,Madurai
Thiagarajar College of Engineering (Autonomous) Tirupparankundram  Madurai District 625015 (5008),COMPUTER SCIENCE AND ENGINEERING (CS),196.5,195.5,193.5,195.0,188.0,182.0,,Madurai
Thiagarajar College of Engineering (Autonomous) Tirupparankundram  Madurai District 625015 (5008),Computer Science and Engineering (Artificial Intelligence and Machine Learning) (SS) (CG),193.0,191.5,191.0,190.5,179.0,163.0,161.0,Madurai
Thiagarajar College of Engineering (Autonomous) Tirupparankundram  Madurai District 625015 (5008),COMPUTER SCIENCE AND ENGINEERING (SS) (CM),194.5,193.0,192.0,192.0,182.0,179.5,166.0,Madurai
Thiagarajar College of Engineering (Autonomous) Tirupparankundram  Madurai District 625015 (5008),ELECTRICAL AND ELECTRONICS ENGINEERING (EE),192.5,191.0,189.0,190.5,179.5,154.5,,Madurai
Thiagarajar College of Engineering (Autonomous) Tirupparankundram  Madurai District 625015 (5008),ELECTRICAL AND ELECTRONICS ENGINEERING (SS) (EY),190.5,190.0,186.5,187.0,174.5,148.5,,Madurai
Thiagarajar College of Engineering (Autonomous) Tirupparankundram  Madurai District 625015 (5008),ELECTRONICS AND COMMUNICATION ENGINEERING (EC),195.5,195.0,194.5,193.0,187.5,184.5,175.5,Madurai
Thiagarajar College of Engineering (Autonomous) Tirupparankundram  Madurai District 625015 (5008),ELECTRONICS AND COMMUNICATION ENGINEERING (SS) (EM),193.0,192.0,191.0,191.0,180.5,170.5,155.5,Madurai
Thiagarajar College of Engineering (Autonomous) Tirupparankundram  Madurai District 625015 (5008),INFORMATION TECHNOLOGY (SS) (IM),193.5,191.5,191.0,189.5,179.5,163.0,157.5,Madurai
Thiagarajar College of Engineering (Autonomous) Tirupparankundram  Madurai District 625015 (5008),Interior Design (SS) (ID),176.5,170.5,,167.0,144.0,107.0,,Madurai
Thiagarajar College of Engineering (Autonomous) Tirupparankundram  Madurai District 625015 (5008),MECHANICAL ENGINEERING (ME),188.0,186.0,182.5,184.0,169.0,163.0,,Madurai
Thiagarajar College of Engineering (Autonomous) Tirupparankundram  Madurai District 625015 (5008),MECHANICAL ENGINEERING (SS) (MF),184.5,182.5,179.0,178.0,159.0,132.0,140.0,Madurai
Thiagarajar College of Engineering (Autonomous) Tirupparankundram  Madurai District 625015 (5008),MECHATRONICS (SS) (MG),188.0,186.5,181.5,181.5,156.0,125.0,,Madurai
"Thirumalai Engineering College, Kilambi, Krishnapuram Post, Kanchipuram-631551. (1517)",AGRICULTURAL ENGINEERING (AG),97.0,,,,,,,Other
"Thirumalai Engineering College, Kilambi, Krishnapuram Post, Kanchipuram-631551. (1517)",Artificial Intelligence and Data Science (AD),117.5,95.0,,85.5,117.5,,,Other
"Thirumalai Engineering College, Kilambi, Krishnapuram Post, Kanchipuram-631551. (1517)",CIVIL  ENGINEERING (CE),96.0,,,,,,,Other
"Thirumalai Engineering College, Kilambi, Krishnapuram Post, Kanchipuram-631551. (1517)",COMPUTER SCIENCE AND ENGINEERING (CS),99.0,85.0,91.0,87.0,85.0,,,Other
"Thirumalai Engineering College, Kilambi, Krishnapuram Post, Kanchipuram-631551. (1517)",ELECTRICAL AND ELECTRONICS ENGINEERING (EE),98.0,,,,,,,Other
"Thirumalai Engineering College, Kilambi, Krishnapuram Post, Kanchipuram-631551. (1517)",ELECTRONICS AND COMMUNICATION ENGINEERING (EC),95.5,,,,,,,Other
"Thirumalai Engineering College, Kilambi, Krishnapuram Post, Kanchipuram-631551. (1517)",INFORMATION TECHNOLOGY (IT),119.0,93.0,,88.5,97.0,,,Other
"Thirumalai Engineering College, Kilambi, Krishnapuram Post, Kanchipuram-631551. (1517)",MECHANICAL ENGINEERING (ME),83.0,,,,,,,Other
"Thiruvalluvar College of Engineering and Technology, Arunachala City,Ponnur Hills, Vandavasi, Thiruvannamalai District-604505. (1518)",AERONAUTICAL ENGINEERING (AE),135.5,,,,,,,Other
"Thiruvalluvar College of Engineering and Technology, Arunachala City,Ponnur Hills, Vandavasi, Thiruvannamalai District-604505. (1518)",AUTOMOBILE ENGINEERING (AU),91.5,,,,,,,Other
"Thiruvalluvar College of Engineering and Technology, Arunachala City,Ponnur Hills, Vandavasi, Thiruvannamalai District-604505. (1518)",CIVIL  ENGINEERING (CE),95.5,,,,,,,Other
"Thiruvalluvar College of Engineering and Technology, Arunachala City,Ponnur Hills, Vandavasi, Thiruvannamalai District-604505. (1518)",COMPUTER SCIENCE AND ENGINEERING (CS),112.0,87.0,,88.5,85.0,,103.5,Other
"Thiruvalluvar College of Engineering and Technology, Arunachala City,Ponnur Hills, Vandavasi, Thiruvannamalai District-604505. (1518)",COMPUTER SCIENCE AND ENGINEERING (AI AND MACHINE LEARNING) (AM),104.5,93.0,,87.0,85.5,82.0,,Other
"Thiruvalluvar College of Engineering and Technology, Arunachala City,Ponnur Hills, Vandavasi, Thiruvannamalai District-604505. (1518)",ELECTRICAL AND ELECTRONICS ENGINEERING (EE),86.0,,,,,,,Other
"Thiruvalluvar College of Engineering and Technology, Arunachala City,Ponnur Hills, Vandavasi, Thiruvannamalai District-604505. (1518)",ELECTRONICS AND COMMUNICATION ENGINEERING (EC),100.0,,,80.0,,,,Other
"Thiruvalluvar College of Engineering and Technology, Arunachala City,Ponnur Hills, Vandavasi, Thiruvannamalai District-604505. (1518)",ELECTRONICS AND INSTRUMENTATION ENGINEERING (EI),96.5,,,,,,,Other
"Thiruvalluvar College of Engineering and Technology, Arunachala City,Ponnur Hills, Vandavasi, Thiruvannamalai District-604505. (1518)",INFORMATION TECHNOLOGY (IT),103.0,90.0,,88.5,86.5,,,Other
"Thiruvalluvar College of Engineering and Technology, Arunachala City,Ponnur Hills, Vandavasi, Thiruvannamalai District-604505. (1518)",MECHANICAL ENGINEERING (ME),95.0,,,,,,,Other
"Thiruvalluvar College of Engineering and Technology, Arunachala City,Ponnur Hills, Vandavasi, Thiruvannamalai District-604505. (1518)",PETRO CHEMICAL TECHNOLOGY (PC),,,,,,,,Other
"Trichy Engineering College, somu Nagr,Konalai, Tiruchirappalli-621132. (3820)",Artificial Intelligence and Data Science (AD),130.5,95.5,,94.5,99.5,90.0,,Tiruchirappalli
"Trichy Engineering College, somu Nagr,Konalai, Tiruchirappalli-621132. (3820)",CIVIL  ENGINEERING (CE),158.5,,,,,,,Tiruchirappalli
"Trichy Engineering College, somu Nagr,Konalai, Tiruchirappalli-621132. (3820)",COMPUTER SCIENCE AND ENGINEERING (CS),117.5,95.0,,96.0,83.0,,,Tiruchirappalli
"Trichy Engineering College, somu Nagr,Konalai, Tiruchirappalli-621132. (3820)",COMPUTER SCIENCE AND ENGINEERING (AI AND MACHINE LEARNING) (AM),129.5,,,,,,,Tiruchirappalli
"Trichy Engineering College, somu Nagr,Konalai, Tiruchirappalli-621132. (3820)",ELECTRICAL AND ELECTRONICS ENGINEERING (EE),112.0,,,,,,,Tiruchirappalli
"Trichy Engineering College, somu Nagr,Konalai, Tiruchirappalli-621132. (3820)",ELECTRONICS AND COMMUNICATION ENGINEERING (EC),109.0,,,,,,,Tiruchirappalli
"Trichy Engineering College, somu Nagr,Konalai, Tiruchirappalli-621132. (3820)",MECHANICAL ENGINEERING (ME),,,,,,,,Tiruchirappalli
"Trichy Engineering College, somu Nagr,Konalai, Tiruchirappalli-621132. (3820)",Mechatronics Engineering (MZ),134.0,,,,,,,Tiruchirappalli
"Udaya School of Engineering, Udaya Nagar, Vellamadi Junction,Ammandivilai Post, Kanyakumarai District, Nagercoil-629204. (4978)",AERONAUTICAL ENGINEERING (AE),97.0,,,,,,,Other
"Udaya School of Engineering, Udaya Nagar, Vellamadi Junction,Ammandivilai Post, Kanyakumarai District, Nagercoil-629204. (4978)",AGRICULTURAL ENGINEERING (AG),99.0,,,,,,,Other
"Udaya School of Engineering, Udaya Nagar, Vellamadi Junction,Ammandivilai Post, Kanyakumarai District, Nagercoil-629204. (4978)",BIO MEDICAL ENGINEERING (BM),91.5,86.5,,,,,,Other
"Udaya School of Engineering, Udaya Nagar, Vellamadi Junction,Ammandivilai Post, Kanyakumarai District, Nagercoil-629204. (4978)",BIO TECHNOLOGY (BT),94.5,,,,,,,Other
"Udaya School of Engineering, Udaya Nagar, Vellamadi Junction,Ammandivilai Post, Kanyakumarai District, Nagercoil-629204. (4978)",CIVIL  ENGINEERING (CE),117.0,,,,,,,Other
"Udaya School of Engineering, Udaya Nagar, Vellamadi Junction,Ammandivilai Post, Kanyakumarai District, Nagercoil-629204. (4978)",COMPUTER SCIENCE AND ENGINEERING (CS),83.0,,,,,,,Other
"Udaya School of Engineering, Udaya Nagar, Vellamadi Junction,Ammandivilai Post, Kanyakumarai District, Nagercoil-629204. (4978)",COMPUTER SCIENCE AND ENGINEERING (AI AND MACHINE LEARNING) (AM),81.5,,,,,,,Other
"Udaya School of Engineering, Udaya Nagar, Vellamadi Junction,Ammandivilai Post, Kanyakumarai District, Nagercoil-629204. (4978)",Computer Science and Engineering (Cyber Security) (SC),93.5,,,,,,,Other
"Udaya School of Engineering, Udaya Nagar, Vellamadi Junction,Ammandivilai Post, Kanyakumarai District, Nagercoil-629204. (4978)",ELECTRICAL AND ELECTRONICS ENGINEERING (EE),95.5,,,,,,,Other
"Udaya School of Engineering, Udaya Nagar, Vellamadi Junction,Ammandivilai Post, Kanyakumarai District, Nagercoil-629204. (4978)",ELECTRONICS AND COMMUNICATION ENGINEERING (EC),92.5,,,,,,,Other
"Udaya School of Engineering, Udaya Nagar, Vellamadi Junction,Ammandivilai Post, Kanyakumarai District, Nagercoil-629204. (4978)",MECHANICAL ENGINEERING (ME),82.0,,,,,,,Other
"Udaya School of Engineering, Udaya Nagar, Vellamadi Junction,Ammandivilai Post, Kanyakumarai District, Nagercoil-629204. (4978)",ROBOTICS AND AUTOMATION (RM),97.5,,,,,,,Other
"Ultra College of Engineering and Technology , 69/1, Ultra Nagar, Kodikulam I Bit, Madurai - Chennai Highway, Madurai-625104. (5942)",CIVIL  ENGINEERING (CE),91.5,,,,,,,Chennai
"Ultra College of Engineering and Technology , 69/1, Ultra Nagar, Kodikulam I Bit, Madurai - Chennai Highway, Madurai-625104. (5942)",COMPUTER SCIENCE AND ENGINEERING (CS),113.0,86.5,105.5,96.0,110.0,,,Chennai
"Ultra College of Engineering and Technology , 69/1, Ultra Nagar, Kodikulam I Bit, Madurai - Chennai Highway, Madurai-625104. (5942)",ELECTRICAL AND ELECTRONICS ENGINEERING (EE),,,,,,,,Chennai
"Ultra College of Engineering and Technology , 69/1, Ultra Nagar, Kodikulam I Bit, Madurai - Chennai Highway, Madurai-625104. (5942)",ELECTRONICS AND COMMUNICATION ENGINEERING (EC),94.0,,,,,,,Chennai
"Ultra College of Engineering and Technology , 69/1, Ultra Nagar, Kodikulam I Bit, Madurai - Chennai Highway, Madurai-625104. (5942)",INFORMATION TECHNOLOGY (IT),108.5,80.0,98.5,89.0,,,,Chennai
"Ultra College of Engineering and Technology , 69/1, Ultra Nagar, Kodikulam I Bit, Madurai - Chennai Highway, Madurai-625104. (5942)",MECHANICAL ENGINEERING (ME),90.0,,,,,,,Chennai
"United Institute of Technology (Autonomous), G.Koundampalayam, Periyanaickenpalayam, Coimbatore-641020. (2761)",Artificial Intelligence and Data Science (AD),142.0,119.0,132.5,118.5,103.0,110.5,,Coimbatore
"United Institute of Technology (Autonomous), G.Koundampalayam, Periyanaickenpalayam, Coimbatore-641020. (2761)",COMPUTER SCIENCE AND ENGINEERING (CS),144.5,130.5,,138.5,89.5,,,Coimbatore
"United Institute of Technology (Autonomous), G.Koundampalayam, Periyanaickenpalayam, Coimbatore-641020. (2761)",Computer Science and Engineering (Cyber Security) (SC),130.5,97.5,,117.0,104.5,120.0,114.0,Coimbatore
"United Institute of Technology (Autonomous), G.Koundampalayam, Periyanaickenpalayam, Coimbatore-641020. (2761)",ELECTRONICS AND COMMUNICATION ENGINEERING (EC),134.5,101.5,110.0,102.5,,,,Coimbatore
"United Institute of Technology (Autonomous), G.Koundampalayam, Periyanaickenpalayam, Coimbatore-641020. (2761)",INFORMATION TECHNOLOGY (IT),132.5,108.0,125.5,102.5,,,,Coimbatore
"United Institute of Technology (Autonomous), G.Koundampalayam, Periyanaickenpalayam, Coimbatore-641020. (2761)",ROBOTICS AND AUTOMATION (RM),114.5,88.5,,87.5,,,,Coimbatore
"Universal College of Engineering and Technology, Anbagam Campus, Kadambankulam, Villakku, Radhapuram Road, Vallioor, Tirunelveli-627117. (4675)",Artificial Intelligence and Data Science (AD),96.5,,,,,,,Tirunelveli
"Universal College of Engineering and Technology, Anbagam Campus, Kadambankulam, Villakku, Radhapuram Road, Vallioor, Tirunelveli-627117. (4675)",CIVIL  ENGINEERING (CE),90.5,,,,,,,Tirunelveli
"Universal College of Engineering and Technology, Anbagam Campus, Kadambankulam, Villakku, Radhapuram Road, Vallioor, Tirunelveli-627117. (4675)",COMPUTER SCIENCE AND BUSSINESS SYSTEM (CB),96.5,,,,,,,Tirunelveli
"Universal College of Engineering and Technology, Anbagam Campus, Kadambankulam, Villakku, Radhapuram Road, Vallioor, Tirunelveli-627117. (4675)",COMPUTER SCIENCE AND ENGINEERING (CS),116.5,83.0,,,,,,Tirunelveli
"Universal College of Engineering and Technology, Anbagam Campus, Kadambankulam, Villakku, Radhapuram Road, Vallioor, Tirunelveli-627117. (4675)",ELECTRICAL AND ELECTRONICS ENGINEERING (EE),86.0,,,,,,,Tirunelveli
"Universal College of Engineering and Technology, Anbagam Campus, Kadambankulam, Villakku, Radhapuram Road, Vallioor, Tirunelveli-627117. (4675)",ELECTRONICS AND COMMUNICATION ENGINEERING (EC),105.0,85.0,,,,,,Tirunelveli
"Universal College of Engineering and Technology, Anbagam Campus, Kadambankulam, Villakku, Radhapuram Road, Vallioor, Tirunelveli-627117. (4675)",MECHANICAL ENGINEERING (ME),89.5,,,,,,,Tirunelveli
University College of Engineering  Ariyalur  Kathankudikadu Village  Thelur Post  Ariyalur District 621704 (3016),CIVIL  ENGINEERING (CE),83.0,,,,,,,Ariyalur
University College of Engineering  Ariyalur  Kathankudikadu Village  Thelur Post  Ariyalur District 621704 (3016),CIVIL ENGINEERING (TAMIL MEDIUM) (XC),109.0,,,,,,,Ariyalur
University College of Engineering  Ariyalur  Kathankudikadu Village  Thelur Post  Ariyalur District 621704 (3016),COMPUTER SCIENCE AND ENGINEERING (CS),158.5,143.0,113.0,142.0,136.0,142.5,,Ariyalur
University College of Engineering  Ariyalur  Kathankudikadu Village  Thelur Post  Ariyalur District 621704 (3016),ELECTRICAL AND ELECTRONICS ENGINEERING (EE),123.0,100.5,,91.0,80.0,,,Ariyalur
University College of Engineering  Ariyalur  Kathankudikadu Village  Thelur Post  Ariyalur District 621704 (3016),ELECTRONICS AND COMMUNICATION ENGINEERING (EC),143.0,120.0,104.5,112.5,116.5,100.5,,Ariyalur
University College of Engineering  Ariyalur  Kathankudikadu Village  Thelur Post  Ariyalur District 621704 (3016),MECHANICAL ENGINEERING (ME),93.0,,,,,,,Ariyalur
University College of Engineering  Ariyalur  Kathankudikadu Village  Thelur Post  Ariyalur District 621704 (3016),MECHANICAL ENGINEERING (TAMIL MEDIUM) (XM),,,,,,,,Ariyalur
University College of Engineering  Arni  Arni to Devikapuram Road  Thatchur  Arni  Thiruvannamalai District 632326 (1015),COMPUTER SCIENCE AND ENGINEERING (CS),170.0,159.5,145.0,159.0,129.0,132.5,,Other
University College of Engineering  Arni  Arni to Devikapuram Road  Thatchur  Arni  Thiruvannamalai District 632326 (1015),ELECTRICAL AND ELECTRONICS ENGINEERING (EE),144.5,133.5,140.0,120.0,87.5,,,Other
University College of Engineering  Arni  Arni to Devikapuram Road  Thatchur  Arni  Thiruvannamalai District 632326 (1015),ELECTRONICS AND COMMUNICATION ENGINEERING (EC),158.0,143.0,106.5,147.5,125.5,91.5,,Other
University College of Engineering  Arni  Arni to Devikapuram Road  Thatchur  Arni  Thiruvannamalai District 632326 (1015),MECHANICAL ENGINEERING (ME),139.0,114.5,,95.0,79.5,,,Other
University College of Engineering  Arni  Arni to Devikapuram Road  Thatchur  Arni  Thiruvannamalai District 632326 (1015),MECHANICAL ENGINEERING (TAMIL MEDIUM) (XM),87.5,,,,,,,Other
University College of Engineering  Dindigul  Mangarai Pirivu  Reddiyarchathiram  Dindigul District 624622 (5022),CIVIL  ENGINEERING (CE),117.0,87.0,,107.0,94.0,,,Dindigul
University College of Engineering  Dindigul  Mangarai Pirivu  Reddiyarchathiram  Dindigul District 624622 (5022),CIVIL ENGINEERING (TAMIL MEDIUM) (XC),92.5,86.5,,,,,,Dindigul
University College of Engineering  Dindigul  Mangarai Pirivu  Reddiyarchathiram  Dindigul District 624622 (5022),COMPUTER SCIENCE AND ENGINEERING (CS),165.5,155.0,150.5,145.5,130.5,157.0,120.5,Dindigul
University College of Engineering  Dindigul  Mangarai Pirivu  Reddiyarchathiram  Dindigul District 624622 (5022),ELECTRICAL AND ELECTRONICS ENGINEERING (EE),133.0,95.5,,99.5,84.0,108.0,80.0,Dindigul
University College of Engineering  Dindigul  Mangarai Pirivu  Reddiyarchathiram  Dindigul District 624622 (5022),ELECTRONICS AND COMMUNICATION ENGINEERING (EC),149.0,136.5,146.5,122.5,115.5,114.5,,Dindigul
University College of Engineering  Dindigul  Mangarai Pirivu  Reddiyarchathiram  Dindigul District 624622 (5022),MECHANICAL ENGINEERING (ME),108.0,105.0,,98.0,90.5,,,Dindigul
University College of Engineering  Dindigul  Mangarai Pirivu  Reddiyarchathiram  Dindigul District 624622 (5022),MECHANICAL ENGINEERING (TAMIL MEDIUM) (XM),96.0,,,,,,,Dindigul
University College of Engineering  Kancheepuram  Ponnerikarai Campus  NH4  Chennai-Bangalore Highway  Karaipettai Village & Post  Kancheepuram District 631552 (1026),COMPUTER SCIENCE AND ENGINEERING (CS),178.5,166.0,167.0,173.0,160.5,127.5,132.0,Kancheepuram
University College of Engineering  Kancheepuram  Ponnerikarai Campus  NH4  Chennai-Bangalore Highway  Karaipettai Village & Post  Kancheepuram District 631552 (1026),ELECTRICAL AND ELECTRONICS ENGINEERING (EE),156.0,139.5,149.0,142.0,125.0,117.0,,Kancheepuram
University College of Engineering  Kancheepuram  Ponnerikarai Campus  NH4  Chennai-Bangalore Highway  Karaipettai Village & Post  Kancheepuram District 631552 (1026),ELECTRONICS AND COMMUNICATION ENGINEERING (EC),169.5,157.0,161.0,157.5,131.5,97.5,,Kancheepuram
University College of Engineering  Kancheepuram  Ponnerikarai Campus  NH4  Chennai-Bangalore Highway  Karaipettai Village & Post  Kancheepuram District 631552 (1026),MECHANICAL ENGINEERING (ME),139.0,121.5,,103.0,113.5,,,Kancheepuram
University College of Engineering  Nagercoil  Nagercoil Industrial Estate  Konam  Kanyakumari District 629004 (4023),CIVIL  ENGINEERING (CE),130.5,83.5,124.5,98.0,90.5,,,Other
University College of Engineering  Nagercoil  Nagercoil Industrial Estate  Konam  Kanyakumari District 629004 (4023),CIVIL ENGINEERING (TAMIL MEDIUM) (XC),92.5,,,,,,,Other
University College of Engineering  Nagercoil  Nagercoil Industrial Estate  Konam  Kanyakumari District 629004 (4023),COMPUTER SCIENCE AND ENGINEERING (CS),172.57,164.5,162.5,142.5,145.0,103.5,146.0,Other
University College of Engineering  Nagercoil  Nagercoil Industrial Estate  Konam  Kanyakumari District 629004 (4023),ELECTRICAL AND ELECTRONICS ENGINEERING (EE),150.0,138.0,138.5,117.5,96.0,,,Other
University College of Engineering  Nagercoil  Nagercoil Industrial Estate  Konam  Kanyakumari District 629004 (4023),ELECTRONICS AND COMMUNICATION ENGINEERING (EC),168.5,160.5,164.0,127.0,123.0,,,Other
University College of Engineering  Nagercoil  Nagercoil Industrial Estate  Konam  Kanyakumari District 629004 (4023),INFORMATION TECHNOLOGY (IT),167.0,159.0,151.0,134.5,128.5,,,Other
University College of Engineering  Nagercoil  Nagercoil Industrial Estate  Konam  Kanyakumari District 629004 (4023),MECHANICAL ENGINEERING (ME),134.5,113.5,113.0,86.5,100.5,,,Other
University College of Engineering  Nagercoil  Nagercoil Industrial Estate  Konam  Kanyakumari District 629004 (4023),MECHANICAL ENGINEERING (TAMIL MEDIUM) (XM),89.5,,,,,,,Other
University College of Engineering  Panruti  Chennai-Kumbakonam Highway  Panikkankuppam  Panruti  Cuddalore District 607106 (3019),CIVIL  ENGINEERING (CE),110.0,87.0,,86.5,97.5,,,Cuddalore
University College of Engineering  Panruti  Chennai-Kumbakonam Highway  Panikkankuppam  Panruti  Cuddalore District 607106 (3019),CIVIL ENGINEERING (TAMIL MEDIUM) (XC),102.0,,,96.5,88.0,,,Cuddalore
University College of Engineering  Panruti  Chennai-Kumbakonam Highway  Panikkankuppam  Panruti  Cuddalore District 607106 (3019),COMPUTER SCIENCE AND ENGINEERING (CS),162.5,145.5,,154.5,130.5,107.0,,Cuddalore
University College of Engineering  Panruti  Chennai-Kumbakonam Highway  Panikkankuppam  Panruti  Cuddalore District 607106 (3019),ELECTRICAL AND ELECTRONICS ENGINEERING (EE),133.5,108.0,,115.5,102.5,,,Cuddalore
University College of Engineering  Panruti  Chennai-Kumbakonam Highway  Panikkankuppam  Panruti  Cuddalore District 607106 (3019),ELECTRONICS AND COMMUNICATION ENGINEERING (EC),151.5,133.0,128.5,143.5,118.0,,,Cuddalore
University College of Engineering  Panruti  Chennai-Kumbakonam Highway  Panikkankuppam  Panruti  Cuddalore District 607106 (3019),MECHANICAL ENGINEERING (ME),122.0,95.0,,106.5,88.5,,,Cuddalore
University College of Engineering  Panruti  Chennai-Kumbakonam Highway  Panikkankuppam  Panruti  Cuddalore District 607106 (3019),MECHANICAL ENGINEERING (TAMIL MEDIUM) (XM),80.0,,,,,,,Cuddalore
University College of Engineering  Pattukkottai  ECR Road  Rajamadam  Pattukkottai Taluk  Thanjavur District 614701 (3021),CIVIL  ENGINEERING (CE),107.0,94.5,,103.0,,,,Thanjavur
University College of Engineering  Pattukkottai  ECR Road  Rajamadam  Pattukkottai Taluk  Thanjavur District 614701 (3021),CIVIL ENGINEERING (TAMIL MEDIUM) (XC),112.0,,,,,,,Thanjavur
University College of Engineering  Pattukkottai  ECR Road  Rajamadam  Pattukkottai Taluk  Thanjavur District 614701 (3021),COMPUTER SCIENCE AND ENGINEERING (CS),164.5,149.0,152.5,148.0,133.0,91.5,,Thanjavur
University College of Engineering  Pattukkottai  ECR Road  Rajamadam  Pattukkottai Taluk  Thanjavur District 614701 (3021),ELECTRICAL AND ELECTRONICS ENGINEERING (EE),134.5,88.5,130.5,114.5,105.5,,113.0,Thanjavur
University College of Engineering  Pattukkottai  ECR Road  Rajamadam  Pattukkottai Taluk  Thanjavur District 614701 (3021),ELECTRONICS AND COMMUNICATION ENGINEERING (EC),144.5,129.0,137.5,123.99,112.5,142.5,,Thanjavur
University College of Engineering  Pattukkottai  ECR Road  Rajamadam  Pattukkottai Taluk  Thanjavur District 614701 (3021),MECHANICAL ENGINEERING (ME),121.0,90.5,,115.5,,,,Thanjavur
University College of Engineering  Pattukkottai  ECR Road  Rajamadam  Pattukkottai Taluk  Thanjavur District 614701 (3021),MECHANICAL ENGINEERING (TAMIL MEDIUM) (XM),86.0,,,,,,,Thanjavur
University College of Engineering  Ramanathapuram  Pullangudi  Ramanathapuram District 623513 (5017),CIVIL  ENGINEERING (CE),85.0,,,,,,,Ramanathapuram
University College of Engineering  Ramanathapuram  Pullangudi  Ramanathapuram District 623513 (5017),CIVIL ENGINEERING (TAMIL MEDIUM) (XC),87.5,,,,,,,Ramanathapuram
University College of Engineering  Ramanathapuram  Pullangudi  Ramanathapuram District 623513 (5017),COMPUTER SCIENCE AND ENGINEERING (CS),155.5,132.5,118.5,128.5,117.0,,,Ramanathapuram
University College of Engineering  Ramanathapuram  Pullangudi  Ramanathapuram District 623513 (5017),Electrical and Computer Engineering (EF),127.0,101.5,,118.0,,,,Ramanathapuram
University College of Engineering  Ramanathapuram  Pullangudi  Ramanathapuram District 623513 (5017),ELECTRONICS AND COMMUNICATION ENGINEERING (EC),133.5,114.0,88.0,83.5,89.5,,,Ramanathapuram
University College of Engineering  Ramanathapuram  Pullangudi  Ramanathapuram District 623513 (5017),MECHANICAL ENGINEERING (ME),89.0,85.5,,,,,,Ramanathapuram
University College of Engineering  Ramanathapuram  Pullangudi  Ramanathapuram District 623513 (5017),MECHANICAL ENGINEERING (TAMIL MEDIUM) (XM),,,,,,,,Ramanathapuram
University College of Engineering  Thirukkuvalai  Nagappattinam District 610204 (3018),CIVIL  ENGINEERING (CE),96.0,,,,,,,Other
University College of Engineering  Thirukkuvalai  Nagappattinam District 610204 (3018),CIVIL ENGINEERING (TAMIL MEDIUM) (XC),98.5,,,98.0,85.5,,,Other
University College of Engineering  Thirukkuvalai  Nagappattinam District 610204 (3018),COMPUTER SCIENCE AND ENGINEERING (CS),151.5,139.5,120.0,130.5,127.0,,107.0,Other
University College of Engineering  Thirukkuvalai  Nagappattinam District 610204 (3018),ELECTRICAL AND ELECTRONICS ENGINEERING (EE),112.5,94.0,,87.5,92.0,88.5,,Other
University College of Engineering  Thirukkuvalai  Nagappattinam District 610204 (3018),ELECTRONICS AND COMMUNICATION ENGINEERING (EC),143.5,129.0,114.5,123.0,116.5,,,Other
University College of Engineering  Thirukkuvalai  Nagappattinam District 610204 (3018),MECHANICAL ENGINEERING (ME),92.5,90.5,,,,,,Other
University College of Engineering  Thirukkuvalai  Nagappattinam District 610204 (3018),MECHANICAL ENGINEERING (TAMIL MEDIUM) (XM),84.0,,,,,,,Other
University College of Engineering  Tindivanam  Melpakkam  Tindivanam  Villupuram District 604001 (1014),CIVIL  ENGINEERING (CE),126.5,89.0,,90.0,106.0,102.5,,Villupuram
University College of Engineering  Tindivanam  Melpakkam  Tindivanam  Villupuram District 604001 (1014),CIVIL ENGINEERING (TAMIL MEDIUM) (XC),142.5,109.0,,84.0,113.0,129.5,,Villupuram
University College of Engineering  Tindivanam  Melpakkam  Tindivanam  Villupuram District 604001 (1014),COMPUTER SCIENCE AND ENGINEERING (CS),172.5,157.5,161.5,159.0,146.5,97.0,,Villupuram
University College of Engineering  Tindivanam  Melpakkam  Tindivanam  Villupuram District 604001 (1014),ELECTRONICS AND COMMUNICATION ENGINEERING (EC),164.0,142.5,154.0,147.0,126.0,128.0,,Villupuram
University College of Engineering  Tindivanam  Melpakkam  Tindivanam  Villupuram District 604001 (1014),INFORMATION TECHNOLOGY (IT),171.0,152.5,144.0,155.5,129.0,107.5,121.0,Villupuram
University College of Engineering  Tiruchirappalli  (Bharathidasan Institute of Technology)  Tiruchirappalli District 620024 (3011),BIO TECHNOLOGY (BT),168.0,153.0,150.5,142.5,151.5,121.0,122.0,Tiruchirappalli
University College of Engineering  Tiruchirappalli  (Bharathidasan Institute of Technology)  Tiruchirappalli District 620024 (3011),CIVIL  ENGINEERING (CE),160.0,136.5,117.0,138.0,120.5,111.0,125.0,Tiruchirappalli
University College of Engineering  Tiruchirappalli  (Bharathidasan Institute of Technology)  Tiruchirappalli District 620024 (3011),Civil Engineering (Environmental Engineering) (CK),129.0,85.5,,119.0,97.0,,,Tiruchirappalli
University College of Engineering  Tiruchirappalli  (Bharathidasan Institute of Technology)  Tiruchirappalli District 620024 (3011),CIVIL ENGINEERING (TAMIL MEDIUM) (XC),150.0,83.5,,105.5,101.0,141.5,116.0,Tiruchirappalli
University College of Engineering  Tiruchirappalli  (Bharathidasan Institute of Technology)  Tiruchirappalli District 620024 (3011),COMPUTER SCIENCE AND ENGINEERING (CS),184.5,178.0,174.0,180.0,174.0,155.0,133.0,Tiruchirappalli
University College of Engineering  Tiruchirappalli  (Bharathidasan Institute of Technology)  Tiruchirappalli District 620024 (3011),COMPUTER SCIENCE AND ENGINEERING (AI AND MACHINE LEARNING) (AM),176.0,169.0,162.5,169.5,162.5,155.5,,Tiruchirappalli
University College of Engineering  Tiruchirappalli  (Bharathidasan Institute of Technology)  Tiruchirappalli District 620024 (3011),COMPUTER SCIENCE AND ENGINEERING (DATA SCIENCE) (CF),175.0,168.0,162.0,170.5,155.0,129.5,,Tiruchirappalli
University College of Engineering  Tiruchirappalli  (Bharathidasan Institute of Technology)  Tiruchirappalli District 620024 (3011),Electrical and Computer Engineering (EF),160.5,146.5,157.5,147.0,126.5,109.0,,Tiruchirappalli
University College of Engineering  Tiruchirappalli  (Bharathidasan Institute of Technology)  Tiruchirappalli District 620024 (3011),ELECTRICAL AND ELECTRONICS ENGINEERING (EE),168.0,157.0,142.5,155.0,144.5,115.0,122.5,Tiruchirappalli
University College of Engineering  Tiruchirappalli  (Bharathidasan Institute of Technology)  Tiruchirappalli District 620024 (3011),ELECTRONICS AND COMMUNICATION ENGINEERING (EC),178.5,171.5,163.0,172.5,164.5,159.0,112.5,Tiruchirappalli
University College of Engineering  Tiruchirappalli  (Bharathidasan Institute of Technology)  Tiruchirappalli District 620024 (3011),Electronics Engineering (VLSI Design and Technology) (EV),163.5,156.5,148.0,151.0,137.0,108.5,,Tiruchirappalli
University College of Engineering  Tiruchirappalli  (Bharathidasan Institute of Technology)  Tiruchirappalli District 620024 (3011),INFORMATION TECHNOLOGY (IT),181.5,172.5,176.5,173.5,167.5,148.0,140.5,Tiruchirappalli
University College of Engineering  Tiruchirappalli  (Bharathidasan Institute of Technology)  Tiruchirappalli District 620024 (3011),Mechanical and Smart Manufacturing (MJ),128.5,92.0,120.5,92.5,107.0,,,Tiruchirappalli
University College of Engineering  Tiruchirappalli  (Bharathidasan Institute of Technology)  Tiruchirappalli District 620024 (3011),MECHANICAL ENGINEERING (ME),157.0,142.5,96.0,132.5,140.5,113.0,,Tiruchirappalli
University College of Engineering  Tiruchirappalli  (Bharathidasan Institute of Technology)  Tiruchirappalli District 620024 (3011),Mechanical Engineering (Automobile) (MB),138.5,118.0,120.0,102.0,98.0,,,Tiruchirappalli
University College of Engineering  Tiruchirappalli  (Bharathidasan Institute of Technology)  Tiruchirappalli District 620024 (3011),MECHANICAL ENGINEERING (TAMIL MEDIUM) (XM),101.0,,,,,85.5,,Tiruchirappalli
University College of Engineering  Tiruchirappalli  (Bharathidasan Institute of Technology)  Tiruchirappalli District 620024 (3011),PETRO CHEMICAL TECHNOLOGY (PC),153.0,131.5,92.5,130.5,97.5,134.5,129.0,Tiruchirappalli
University College of Engineering  Tiruchirappalli  (Bharathidasan Institute of Technology)  Tiruchirappalli District 620024 (3011),PHARMACEUTICAL TECHNOLOGY (PH),159.5,142.0,154.5,123.5,108.0,,,Tiruchirappalli
University College of Engineering  Villupuram  Kakuppam  Villupuram District 605103 (1013),COMPUTER SCIENCE AND ENGINEERING (CS),181.5,165.5,166.5,168.5,153.0,125.5,149.5,Villupuram
University College of Engineering  Villupuram  Kakuppam  Villupuram District 605103 (1013),ELECTRONICS AND COMMUNICATION ENGINEERING (EC),168.0,151.5,149.5,151.0,131.0,137.0,99.5,Villupuram
University College of Engineering  Villupuram  Kakuppam  Villupuram District 605103 (1013),INFORMATION TECHNOLOGY (IT),172.5,155.5,153.0,157.815,147.5,149.0,,Villupuram
University College of Engineering  Villupuram  Kakuppam  Villupuram District 605103 (1013),MECHANICAL ENGINEERING (ME),137.5,92.0,122.5,99.0,103.0,,,Villupuram
University College of Engineering  Villupuram  Kakuppam  Villupuram District 605103 (1013),MECHANICAL ENGINEERING (TAMIL MEDIUM) (XM),100.5,,,87.0,97.5,,,Villupuram
University Departments of Anna University  Chennai - ACT Campus  Sardar Patel Road  Guindy  Chennai 600 025 (2),APPAREL TECHNOLOGY (SS) (AP),171.5,164.0,158.5,157.5,152.5,,152.5,Chennai
University Departments of Anna University  Chennai - ACT Campus  Sardar Patel Road  Guindy  Chennai 600 025 (2),CERAMIC TECHNOLOGY (SS) (CR),175.0,166.5,155.5,168.0,149.5,130.5,175.5,Chennai
University Departments of Anna University  Chennai - ACT Campus  Sardar Patel Road  Guindy  Chennai 600 025 (2),CHEMICAL  ENGINEERING (CH),192.5,190.5,190.0,189.5,181.5,180.5,159.0,Chennai
University Departments of Anna University  Chennai - ACT Campus  Sardar Patel Road  Guindy  Chennai 600 025 (2),CHEMICAL  ENGINEERING (SS) (CL),190.0,187.0,189.5,186.0,177.0,164.5,148.5,Chennai
University Departments of Anna University  Chennai - ACT Campus  Sardar Patel Road  Guindy  Chennai 600 025 (2),FOOD TECHNOLOGY (SS) (FS),184.5,180.0,182.0,180.0,171.5,,,Chennai
University Departments of Anna University  Chennai - ACT Campus  Sardar Patel Road  Guindy  Chennai 600 025 (2),INDUSTRIAL BIO TECHNOLOGY (IB),192.0,188.0,190.5,189.0,174.0,167.5,,Chennai
University Departments of Anna University  Chennai - ACT Campus  Sardar Patel Road  Guindy  Chennai 600 025 (2),INDUSTRIAL BIO TECHNOLOGY (SS) (IS),190.5,187.0,189.5,182.0,179.5,161.5,,Chennai
University Departments of Anna University  Chennai - ACT Campus  Sardar Patel Road  Guindy  Chennai 600 025 (2),LEATHER TECHNOLOGY (LE),171.0,162.0,156.5,158.5,157.5,119.0,,Chennai
University Departments of Anna University  Chennai - ACT Campus  Sardar Patel Road  Guindy  Chennai 600 025 (2),PETROLEUM ENGINEERING AND TECHNOLOGY (SS) (PP),185.5,178.0,178.5,179.5,174.5,162.0,164.0,Chennai
University Departments of Anna University  Chennai - ACT Campus  Sardar Patel Road  Guindy  Chennai 600 025 (2),PHARMACEUTICAL TECHNOLOGY (SS) (PM),185.0,176.0,179.0,179.0,164.5,134.0,,Chennai
University Departments of Anna University  Chennai - ACT Campus  Sardar Patel Road  Guindy  Chennai 600 025 (2),TEXTILE TECHNOLOGY (TX),175.5,164.0,154.5,160.5,164.0,119.0,,Chennai
University Departments of Anna University  Chennai - CEG Campus  Sardar Patel Road  Guindy  Chennai 600 025 (1),BIO MEDICAL ENGINEERING  (SS) (BY),195.0,192.0,193.0,193.0,182.5,168.0,,Chennai
University Departments of Anna University  Chennai - CEG Campus  Sardar Patel Road  Guindy  Chennai 600 025 (1),CIVIL  ENGINEERING (CE),195.0,192.0,190.0,193.5,186.0,176.0,,Chennai
University Departments of Anna University  Chennai - CEG Campus  Sardar Patel Road  Guindy  Chennai 600 025 (1),CIVIL ENGINEERING (TAMIL MEDIUM) (XC),188.405,179.0,181.0,181.5,167.0,156.5,,Chennai
University Departments of Anna University  Chennai - CEG Campus  Sardar Patel Road  Guindy  Chennai 600 025 (1),COMPUTER SCIENCE AND ENGINEERING (CS),200.0,199.5,198.5,199.5,197.5,195.0,191.5,Chennai
University Departments of Anna University  Chennai - CEG Campus  Sardar Patel Road  Guindy  Chennai 600 025 (1),COMPUTER SCIENCE AND ENGINEERING (SS) (CM),199.5,199.0,198.0,199.0,195.5,190.5,,Chennai
University Departments of Anna University  Chennai - CEG Campus  Sardar Patel Road  Guindy  Chennai 600 025 (1),ELECTRICAL AND ELECTRONICS ENGINEERING (EE),197.5,196.5,196.5,196.0,192.5,187.5,190.0,Chennai
University Departments of Anna University  Chennai - CEG Campus  Sardar Patel Road  Guindy  Chennai 600 025 (1),ELECTRONICS AND COMMUNICATION ENGINEERING (EC),199.5,199.0,197.5,198.5,197.0,196.0,,Chennai
University Departments of Anna University  Chennai - CEG Campus  Sardar Patel Road  Guindy  Chennai 600 025 (1),ELECTRONICS AND COMMUNICATION ENGINEERING (SS) (EM),198.5,198.5,197.5,197.5,194.0,191.5,180.5,Chennai
University Departments of Anna University  Chennai - CEG Campus  Sardar Patel Road  Guindy  Chennai 600 025 (1),Electronics Engineering (VLSI Design and Technology) (SS) (EL),197.0,196.5,194.5,195.5,191.0,,164.0,Chennai
University Departments of Anna University  Chennai - CEG Campus  Sardar Patel Road  Guindy  Chennai 600 025 (1),GEO INFORMATICS (GI),191.0,188.0,189.0,186.0,177.0,175.0,,Chennai
University Departments of Anna University  Chennai - CEG Campus  Sardar Patel Road  Guindy  Chennai 600 025 (1),INDUSTRIAL ENGINEERING (IE),190.5,186.0,186.0,185.0,176.5,163.5,167.0,Chennai
University Departments of Anna University  Chennai - CEG Campus  Sardar Patel Road  Guindy  Chennai 600 025 (1),INFORMATION TECHNOLOGY (SS) (IM),198.5,198.0,197.5,197.5,193.5,191.0,193.0,Chennai
University Departments of Anna University  Chennai - CEG Campus  Sardar Patel Road  Guindy  Chennai 600 025 (1),MANUFACTURING ENGINEERING (MN),188.585,184.0,186.5,184.5,175.0,164.0,168.5,Chennai
University Departments of Anna University  Chennai - CEG Campus  Sardar Patel Road  Guindy  Chennai 600 025 (1),MATERIAL SCIENCE AND ENGINEERING (SS) (MA),189.5,186.0,189.0,185.0,175.0,157.5,,Chennai
University Departments of Anna University  Chennai - CEG Campus  Sardar Patel Road  Guindy  Chennai 600 025 (1),MECHANICAL ENGINEERING (ME),194.5,192.5,193.5,192.5,187.0,182.5,184.5,Chennai
University Departments of Anna University  Chennai - CEG Campus  Sardar Patel Road  Guindy  Chennai 600 025 (1),MECHANICAL ENGINEERING (TAMIL MEDIUM) (XM),187.5,179.5,186.0,179.0,163.5,,158.5,Chennai
University Departments of Anna University  Chennai - CEG Campus  Sardar Patel Road  Guindy  Chennai 600 025 (1),MINING ENGINEERING (MI),191.5,186.5,186.0,189.5,181.0,164.5,,Chennai
University Departments of Anna University  Chennai - CEG Campus  Sardar Patel Road  Guindy  Chennai 600 025 (1),PRINTING & PACKING TECHNOLOGY (PT),184.5,176.5,166.5,173.0,167.0,149.0,167.5,Chennai
University Departments of Anna University  Chennai - MIT Campus  Chrompet  Tambaram Taluk  Chengalpattu District 600 044 (4),AERONAUTICAL ENGINEERING (AE),196.0,193.5,190.5,194.0,191.5,175.5,168.0,Chengalpattu
University Departments of Anna University  Chennai - MIT Campus  Chrompet  Tambaram Taluk  Chengalpattu District 600 044 (4),ARTIFICIAL INTELLIGENCE AND DATA SCIENCE (SS) (AT),198.0,197.5,196.0,197.0,193.5,188.0,,Chengalpattu
University Departments of Anna University  Chennai - MIT Campus  Chrompet  Tambaram Taluk  Chengalpattu District 600 044 (4),AUTOMOBILE ENGINEERING (AU),191.5,189.0,189.0,187.5,179.5,164.0,,Chengalpattu
University Departments of Anna University  Chennai - MIT Campus  Chrompet  Tambaram Taluk  Chengalpattu District 600 044 (4),COMPUTER SCIENCE AND ENGINEERING (CS),199.0,198.5,198.0,197.5,195.5,190.0,194.0,Chengalpattu
University Departments of Anna University  Chennai - MIT Campus  Chrompet  Tambaram Taluk  Chengalpattu District 600 044 (4),COMPUTER SCIENCE AND ENGINEERING (SS) (CM),198.0,197.5,197.0,197.0,193.0,190.5,186.5,Chengalpattu
University Departments of Anna University  Chennai - MIT Campus  Chrompet  Tambaram Taluk  Chengalpattu District 600 044 (4),ELECTRONICS AND COMMUNICATION ENGINEERING (EC),198.0,197.5,197.0,197.0,193.5,191.0,193.5,Chengalpattu
University Departments of Anna University  Chennai - MIT Campus  Chrompet  Tambaram Taluk  Chengalpattu District 600 044 (4),ELECTRONICS AND COMMUNICATION ENGINEERING (SS) (EM),197.5,197.0,196.5,196.5,192.0,190.0,182.5,Chengalpattu
University Departments of Anna University  Chennai - MIT Campus  Chrompet  Tambaram Taluk  Chengalpattu District 600 044 (4),ELECTRONICS AND INSTRUMENTATION ENGINEERING (EI),196.0,195.0,194.5,194.5,187.5,,163.0,Chengalpattu
University Departments of Anna University  Chennai - MIT Campus  Chrompet  Tambaram Taluk  Chengalpattu District 600 044 (4),INFORMATION TECHNOLOGY (SS) (IM),197.245,196.5,197.0,196.5,191.5,185.5,188.5,Chengalpattu
University Departments of Anna University  Chennai - MIT Campus  Chrompet  Tambaram Taluk  Chengalpattu District 600 044 (4),PRODUCTION ENGINEERING (PR),188.5,183.5,186.0,183.0,178.5,167.0,,Chengalpattu
University Departments of Anna University  Chennai - MIT Campus  Chrompet  Tambaram Taluk  Chengalpattu District 600 044 (4),ROBOTICS AND AUTOMATION (SS) (RA),195.5,194.5,195.5,193.5,187.0,183.0,,Chengalpattu
University Departments of Anna University  Chennai - MIT Campus  Chrompet  Tambaram Taluk  Chengalpattu District 600 044 (4),RUBBER AND PLASTIC TECHNOLOGY (RP),181.33,173.5,172.5,171.5,165.0,146.0,,Chengalpattu
University V.O.C. College of Engineering  Thoothukudi  Near V.O.C. College  Millerpuram  Thoothukudi District 628008 (4024),CIVIL  ENGINEERING (CE),115.5,97.5,,98.5,97.5,,,Thoothukudi
University V.O.C. College of Engineering  Thoothukudi  Near V.O.C. College  Millerpuram  Thoothukudi District 628008 (4024),CIVIL ENGINEERING (TAMIL MEDIUM) (XC),108.0,,,,,,,Thoothukudi
University V.O.C. College of Engineering  Thoothukudi  Near V.O.C. College  Millerpuram  Thoothukudi District 628008 (4024),ELECTRICAL AND ELECTRONICS ENGINEERING (EE),144.0,112.5,158.0,127.5,103.0,102.5,,Thoothukudi
University V.O.C. College of Engineering  Thoothukudi  Near V.O.C. College  Millerpuram  Thoothukudi District 628008 (4024),ELECTRONICS AND COMMUNICATION ENGINEERING (EC),163.0,151.5,154.5,133.0,120.0,133.0,,Thoothukudi
University V.O.C. College of Engineering  Thoothukudi  Near V.O.C. College  Millerpuram  Thoothukudi District 628008 (4024),MECHANICAL ENGINEERING (ME),95.0,,,,,,,Thoothukudi
University V.O.C. College of Engineering  Thoothukudi  Near V.O.C. College  Millerpuram  Thoothukudi District 628008 (4024),MECHANICAL ENGINEERING (TAMIL MEDIUM) (XM),104.5,,,,,,,Thoothukudi
"Unnamalai Institute of Technology, Suba Nagar, Ayyaneri Post, Kovilpatti, Thoothukudi District-628502. (4941)",Artificial Intelligence and Data Science (AD),82.0,,,,,,,Thoothukudi
"Unnamalai Institute of Technology, Suba Nagar, Ayyaneri Post, Kovilpatti, Thoothukudi District-628502. (4941)",COMPUTER SCIENCE AND ENGINEERING (CS),118.0,80.0,,90.5,99.0,,,Thoothukudi
"Unnamalai Institute of Technology, Suba Nagar, Ayyaneri Post, Kovilpatti, Thoothukudi District-628502. (4941)",Computer Science and Engineering (Cyber Security) (SC),83.5,,,,,,,Thoothukudi
"Unnamalai Institute of Technology, Suba Nagar, Ayyaneri Post, Kovilpatti, Thoothukudi District-628502. (4941)",ELECTRICAL AND ELECTRONICS ENGINEERING (EE),82.0,,,,,,,Thoothukudi
"Unnamalai Institute of Technology, Suba Nagar, Ayyaneri Post, Kovilpatti, Thoothukudi District-628502. (4941)",ELECTRONICS AND COMMUNICATION ENGINEERING (EC),88.5,,,,,,,Thoothukudi
"V S A Group of Institutions, NH-47 Main Road, Uthamasolapuram Post, Salem-636010. (2658)",BIO MEDICAL ENGINEERING (BM),82.0,,,,,,,Salem
"V S A Group of Institutions, NH-47 Main Road, Uthamasolapuram Post, Salem-636010. (2658)",CIVIL  ENGINEERING (CE),,,,,,,,Salem
"V S A Group of Institutions, NH-47 Main Road, Uthamasolapuram Post, Salem-636010. (2658)",COMPUTER SCIENCE AND ENGINEERING (CS),90.5,,,,,87.0,,Salem
"V S A Group of Institutions, NH-47 Main Road, Uthamasolapuram Post, Salem-636010. (2658)",ELECTRICAL AND ELECTRONICS ENGINEERING (EE),93.5,,,,,,,Salem
"V S A Group of Institutions, NH-47 Main Road, Uthamasolapuram Post, Salem-636010. (2658)",ELECTRONICS AND COMMUNICATION ENGINEERING (EC),83.5,,,,,,,Salem
"V S A Group of Institutions, NH-47 Main Road, Uthamasolapuram Post, Salem-636010. (2658)",INFORMATION TECHNOLOGY (IT),102.5,,93.5,96.5,98.0,100.0,,Salem
"V S A Group of Institutions, NH-47 Main Road, Uthamasolapuram Post, Salem-636010. (2658)",MECHANICAL ENGINEERING (ME),,,,,,,,Salem
"V S B Engineering College (Autonomous), N.H.67, Covai Road, Karudayampalayam (Village & Post), Aravakurichi (TK), Karur-639111. (2622)",Artificial Intelligence and Data Science (AD),164.0,149.5,147.5,137.5,91.0,132.5,112.0,Karur
"V S B Engineering College (Autonomous), N.H.67, Covai Road, Karudayampalayam (Village & Post), Aravakurichi (TK), Karur-639111. (2622)",BIO MEDICAL ENGINEERING (BM),153.5,137.5,,126.0,97.0,131.0,,Karur
"V S B Engineering College (Autonomous), N.H.67, Covai Road, Karudayampalayam (Village & Post), Aravakurichi (TK), Karur-639111. (2622)",BIO TECHNOLOGY (BT),170.0,138.0,119.5,135.5,128.0,,114.0,Karur
"V S B Engineering College (Autonomous), N.H.67, Covai Road, Karudayampalayam (Village & Post), Aravakurichi (TK), Karur-639111. (2622)",CHEMICAL  ENGINEERING (CH),144.5,132.5,125.5,125.0,92.0,119.5,,Karur
"V S B Engineering College (Autonomous), N.H.67, Covai Road, Karudayampalayam (Village & Post), Aravakurichi (TK), Karur-639111. (2622)",CIVIL  ENGINEERING (CE),158.0,131.5,,122.5,97.0,,,Karur
"V S B Engineering College (Autonomous), N.H.67, Covai Road, Karudayampalayam (Village & Post), Aravakurichi (TK), Karur-639111. (2622)",COMPUTER AND  COMMUNICATION ENGINEERING (CO),145.5,142.0,124.0,133.5,106.0,99.0,,Karur
"V S B Engineering College (Autonomous), N.H.67, Covai Road, Karudayampalayam (Village & Post), Aravakurichi (TK), Karur-639111. (2622)",COMPUTER SCIENCE AND BUSSINESS SYSTEM (CB),147.5,144.0,135.5,139.0,110.5,104.5,,Karur
"V S B Engineering College (Autonomous), N.H.67, Covai Road, Karudayampalayam (Village & Post), Aravakurichi (TK), Karur-639111. (2622)",COMPUTER SCIENCE AND ENGINEERING (CS),173.0,165.0,155.5,148.0,94.0,134.5,136.0,Karur
"V S B Engineering College (Autonomous), N.H.67, Covai Road, Karudayampalayam (Village & Post), Aravakurichi (TK), Karur-639111. (2622)",COMPUTER SCIENCE AND ENGINEERING (AI AND MACHINE LEARNING) (AM),154.5,146.0,129.0,136.0,96.0,168.0,,Karur
"V S B Engineering College (Autonomous), N.H.67, Covai Road, Karudayampalayam (Village & Post), Aravakurichi (TK), Karur-639111. (2622)",ELECTRICAL AND ELECTRONICS ENGINEERING (EE),147.5,142.0,161.0,132.0,104.0,117.0,,Karur
"V S B Engineering College (Autonomous), N.H.67, Covai Road, Karudayampalayam (Village & Post), Aravakurichi (TK), Karur-639111. (2622)",ELECTRONICS AND COMMUNICATION ENGINEERING (EC),159.5,149.0,124.5,134.5,94.5,130.5,133.0,Karur
"V S B Engineering College (Autonomous), N.H.67, Covai Road, Karudayampalayam (Village & Post), Aravakurichi (TK), Karur-639111. (2622)",INFORMATION TECHNOLOGY (IT),162.5,152.0,130.0,141.0,93.5,133.0,117.0,Karur
"V S B Engineering College (Autonomous), N.H.67, Covai Road, Karudayampalayam (Village & Post), Aravakurichi (TK), Karur-639111. (2622)",MECHANICAL ENGINEERING (ME),147.5,136.0,126.0,127.0,98.0,121.0,,Karur
"V V College of Engineering, V.V. Nagar, Arasur Village, Idaichivilai Post, Sathankulam Taluk, Tuticorin District, Tirunelveli-628656. (4864)",Artificial Intelligence and Data Science (AD),126.5,102.0,113.0,,118.5,,,Tirunelveli
"V V College of Engineering, V.V. Nagar, Arasur Village, Idaichivilai Post, Sathankulam Taluk, Tuticorin District, Tirunelveli-628656. (4864)",CIVIL  ENGINEERING (CE),80.0,,,,,,,Tirunelveli
"V V College of Engineering, V.V. Nagar, Arasur Village, Idaichivilai Post, Sathankulam Taluk, Tuticorin District, Tirunelveli-628656. (4864)",COMPUTER SCIENCE AND ENGINEERING (CS),144.0,129.5,114.5,104.5,104.0,,,Tirunelveli
"V V College of Engineering, V.V. Nagar, Arasur Village, Idaichivilai Post, Sathankulam Taluk, Tuticorin District, Tirunelveli-628656. (4864)",ELECTRICAL AND ELECTRONICS ENGINEERING (EE),90.5,86.0,,,,,,Tirunelveli
"V V College of Engineering, V.V. Nagar, Arasur Village, Idaichivilai Post, Sathankulam Taluk, Tuticorin District, Tirunelveli-628656. (4864)",ELECTRONICS AND COMMUNICATION ENGINEERING (EC),144.0,120.0,,124.0,,,,Tirunelveli
"V V College of Engineering, V.V. Nagar, Arasur Village, Idaichivilai Post, Sathankulam Taluk, Tuticorin District, Tirunelveli-628656. (4864)",MECHANICAL ENGINEERING (ME),80.5,,,,,,,Tirunelveli
"V.R.S. College of Engineering and Technology, Arasur & Post, Ulundurpet Taluk, Villupuram District-607107. (1421)",CIVIL  ENGINEERING (CE),95.0,82.0,,83.0,86.0,,,Villupuram
"V.R.S. College of Engineering and Technology, Arasur & Post, Ulundurpet Taluk, Villupuram District-607107. (1421)",COMPUTER SCIENCE AND ENGINEERING (CS),135.0,98.0,96.5,125.5,108.0,107.5,,Villupuram
"V.R.S. College of Engineering and Technology, Arasur & Post, Ulundurpet Taluk, Villupuram District-607107. (1421)",ELECTRICAL AND ELECTRONICS ENGINEERING (EE),107.0,81.0,,83.0,94.0,,,Villupuram
"V.R.S. College of Engineering and Technology, Arasur & Post, Ulundurpet Taluk, Villupuram District-607107. (1421)",ELECTRONICS AND COMMUNICATION ENGINEERING (EC),124.0,85.5,88.5,114.5,105.0,88.5,,Villupuram
"V.R.S. College of Engineering and Technology, Arasur & Post, Ulundurpet Taluk, Villupuram District-607107. (1421)",INFORMATION TECHNOLOGY (IT),140.5,97.5,,133.0,117.0,,,Villupuram
"V.R.S. College of Engineering and Technology, Arasur & Post, Ulundurpet Taluk, Villupuram District-607107. (1421)",MECHANICAL ENGINEERING (ME),104.0,,,88.0,87.5,,,Villupuram
"V.S.B. College of Engineering Technical Campus (Autonomous), S.F. No.91/2A,91/2B,252, 253/1, Solavampalayam Village, Kinathukadavu, Pollachi Taluk, Coimbatore District-642109. (2357)",AGRICULTURAL ENGINEERING (AG),135.5,120.5,,115.0,128.0,129.5,,Coimbatore
"V.S.B. College of Engineering Technical Campus (Autonomous), S.F. No.91/2A,91/2B,252, 253/1, Solavampalayam Village, Kinathukadavu, Pollachi Taluk, Coimbatore District-642109. (2357)",Artificial Intelligence and Data Science (AD),153.5,141.5,121.0,131.0,110.0,117.5,102.5,Coimbatore
"V.S.B. College of Engineering Technical Campus (Autonomous), S.F. No.91/2A,91/2B,252, 253/1, Solavampalayam Village, Kinathukadavu, Pollachi Taluk, Coimbatore District-642109. (2357)",COMPUTER SCIENCE AND ENGINEERING (CS),159.5,145.5,142.5,134.5,101.5,126.5,123.0,Coimbatore
"V.S.B. College of Engineering Technical Campus (Autonomous), S.F. No.91/2A,91/2B,252, 253/1, Solavampalayam Village, Kinathukadavu, Pollachi Taluk, Coimbatore District-642109. (2357)",COMPUTER SCIENCE AND ENGINEERING (AI AND MACHINE LEARNING) (AM),150.5,141.0,115.0,134.5,107.5,101.5,142.5,Coimbatore
"V.S.B. College of Engineering Technical Campus (Autonomous), S.F. No.91/2A,91/2B,252, 253/1, Solavampalayam Village, Kinathukadavu, Pollachi Taluk, Coimbatore District-642109. (2357)",ELECTRICAL AND ELECTRONICS ENGINEERING (EE),142.5,139.0,140.5,130.0,115.0,101.5,,Coimbatore
"V.S.B. College of Engineering Technical Campus (Autonomous), S.F. No.91/2A,91/2B,252, 253/1, Solavampalayam Village, Kinathukadavu, Pollachi Taluk, Coimbatore District-642109. (2357)",ELECTRONICS AND COMMUNICATION ENGINEERING (EC),154.0,142.0,110.5,132.0,101.5,109.5,116.0,Coimbatore
"V.S.B. College of Engineering Technical Campus (Autonomous), S.F. No.91/2A,91/2B,252, 253/1, Solavampalayam Village, Kinathukadavu, Pollachi Taluk, Coimbatore District-642109. (2357)",INFORMATION TECHNOLOGY (IT),153.0,142.0,142.5,140.5,96.5,140.5,,Coimbatore
"V.S.B. College of Engineering Technical Campus (Autonomous), S.F. No.91/2A,91/2B,252, 253/1, Solavampalayam Village, Kinathukadavu, Pollachi Taluk, Coimbatore District-642109. (2357)",MECHANICAL ENGINEERING (ME),134.5,127.0,130.5,114.0,93.5,86.5,,Coimbatore
"Vaigai College of Engineering, Therkutheru, Melur Taluk, Madurai-625122. (5532)",CIVIL  ENGINEERING (CE),103.5,,,,,,,Madurai
"Vaigai College of Engineering, Therkutheru, Melur Taluk, Madurai-625122. (5532)",COMPUTER SCIENCE AND ENGINEERING (CS),125.5,104.0,114.5,110.5,100.0,,,Madurai
"Vaigai College of Engineering, Therkutheru, Melur Taluk, Madurai-625122. (5532)",ELECTRICAL AND ELECTRONICS ENGINEERING (EE),97.5,,,,,,,Madurai
"Vaigai College of Engineering, Therkutheru, Melur Taluk, Madurai-625122. (5532)",ELECTRONICS AND COMMUNICATION ENGINEERING (EC),88.5,,,,,,,Madurai
"Vaigai College of Engineering, Therkutheru, Melur Taluk, Madurai-625122. (5532)",MECHANICAL ENGINEERING (ME),100.0,,,,,,,Madurai
"Vandayar Engineering College, Pulavarnatham (Post), Mariammankovil (via), Nagai Main Road, Thanjavur-613501. (3848)",Artificial Intelligence and Data Science (AD),120.0,,,,,,,Thanjavur
"Vandayar Engineering College, Pulavarnatham (Post), Mariammankovil (via), Nagai Main Road, Thanjavur-613501. (3848)",CIVIL  ENGINEERING (CE),,,,,,,,Thanjavur
"Vandayar Engineering College, Pulavarnatham (Post), Mariammankovil (via), Nagai Main Road, Thanjavur-613501. (3848)",COMPUTER SCIENCE AND ENGINEERING (CS),95.0,,,,,,,Thanjavur
"Vandayar Engineering College, Pulavarnatham (Post), Mariammankovil (via), Nagai Main Road, Thanjavur-613501. (3848)",ELECTRICAL AND ELECTRONICS ENGINEERING (EE),,,,,,,,Thanjavur
"Vandayar Engineering College, Pulavarnatham (Post), Mariammankovil (via), Nagai Main Road, Thanjavur-613501. (3848)",ELECTRONICS AND COMMUNICATION ENGINEERING (EC),101.5,,,,,,,Thanjavur
"Vandayar Engineering College, Pulavarnatham (Post), Mariammankovil (via), Nagai Main Road, Thanjavur-613501. (3848)",INFORMATION TECHNOLOGY (IT),96.0,,,,,,,Thanjavur
"Vandayar Engineering College, Pulavarnatham (Post), Mariammankovil (via), Nagai Main Road, Thanjavur-613501. (3848)",MECHANICAL ENGINEERING (ME),,,,,,,,Thanjavur
"Varuvan Vadivelan Institute of Technology, NH 7, Krishnagiri Main Road, Gundalapatty, Dharmapuri-636703. (2641)",Artificial Intelligence and Data Science (AD),120.0,101.5,,97.0,,,,Krishnagiri
"Varuvan Vadivelan Institute of Technology, NH 7, Krishnagiri Main Road, Gundalapatty, Dharmapuri-636703. (2641)",CIVIL  ENGINEERING (CE),96.0,,,,,,,Krishnagiri
"Varuvan Vadivelan Institute of Technology, NH 7, Krishnagiri Main Road, Gundalapatty, Dharmapuri-636703. (2641)",COMPUTER SCIENCE AND ENGINEERING (CS),93.0,,,83.5,,,,Krishnagiri
"Varuvan Vadivelan Institute of Technology, NH 7, Krishnagiri Main Road, Gundalapatty, Dharmapuri-636703. (2641)",ELECTRICAL AND ELECTRONICS ENGINEERING (EE),99.0,,,,,,,Krishnagiri
"Varuvan Vadivelan Institute of Technology, NH 7, Krishnagiri Main Road, Gundalapatty, Dharmapuri-636703. (2641)",ELECTRONICS AND COMMUNICATION ENGINEERING (EC),83.5,,,,,,,Krishnagiri
"Varuvan Vadivelan Institute of Technology, NH 7, Krishnagiri Main Road, Gundalapatty, Dharmapuri-636703. (2641)",INFORMATION TECHNOLOGY (IT),86.0,,,,,,,Krishnagiri
"Varuvan Vadivelan Institute of Technology, NH 7, Krishnagiri Main Road, Gundalapatty, Dharmapuri-636703. (2641)",MECHANICAL ENGINEERING (ME),87.0,,,,,,,Krishnagiri
"Veerammal Engineering College, PVP Nagar, K.Singrakottai, Dindigul-624708. (5851)",CIVIL  ENGINEERING (CE),133.5,,,,,,,Dindigul
"Veerammal Engineering College, PVP Nagar, K.Singrakottai, Dindigul-624708. (5851)",COMPUTER SCIENCE AND ENGINEERING (CS),109.5,,,,,,,Dindigul
"Veerammal Engineering College, PVP Nagar, K.Singrakottai, Dindigul-624708. (5851)",ELECTRICAL AND ELECTRONICS ENGINEERING (EE),93.0,,,,,,,Dindigul
"Veerammal Engineering College, PVP Nagar, K.Singrakottai, Dindigul-624708. (5851)",ELECTRONICS AND COMMUNICATION ENGINEERING (EC),103.0,,,,,,,Dindigul
"Vel Tech High Tech Dr.Rangarajan Dr.Sakunthala Engineering College (Autonomous), No. 60, Veltech Road, Avadi, Morai, Thiruvallur-600062. (1122)",Artificial Intelligence and Data Science (AD),163.0,155.5,157.5,152.0,139.0,129.5,,Other
"Vel Tech High Tech Dr.Rangarajan Dr.Sakunthala Engineering College (Autonomous), No. 60, Veltech Road, Avadi, Morai, Thiruvallur-600062. (1122)",BIO TECHNOLOGY (BT),145.0,125.0,100.0,113.0,97.5,,,Other
"Vel Tech High Tech Dr.Rangarajan Dr.Sakunthala Engineering College (Autonomous), No. 60, Veltech Road, Avadi, Morai, Thiruvallur-600062. (1122)",CHEMICAL  ENGINEERING (CH),146.5,101.5,138.5,120.5,96.0,,,Other
"Vel Tech High Tech Dr.Rangarajan Dr.Sakunthala Engineering College (Autonomous), No. 60, Veltech Road, Avadi, Morai, Thiruvallur-600062. (1122)",CIVIL  ENGINEERING (CE),139.0,115.5,,121.0,98.0,,,Other
"Vel Tech High Tech Dr.Rangarajan Dr.Sakunthala Engineering College (Autonomous), No. 60, Veltech Road, Avadi, Morai, Thiruvallur-600062. (1122)",COMPUTER SCIENCE AND ENGINEERING (CS),167.0,157.0,154.5,153.5,133.0,115.0,,Other
"Vel Tech High Tech Dr.Rangarajan Dr.Sakunthala Engineering College (Autonomous), No. 60, Veltech Road, Avadi, Morai, Thiruvallur-600062. (1122)",COMPUTER SCIENCE AND ENGINEERING (AI AND MACHINE LEARNING) (AM),160.5,153.0,156.5,151.0,129.5,117.5,123.0,Other
"Vel Tech High Tech Dr.Rangarajan Dr.Sakunthala Engineering College (Autonomous), No. 60, Veltech Road, Avadi, Morai, Thiruvallur-600062. (1122)",ELECTRONICS AND COMMUNICATION ENGINEERING (EC),162.0,153.5,154.0,149.0,124.5,,,Other
"Vel Tech High Tech Dr.Rangarajan Dr.Sakunthala Engineering College (Autonomous), No. 60, Veltech Road, Avadi, Morai, Thiruvallur-600062. (1122)",INFORMATION TECHNOLOGY (IT),160.0,154.0,147.5,150.5,127.5,,,Other
"Vel Tech High Tech Dr.Rangarajan Dr.Sakunthala Engineering College (Autonomous), No. 60, Veltech Road, Avadi, Morai, Thiruvallur-600062. (1122)",MECHANICAL ENGINEERING (ME),135.5,112.0,119.5,114.0,101.0,,,Other
"Vel Tech Multi Tech Dr Rangarajan Dr Sakunthala Engineering College (Autonomous), 42, Veltech Road, Avadi, Morai, Thiruvallur-600062. (1118)",Artificial Intelligence and Data Science (AD),165.0,157.5,160.0,154.5,142.5,110.0,,Other
"Vel Tech Multi Tech Dr Rangarajan Dr Sakunthala Engineering College (Autonomous), 42, Veltech Road, Avadi, Morai, Thiruvallur-600062. (1118)",BIO MEDICAL ENGINEERING (BM),148.5,126.5,141.5,102.5,119.5,,,Other
"Vel Tech Multi Tech Dr Rangarajan Dr Sakunthala Engineering College (Autonomous), 42, Veltech Road, Avadi, Morai, Thiruvallur-600062. (1118)",COMPUTER SCIENCE AND BUSSINESS SYSTEM (CB),162.5,154.5,149.0,149.5,119.5,,,Other
"Vel Tech Multi Tech Dr Rangarajan Dr Sakunthala Engineering College (Autonomous), 42, Veltech Road, Avadi, Morai, Thiruvallur-600062. (1118)",COMPUTER SCIENCE AND ENGINEERING (CS),167.5,160.5,160.0,161.0,136.0,124.5,121.5,Other
"Vel Tech Multi Tech Dr Rangarajan Dr Sakunthala Engineering College (Autonomous), 42, Veltech Road, Avadi, Morai, Thiruvallur-600062. (1118)",Computer Science and Engineering (Cyber Security) (SC),164.0,156.5,162.5,154.5,128.0,108.0,,Other
"Vel Tech Multi Tech Dr Rangarajan Dr Sakunthala Engineering College (Autonomous), 42, Veltech Road, Avadi, Morai, Thiruvallur-600062. (1118)",ELECTRICAL AND ELECTRONICS ENGINEERING (EE),151.5,144.5,142.0,141.5,113.5,99.5,,Other
"Vel Tech Multi Tech Dr Rangarajan Dr Sakunthala Engineering College (Autonomous), 42, Veltech Road, Avadi, Morai, Thiruvallur-600062. (1118)",ELECTRONICS AND COMMUNICATION ENGINEERING (EC),165.0,156.0,161.0,153.5,141.0,,,Other
"Vel Tech Multi Tech Dr Rangarajan Dr Sakunthala Engineering College (Autonomous), 42, Veltech Road, Avadi, Morai, Thiruvallur-600062. (1118)",INFORMATION TECHNOLOGY (IT),165.0,156.5,150.0,155.0,127.5,,,Other
"Vel Tech Multi Tech Dr Rangarajan Dr Sakunthala Engineering College (Autonomous), 42, Veltech Road, Avadi, Morai, Thiruvallur-600062. (1118)",MECHANICAL ENGINEERING (ME),140.0,117.5,136.5,114.0,115.5,,,Other
"Velalar College of Engineering and Technology (Autonomous), Perundurai Road Thindal Post, Erode-638012. (2723)",Artificial Intelligence and Data Science (AD),163.0,151.0,162.5,143.0,92.0,112.0,93.0,Erode
"Velalar College of Engineering and Technology (Autonomous), Perundurai Road Thindal Post, Erode-638012. (2723)",BIO MEDICAL ENGINEERING (BM),150.0,132.0,147.0,113.5,89.0,130.0,,Erode
"Velalar College of Engineering and Technology (Autonomous), Perundurai Road Thindal Post, Erode-638012. (2723)",CIVIL  ENGINEERING (CE),147.5,129.0,,116.5,107.0,,,Erode
"Velalar College of Engineering and Technology (Autonomous), Perundurai Road Thindal Post, Erode-638012. (2723)",COMPUTER SCIENCE AND ENGINEERING (CS),168.5,159.5,136.5,144.5,88.5,121.5,101.0,Erode
"Velalar College of Engineering and Technology (Autonomous), Perundurai Road Thindal Post, Erode-638012. (2723)",COMPUTER SCIENCE AND ENGINEERING (AI AND MACHINE LEARNING) (AM),157.0,149.0,154.0,134.5,123.5,,,Erode
"Velalar College of Engineering and Technology (Autonomous), Perundurai Road Thindal Post, Erode-638012. (2723)",ELECTRICAL AND ELECTRONICS ENGINEERING (EE),151.0,142.5,132.5,135.5,84.5,103.0,,Erode
"Velalar College of Engineering and Technology (Autonomous), Perundurai Road Thindal Post, Erode-638012. (2723)",ELECTRONICS AND COMMUNICATION ENGINEERING (EC),158.5,150.5,133.5,132.5,80.0,107.5,,Erode
"Velalar College of Engineering and Technology (Autonomous), Perundurai Road Thindal Post, Erode-638012. (2723)",INFORMATION TECHNOLOGY (IT),160.5,154.5,148.0,142.0,96.5,138.5,,Erode
"Velalar College of Engineering and Technology (Autonomous), Perundurai Road Thindal Post, Erode-638012. (2723)",MECHANICAL ENGINEERING (ME),133.0,114.0,,116.0,110.0,124.0,,Erode
"Velalar College of Engineering and Technology (Autonomous), Perundurai Road Thindal Post, Erode-638012. (2723)",MEDICAL ELECTRONICS (MD),137.0,118.5,,116.5,91.5,117.5,,Erode
"Velammal College of Engineering and Technology (Autonomous), Velammal Nagar, Viraganoor, Madurai -625009. (5986)",Artificial Intelligence and Data Science (AD),181.0,175.5,172.5,162.5,124.5,116.0,,Madurai
"Velammal College of Engineering and Technology (Autonomous), Velammal Nagar, Viraganoor, Madurai -625009. (5986)",CIVIL  ENGINEERING (CE),148.0,131.5,138.0,95.0,95.0,,,Madurai
"Velammal College of Engineering and Technology (Autonomous), Velammal Nagar, Viraganoor, Madurai -625009. (5986)",COMPUTER SCIENCE AND ENGINEERING (CS),186.0,182.5,182.5,173.0,139.5,124.0,,Madurai
"Velammal College of Engineering and Technology (Autonomous), Velammal Nagar, Viraganoor, Madurai -625009. (5986)",Computer Science and Engineering (Cyber Security) (SC),176.5,173.5,172.5,154.0,121.5,,,Madurai
"Velammal College of Engineering and Technology (Autonomous), Velammal Nagar, Viraganoor, Madurai -625009. (5986)",ELECTRICAL AND ELECTRONICS ENGINEERING (EE),171.5,166.0,163.5,144.5,113.0,,,Madurai
"Velammal College of Engineering and Technology (Autonomous), Velammal Nagar, Viraganoor, Madurai -625009. (5986)",ELECTRONICS AND COMMUNICATION ENGINEERING (EC),178.5,173.5,176.0,160.5,84.0,142.0,,Madurai
"Velammal College of Engineering and Technology (Autonomous), Velammal Nagar, Viraganoor, Madurai -625009. (5986)",Electronics Engineering (VLSI Design and Technology) (EV),170.5,163.5,164.5,152.5,107.5,,,Madurai
"Velammal College of Engineering and Technology (Autonomous), Velammal Nagar, Viraganoor, Madurai -625009. (5986)",INFORMATION TECHNOLOGY (IT),178.5,176.0,174.5,162.0,116.5,113.5,,Madurai
"Velammal College of Engineering and Technology (Autonomous), Velammal Nagar, Viraganoor, Madurai -625009. (5986)",MECHANICAL ENGINEERING (ME),163.0,154.0,147.5,108.5,105.0,,,Madurai
"Velammal Engineering College (Autonomous), Velammal Nagar, Ambattur-Redhills Road, Surapet, Thiruvallur, Chennai-600066. (1120)",Artificial Intelligence and Data Science (AD),167.5,161.0,161.5,159.0,131.5,,155.5,Chennai
"Velammal Engineering College (Autonomous), Velammal Nagar, Ambattur-Redhills Road, Surapet, Thiruvallur, Chennai-600066. (1120)",AUTOMOBILE ENGINEERING (AU),158.5,124.5,,98.0,99.0,,,Chennai
"Velammal Engineering College (Autonomous), Velammal Nagar, Ambattur-Redhills Road, Surapet, Thiruvallur, Chennai-600066. (1120)",CIVIL  ENGINEERING (CE),159.0,131.0,115.5,114.5,,,88.0,Chennai
"Velammal Engineering College (Autonomous), Velammal Nagar, Ambattur-Redhills Road, Surapet, Thiruvallur, Chennai-600066. (1120)",COMPUTER SCIENCE AND ENGINEERING (CS),173.0,163.5,161.5,159.0,132.0,118.0,94.5,Chennai
"Velammal Engineering College (Autonomous), Velammal Nagar, Ambattur-Redhills Road, Surapet, Thiruvallur, Chennai-600066. (1120)",Computer Science and Engineering (Cyber Security) (SC),166.0,159.0,160.0,155.5,128.5,,,Chennai
"Velammal Engineering College (Autonomous), Velammal Nagar, Ambattur-Redhills Road, Surapet, Thiruvallur, Chennai-600066. (1120)",ELECTRICAL AND ELECTRONICS ENGINEERING (EE),162.5,149.0,159.0,151.0,120.5,,,Chennai
"Velammal Engineering College (Autonomous), Velammal Nagar, Ambattur-Redhills Road, Surapet, Thiruvallur, Chennai-600066. (1120)",ELECTRONICS AND COMMUNICATION ENGINEERING (EC),166.0,158.0,153.5,154.5,118.5,,,Chennai
"Velammal Engineering College (Autonomous), Velammal Nagar, Ambattur-Redhills Road, Surapet, Thiruvallur, Chennai-600066. (1120)",ELECTRONICS AND INSTRUMENTATION ENGINEERING (EI),155.5,145.5,142.5,146.5,103.0,,,Chennai
"Velammal Engineering College (Autonomous), Velammal Nagar, Ambattur-Redhills Road, Surapet, Thiruvallur, Chennai-600066. (1120)",INFORMATION TECHNOLOGY (IT),168.0,160.0,163.5,157.0,128.0,,112.5,Chennai
"Velammal Engineering College (Autonomous), Velammal Nagar, Ambattur-Redhills Road, Surapet, Thiruvallur, Chennai-600066. (1120)",MECHANICAL ENGINEERING (ME),149.0,135.0,116.0,128.5,105.5,,,Chennai
"Velammal Institute of Technology, Chennai - Kolkatta Highway, Pancheeti Village, Ponneri Taluk, Thiruvallur District-601204. (1237)",Artificial Intelligence and Data Science (AD),158.5,151.0,152.0,142.0,117.0,,,Chennai
"Velammal Institute of Technology, Chennai - Kolkatta Highway, Pancheeti Village, Ponneri Taluk, Thiruvallur District-601204. (1237)",COMPUTER SCIENCE AND ENGINEERING (CS),158.5,147.5,145.0,143.5,109.0,130.0,,Chennai
"Velammal Institute of Technology, Chennai - Kolkatta Highway, Pancheeti Village, Ponneri Taluk, Thiruvallur District-601204. (1237)",ELECTRICAL AND ELECTRONICS ENGINEERING (EE),142.5,131.0,,136.5,102.5,,,Chennai
"Velammal Institute of Technology, Chennai - Kolkatta Highway, Pancheeti Village, Ponneri Taluk, Thiruvallur District-601204. (1237)",ELECTRONICS AND COMMUNICATION ENGINEERING (EC),155.5,144.0,132.0,142.0,106.0,,,Chennai
"Velammal Institute of Technology, Chennai - Kolkatta Highway, Pancheeti Village, Ponneri Taluk, Thiruvallur District-601204. (1237)",INFORMATION TECHNOLOGY (IT),158.0,145.5,144.0,142.5,108.5,,,Chennai
"Velammal Institute of Technology, Chennai - Kolkatta Highway, Pancheeti Village, Ponneri Taluk, Thiruvallur District-601204. (1237)",MECHANICAL ENGINEERING (ME),121.0,91.5,,114.5,104.5,,,Chennai
"Velammal Institute of Technology, Chennai - Kolkatta Highway, Pancheeti Village, Ponneri Taluk, Thiruvallur District-601204. (1237)",Mechatronics Engineering (MZ),132.0,108.5,,110.0,115.5,,,Chennai
"Vetri Vinayaha College of Engineering and Technology, Tholurpatti, Thottiam, Tiruchirappalli-621215. (3850)",Artificial Intelligence and Data Science (AD),,,,,,,,Tiruchirappalli
"Vetri Vinayaha College of Engineering and Technology, Tholurpatti, Thottiam, Tiruchirappalli-621215. (3850)",COMPUTER SCIENCE AND ENGINEERING (CS),,,,,,,,Tiruchirappalli
"Vetri Vinayaha College of Engineering and Technology, Tholurpatti, Thottiam, Tiruchirappalli-621215. (3850)",ELECTRICAL AND ELECTRONICS ENGINEERING (EE),,,,,,,,Tiruchirappalli
"Vetri Vinayaha College of Engineering and Technology, Tholurpatti, Thottiam, Tiruchirappalli-621215. (3850)",ELECTRONICS AND COMMUNICATION ENGINEERING (EC),,,,,,,,Tiruchirappalli
"Vetri Vinayaha College of Engineering and Technology, Tholurpatti, Thottiam, Tiruchirappalli-621215. (3850)",INFORMATION TECHNOLOGY (IT),96.5,,,89.5,,,,Tiruchirappalli
"Vetri Vinayaha College of Engineering and Technology, Tholurpatti, Thottiam, Tiruchirappalli-621215. (3850)",MECHANICAL ENGINEERING (ME),,,,,,,,Tiruchirappalli
"Vidyaa Vikas College of Engineering and Technology, Varahoorampatti Village, Tiruchengode Taluk, Namakkal-637214. (2633)",Artificial Intelligence and Data Science (AD),117.5,94.0,,,96.0,,,Namakkal
"Vidyaa Vikas College of Engineering and Technology, Varahoorampatti Village, Tiruchengode Taluk, Namakkal-637214. (2633)",COMPUTER SCIENCE AND ENGINEERING (CS),83.0,,,,,,,Namakkal
"Vidyaa Vikas College of Engineering and Technology, Varahoorampatti Village, Tiruchengode Taluk, Namakkal-637214. (2633)",Computer Science and Engineering (Cyber Security) (SC),80.0,,,,,,,Namakkal
"Vidyaa Vikas College of Engineering and Technology, Varahoorampatti Village, Tiruchengode Taluk, Namakkal-637214. (2633)",ELECTRICAL AND ELECTRONICS ENGINEERING (EE),110.0,,,,,,,Namakkal
"Vidyaa Vikas College of Engineering and Technology, Varahoorampatti Village, Tiruchengode Taluk, Namakkal-637214. (2633)",ELECTRONICS AND COMMUNICATION ENGINEERING (EC),84.0,,,,,,,Namakkal
"Vidyaa Vikas College of Engineering and Technology, Varahoorampatti Village, Tiruchengode Taluk, Namakkal-637214. (2633)",MECHANICAL ENGINEERING (ME),,,,,,,,Namakkal
"Vins Christian College of Engineering, Vins Nagar, Chunkankadai, Nagercoil, Kanyakumari-629807. (4982)",Artificial Intelligence and Data Science (AD),84.5,,,,,,,Other
"Vins Christian College of Engineering, Vins Nagar, Chunkankadai, Nagercoil, Kanyakumari-629807. (4982)",CIVIL  ENGINEERING (CE),,,,,,,,Other
"Vins Christian College of Engineering, Vins Nagar, Chunkankadai, Nagercoil, Kanyakumari-629807. (4982)",COMPUTER SCIENCE AND ENGINEERING (CS),113.0,94.5,,94.5,,88.5,,Other
"Vins Christian College of Engineering, Vins Nagar, Chunkankadai, Nagercoil, Kanyakumari-629807. (4982)",COMPUTER SCIENCE AND ENGINEERING (AI AND MACHINE LEARNING) (AM),107.0,,,,,,,Other
"Vins Christian College of Engineering, Vins Nagar, Chunkankadai, Nagercoil, Kanyakumari-629807. (4982)",Computer Science and Engineering (Cyber Security) (SC),85.0,,,,,,,Other
"Vins Christian College of Engineering, Vins Nagar, Chunkankadai, Nagercoil, Kanyakumari-629807. (4982)",ELECTRICAL AND ELECTRONICS ENGINEERING (EE),143.0,,,,,,,Other
"Vins Christian College of Engineering, Vins Nagar, Chunkankadai, Nagercoil, Kanyakumari-629807. (4982)",ELECTRONICS AND COMMUNICATION ENGINEERING (EC),92.5,,,,,,,Other
"Vins Christian College of Engineering, Vins Nagar, Chunkankadai, Nagercoil, Kanyakumari-629807. (4982)",MECHANICAL ENGINEERING (ME),85.5,,,,,,,Other
"Vishnu Lakshmi College of Engineering and Technology, 10/1,Kambar Street, Kanjikonampalayam, Vellalore(PO), Coimbatore-641111. (2368)",CIVIL  ENGINEERING (CE),127.0,,,,,,,Coimbatore
"Vishnu Lakshmi College of Engineering and Technology, 10/1,Kambar Street, Kanjikonampalayam, Vellalore(PO), Coimbatore-641111. (2368)",COMPUTER SCIENCE AND ENGINEERING (CS),,,,,,,,Coimbatore
"Vishnu Lakshmi College of Engineering and Technology, 10/1,Kambar Street, Kanjikonampalayam, Vellalore(PO), Coimbatore-641111. (2368)",ELECTRICAL AND ELECTRONICS ENGINEERING (EE),,,,,,,,Coimbatore
"Vishnu Lakshmi College of Engineering and Technology, 10/1,Kambar Street, Kanjikonampalayam, Vellalore(PO), Coimbatore-641111. (2368)",ELECTRONICS AND COMMUNICATION ENGINEERING (EC),,,,,,,,Coimbatore
"Vishnu Lakshmi College of Engineering and Technology, 10/1,Kambar Street, Kanjikonampalayam, Vellalore(PO), Coimbatore-641111. (2368)",MECHANICAL ENGINEERING (ME),,,,,,,,Coimbatore
"Vivekanandha College of Engineering for Women (Autonomous), Sathiyanaickenpalayam Village, Elayampalayam, Tiruchengode, Namakkal District-637205. (2620)",AGRICULTURAL ENGINEERING (AG),128.5,110.0,,119.0,113.5,117.0,,Namakkal
"Vivekanandha College of Engineering for Women (Autonomous), Sathiyanaickenpalayam Village, Elayampalayam, Tiruchengode, Namakkal District-637205. (2620)",Artificial Intelligence and Data Science (AD),171.5,161.0,,142.0,93.5,149.0,,Namakkal
"Vivekanandha College of Engineering for Women (Autonomous), Sathiyanaickenpalayam Village, Elayampalayam, Tiruchengode, Namakkal District-637205. (2620)",BIO MEDICAL ENGINEERING (BM),146.5,131.5,122.5,124.0,134.5,146.0,134.0,Namakkal
"Vivekanandha College of Engineering for Women (Autonomous), Sathiyanaickenpalayam Village, Elayampalayam, Tiruchengode, Namakkal District-637205. (2620)",BIO TECHNOLOGY (BT),144.5,122.5,121.5,126.5,108.5,143.5,,Namakkal
"Vivekanandha College of Engineering for Women (Autonomous), Sathiyanaickenpalayam Village, Elayampalayam, Tiruchengode, Namakkal District-637205. (2620)",CIVIL  ENGINEERING (CE),123.0,109.0,115.5,110.0,109.5,111.0,,Namakkal
"Vivekanandha College of Engineering for Women (Autonomous), Sathiyanaickenpalayam Village, Elayampalayam, Tiruchengode, Namakkal District-637205. (2620)",COMPUTER SCIENCE AND ENGINEERING (CS),163.5,143.0,136.5,131.0,86.5,103.0,119.0,Namakkal
"Vivekanandha College of Engineering for Women (Autonomous), Sathiyanaickenpalayam Village, Elayampalayam, Tiruchengode, Namakkal District-637205. (2620)",Computer Science and Technology (TS),154.0,141.5,136.5,130.0,106.5,87.5,,Namakkal
"Vivekanandha College of Engineering for Women (Autonomous), Sathiyanaickenpalayam Village, Elayampalayam, Tiruchengode, Namakkal District-637205. (2620)",ELECTRICAL AND ELECTRONICS ENGINEERING (EE),136.0,121.5,,128.0,109.5,116.5,119.5,Namakkal
"Vivekanandha College of Engineering for Women (Autonomous), Sathiyanaickenpalayam Village, Elayampalayam, Tiruchengode, Namakkal District-637205. (2620)",ELECTRONICS AND COMMUNICATION ENGINEERING (EC),151.0,137.5,109.5,131.0,110.5,131.0,105.0,Namakkal
"Vivekanandha College of Engineering for Women (Autonomous), Sathiyanaickenpalayam Village, Elayampalayam, Tiruchengode, Namakkal District-637205. (2620)",INFORMATION TECHNOLOGY (IT),162.0,142.0,143.5,134.0,84.5,105.5,,Namakkal
